{"paper_id": "00b8c7102a45f668b7e1367f858738079ee31fa1", "metadata": {"title": "Quantitative analysis and chromatographic fingerprinting for the quality evaluation of Scutellaria baicalensis Georgi using capillary electrophoresis", "authors": [{"first": "Ke", "middle": [], "last": "Yu", "suffix": "", "affiliation": {"laboratory": "", "institution": "Zhejiang University", "location": {"postCode": "310027", "settlement": "Hangzhou", "country": "China"}}, "email": ""}, {"first": "Yifei", "middle": [], "last": "Gong", "suffix": "", "affiliation": {"laboratory": "", "institution": "Zhejiang University", "location": {"postCode": "310027", "settlement": "Hangzhou", "country": "China"}}, "email": ""}, {"first": "Zhongying", "middle": [], "last": "Lin", "suffix": "", "affiliation": {"laboratory": "", "institution": "Zhejiang University", "location": {"postCode": "310027", "settlement": "Hangzhou", "country": "China"}}, "email": ""}, {"first": "Yiyu", "middle": [], "last": "Cheng", "suffix": "", "affiliation": {"laboratory": "", "institution": "Zhejiang University", "location": {"postCode": "310027", "settlement": "Hangzhou", "country": "China"}}, "email": ""}]}, "abstract": [{"text": "Quantitative analysis and chromatographic fingerprinting for the quality evaluation of a Chinese herb Scutellaria baicalensis Georgi using capillary electrophoresis (CE) technique was developed. The separation was performed with a 50.0 cm (42.0 cm to the detector window) \u00d7 75 m i.d. fused-silica capillary, and the CE fingerprint condition was optimized using the combination of central composite design and multivariate analysis. The optimized buffer system containing 15 mM borate, 40 mM phosphate, 15 mM SDS, 15% (v/v) acetonitrile and 7.5% (v/v) 2-propanol was employed for the method development, and the baseline separation was achieved within 15 min. The determination of the major active components (Baicalin, Baicalein and Wogonin) was carried out using the optimized CE condition. Good linear relationships were provided over the investigated concentration ranges (the values of R 2 : 0.9997 for Baicalin, 0.9992 for Baicalein, and 0.9983 for Wogonin, respectively). The average recoveries of these target components ranged between 96.1-105.6%, 98.6-105.2%, and 96.3-105.0%, respectively. CE fingerprints combined with the quantitative analysis can be used for the quality evaluation of S. baicalensis.", "cite_spans": [], "ref_spans": [], "section": "Abstract"}], "body_text": [{"text": "Herbal medicines have a long history in medical practice and health care especially in some Asian and African countries. During the last two decades, herbal medicines have expanded globally and gained considerable attention because of low toxicity and good therapeutical performance [1] . Unfortunately, the quantification and quality of safety and efficacy data about the herbal medicines are far from sufficiency to satisfy the regulation supporting the world widely uses of these medicines. One of the main reasons lies on the lack of reliable and acceptable strategy for the quality evaluation of the herbal medicines [2] [3] [4] [5] .", "cite_spans": [{"start": 283, "end": 286, "text": "[1]", "ref_id": null}, {"start": 622, "end": 625, "text": "[2]", "ref_id": "BIBREF1"}, {"start": 626, "end": 629, "text": "[3]", "ref_id": null}, {"start": 630, "end": 633, "text": "[4]", "ref_id": "BIBREF3"}, {"start": 634, "end": 637, "text": "[5]", "ref_id": "BIBREF4"}], "ref_spans": [], "section": "Introduction"}, {"text": "Generally, the current existing approaches for the quality evaluation of the herbal medicines come from a long-standing practice used on western medicines. However, for the herbal medicines the safety and efficacy are not just attributed to one or several particular compounds, because it is well known that a herbal medicine is one complex mixture containing dozens, even hundreds of chemical components which are usually responsible for the therapeutic effects. Furthermore, the interactions among these components make their relationship to the safety and efficacy much more complicated than that occurs in the western medicines. Therefore, quality evaluation of the herbal medicines, unlike that of the western medicines, is beyond the ability of routine analysis, which focuses on the single or a few marker components. Taking into account the direct quantification of as many as possible components is in common thought to evaluate the quality of the herbal medicines. However, it would be impossible because most reference components are not commercially available; moreover, most of the herbal medicines are so complex that the procedure of separation, identification and determination of numbers of components is rather tedious for the pharmaceutical quality evaluation.", "cite_spans": [], "ref_spans": [], "section": "Introduction"}, {"text": "Chromatographic fingerprinting emphasizes on the systemic characterization of composition of the complex chemical mixture and appears to offer a more logical tool for the quality evaluation of the herbal medicines [6] [7] [8] [9] [10] . Nowadays, this technique has been suggested to check the authenticity or quality evaluation of the herbal medicines by WHO [11] , and it is also required by the State Food and Drug Administration of China to standardize the injections made from the herbal medicines [12] . High-performance liquid chromatography (HPLC) is the commonly used technique for fingerprinting due to its high resolution, reproducibility and reliability [6] [7] [8] [9] [10] [13] [14] [15] . Capillary electrophoresis (CE) is becoming increasingly recognized as an important separation technique, due to its high resolution, small sample volumes, extraordinary small solvents consumption and rapid separation with high efficiency. Recently, several studies on the chromatographic fingerprinting using CE technique have been reported [16] [17] [18] .", "cite_spans": [{"start": 214, "end": 217, "text": "[6]", "ref_id": null}, {"start": 218, "end": 221, "text": "[7]", "ref_id": null}, {"start": 222, "end": 225, "text": "[8]", "ref_id": null}, {"start": 226, "end": 229, "text": "[9]", "ref_id": null}, {"start": 230, "end": 234, "text": "[10]", "ref_id": null}, {"start": 360, "end": 364, "text": "[11]", "ref_id": "BIBREF10"}, {"start": 503, "end": 507, "text": "[12]", "ref_id": "BIBREF11"}, {"start": 666, "end": 669, "text": "[6]", "ref_id": null}, {"start": 670, "end": 673, "text": "[7]", "ref_id": null}, {"start": 674, "end": 677, "text": "[8]", "ref_id": null}, {"start": 678, "end": 681, "text": "[9]", "ref_id": null}, {"start": 682, "end": 686, "text": "[10]", "ref_id": null}, {"start": 687, "end": 691, "text": "[13]", "ref_id": null}, {"start": 692, "end": 696, "text": "[14]", "ref_id": null}, {"start": 697, "end": 701, "text": "[15]", "ref_id": null}, {"start": 1045, "end": 1049, "text": "[16]", "ref_id": null}, {"start": 1050, "end": 1054, "text": "[17]", "ref_id": null}, {"start": 1055, "end": 1059, "text": "[18]", "ref_id": null}], "ref_spans": [], "section": "Introduction"}, {"text": "Scutellaria baicalensis Georgi (Labiatae) is one commonly used herbal medicine in China and other East Asian countries, and it has been officially listed in the Chinese Pharmacopoeia for a long time [19] . Its root has been used for the treatment of bronchitis, hepatitis, tumors, and inflammatory diseases. Some concentrated composite herbal preparations containing this herb as a major ingredient are widely used in China [19] . The main active components are many kinds of flavones compounds such as Baicalin, Baicalein and Wogonin (their chemical structures have been presented in Fig. 1 ). Baicalin is the most abundant component, and it has anti-inflammatory [20] , anti-HIV [21] , anti-tumor [22] and anti-SARS coronavirus effects [23] . The activity of baicalein is similar with that of baicalin. Wogonin possesses anti-respiratory syncytial virus [24] and anti-tumor effects [22] .", "cite_spans": [{"start": 199, "end": 203, "text": "[19]", "ref_id": "BIBREF18"}, {"start": 424, "end": 428, "text": "[19]", "ref_id": "BIBREF18"}, {"start": 665, "end": 669, "text": "[20]", "ref_id": null}, {"start": 681, "end": 685, "text": "[21]", "ref_id": null}, {"start": 699, "end": 703, "text": "[22]", "ref_id": null}, {"start": 738, "end": 742, "text": "[23]", "ref_id": null}, {"start": 856, "end": 860, "text": "[24]", "ref_id": null}, {"start": 884, "end": 888, "text": "[22]", "ref_id": null}], "ref_spans": [{"start": 585, "end": 591, "text": "Fig. 1", "ref_id": "FIGREF0"}], "section": "Introduction"}, {"text": "Although chromatographic fingerprinting can provide the global chemical patterns of a herbal medicine through the form of a chromatogram, quantitative analysis of markers or of substance with known therapeutic activity will also provide useful information for the quality evaluation of the herbal medicines [4, 25] . The phenolics of the crude extract of S. baicalensis were ever examined by micellar electrokinetic chromatography (MEKC) with UV-DAD [26] , and two trihydroxyflavones compounds were separated. In the present study, quantitative analysis and chromatographic fingerprint with CE technique was developed for the quality evaluation of S. baicalensis. The roots of S. baicalensis (34 samples in all), collected from different geographical origins of China, were analyzed. The combination of central composite design and multivariate analysis was employed to find an optimal CE condition. Three active components (Baicalin, Baicalein and Wogonin) were determined with the optimized CE condition. As a result, the combination of quantitative analysis and chromatographic fingerprinting offers more valuable information for the quality evaluation of the herbal medicines.", "cite_spans": [{"start": 307, "end": 310, "text": "[4,", "ref_id": "BIBREF3"}, {"start": 311, "end": 314, "text": "25]", "ref_id": null}, {"start": 450, "end": 454, "text": "[26]", "ref_id": "BIBREF25"}], "ref_spans": [], "section": "Introduction"}, {"text": "All the CE experiments were performed on a HP 3D CE system (Agilent Technologies, Waldbronn, Germany) equipped with a diode-array detector. Instrumental control and data acquisition were conducted with CE ChemStation software (Agilent Technologies). Capillary electrophoresis was performed using a 50 cm (42 cm from the inlet to the detector) \u00d7 75 m i.d. fused-silica capillary (Yongnian Photoconductive Fiber Factory, Hebei, China). Matlab 7.0 (The Mathworks, Natick, USA) was used for the data treatment. Computer-aided similarity evaluation system for chromatographic fingerprints (SFDA, China), programming by C language and Visual Basic, was used for the similarity analysis.", "cite_spans": [], "ref_spans": [], "section": "Instrumentation"}, {"text": "Baicalin, Baicalein and Wogonin were all purchased from National Institute for the Control of Pharmaceutical and Biological Products (Beijing, China). Stock standard solutions were prepared with HPLC grade methanol from Merck (Darmstadt, Germany), and stored at 4 \u2022 C. Working standard solutions were prepared by diluting with an appropriate volume of methanol to the desired concentrations. Sodium dodecyl sulphate (SDS) was purchased from Sigma (St. Louis, MO, USA). Both acetonitrile and 2-propanol, used as the organic modifiers, were HPLC grade and purchased from Merck. Borate and phosphate were of analytical grade and purchased from Hangzhou Reagent Company (Zhejiang, China). Other reagents were all of analytical grade. Water used throughout the experiments was generated by a Milli-Q academic water purification system (Milford, MA, USA). ", "cite_spans": [], "ref_spans": [], "section": "Chemicals"}, {"text": "Thirty-four raw herb samples from nine different provinces of China were investigated in this study ( Table 1 ). All of them were identified by Associate Professor Xin-yue Xiao and Associate Chief Pharmacist Ji Zhang (National Institute for the Control of Pharmaceutical and Biological Products, China) according to their morphological characteristics. The samples were stored in the laboratory of Department of Chinese Medicine Science and Engineering, Zhejiang University, China.", "cite_spans": [], "ref_spans": [{"start": 102, "end": 109, "text": "Table 1", "ref_id": "TABREF0"}], "section": "Materials"}, {"text": "A 1.0 g powder of dried materials was extracted with 10.0 mL ethanol aqueous solution (70%, v/v) in an ultrasonic water bath for 30 min. The extract was repeated twice; then, the extracted solutions were combined together and filtrated through analytical filter papers. After centrifugation (10 000 rpm for 5 min), the supernatant was collected and diluted with ethanol aqueous solution (70%, v/v) to 50 mL. Each sample was prepared with the protocol mentioned above for CE analysis. All solutions were ultrasonically degassed and filtered through a 0.45 m syringe filter before injection. ", "cite_spans": [], "ref_spans": [], "section": "Sample preparation"}, {"text": "Prior to the first use, the new capillary was conditioned with 1 M NaOH for 30 min and 0.1 M NaOH for 10 min, followed by the demineralized water for 5 min and the running buffer for 5 min, respectively. Between runs, the capillary was washed with 0.1 M NaOH for 1 min, followed by the demineralized water for 1 min, and then equilibrated with the running buffer for 2 min. Each day, the capillary was first conditioned by flushing with 1 M NaOH for 10 min and the demineralized water for 10 min, respectively. The capillary was reconditioned with 1 M NaOH for 3 min and the demineralized water for 2 min after every five runs. The running buffer was refreshed after every five runs to ensure the good reproducibility. Electrophoretogram was obtained with a wavelength set at 280 nm [19] . The sample solution was injected hydrodynamically at 30 mbar for 3 s.", "cite_spans": [{"start": 783, "end": 787, "text": "[19]", "ref_id": "BIBREF18"}], "ref_spans": [], "section": "Electrophoretic procedures"}, {"text": "The raw material of S. baicalensis from Inner Mongolia (sample no.: 04) was used as a typical sample for the optimization procedure. Preliminary experiments with different buffers showed that capillary zone electrophoresis (CZE) gave poor resolution, due to the fact that most components in this raw material were chemically in neutral character. Therefore, micellar electrokinetic capillary chromatography (MEKC) mode was employed for the further investigation. The mixture of 20 mM borate and 30 mM phosphate was chosen as the aqueous buffer because it provided a relative better separation. SDS was chosen as the surfactant. Organic modifiers were commonly used for method development of MEKC. It was shown that the simultaneous addition of acetonitrile and 2-propanol into the buffer offered a better separation. However, some components were still not well separated, and the running time (about 25 min) was too long for CE analysis. The preliminary studies showed that the separation of multiple components in the sample solution was sensitive to the experimental conditions, especially to the applied buffer system.", "cite_spans": [], "ref_spans": [], "section": "Preliminary investigations"}, {"text": "Five experimental parameters, including the concentration of borate and phosphate, the concentration of SDS, the proportions of acetonitrile and 2-propanol in the buffer, were selected for the experimental design. These five factors displayed much more pronounced effects on the performance of separation compared to the temperature, voltage and injection condition. Considering the quality and time of the separation, the applied voltage, temperature and pressure injection condition were set at 20 kV, 25 \u2022 C and 30 mbar \u00d7 3 s, respectively.", "cite_spans": [], "ref_spans": [], "section": "Central composite design"}, {"text": "The central composite design (CCD) was performed to systemically investigate the effects of the selected five factors on the performance of separation. The upper and lower levels of the factors shown in Table 2 were determined by the preliminary experiments. The star points were located at +\u03b1 and \u2212\u03b1 away from the centroid in the experimental domain. The axial distance \u03b1 set at 2 was in order to establish the rotatability condition. Thus, this design could equally generate information in all directions. The experimental conditions of CCD and the corresponding resolutions of main co-possessing peaks in the chromatogram were presented in Table 3 . Total 33 experiments were involved in the matrix of CCD including 7 additional experiments carried out at the centre point to estimate the overall error. The experiments were performed randomly in order to avoid systematic error.", "cite_spans": [], "ref_spans": [{"start": 203, "end": 210, "text": "Table 2", "ref_id": "TABREF1"}, {"start": 643, "end": 650, "text": "Table 3", "ref_id": null}], "section": "Central composite design"}, {"text": "The CCD design permits the response surface to be modeled by fitting the second-order regression models, which can be shown as", "cite_spans": [], "ref_spans": [], "section": "Multivariate analysis"}, {"text": "where b is the regression coefficient, n the number of the variables, and E is the experimental error. The square term of each variable describes the non-linear effects on the responses, while the cross terms of two different variables exhibit their interaction effects. The regression coefficient plots with confidence intervals for all six responses were shown in Fig. 2 . The coefficients of the models described the relationship between the variables and the corresponding response. In this study, the effect of a variable was denoted by a coefficient bar and the 95% confidence limits of an error bar. A regression coefficient smaller than the error bar interval indicated that the variation in the response caused by the change in that variable was smaller than that of the experimental error, which meant that the effect of that variable could be considered to be negligible. The positive or negative coefficient in the chart showed that the corresponding variable possessed a positive or negative effect on the response, respectively.", "cite_spans": [], "ref_spans": [{"start": 366, "end": 372, "text": "Fig. 2", "ref_id": "FIGREF1"}], "section": "Multivariate analysis"}, {"text": "The developed quadratic models could be visualized in the three-dimensional response surfaces through mapping against two significant variables while the others kept constant. The response surfaces for the resolutions of six critical peak pairs shown in Fig. 3 were developed according to the regression coefficient plots (shown in Fig. 2 ). For the selection of the overall optimal point, balancing of all these effects was necessary. For example, even though high resolution Rs 1/2 was obtained at high concentration of borate or phosphate, a poor separation of the other components would be given. Table 3 Experimental parameters for CCD and the corresponding responses No.", "cite_spans": [], "ref_spans": [{"start": 254, "end": 260, "text": "Fig. 3", "ref_id": "FIGREF2"}, {"start": 332, "end": 338, "text": "Fig. 2", "ref_id": "FIGREF1"}, {"start": 601, "end": 608, "text": "Table 3", "ref_id": null}], "section": "Multivariate analysis"}, {"text": "Variables Responses ", "cite_spans": [], "ref_spans": [], "section": "Multivariate analysis"}, {"text": "Considering the total resolution of the CE separation and the running time, the optimal buffer system containing 15 mM borate, 40 mM phosphate, 15 mM SDS, 15% acetonitrile and 7.5% 2-propanol was employed for the analysis. The typical MEKC chromatograms of the standard and sample solutions using the optimized buffer condition were shown in Fig. 4 . The peaks of Baicalin, Baicalein and Wogonin presented in the chromatogram of the sample solutions were identified by comparing the mobility times and the characteristic of the UV spectra of the peaks with those presented in the standard solution.", "cite_spans": [], "ref_spans": [{"start": 342, "end": 348, "text": "Fig. 4", "ref_id": "FIGREF3"}], "section": "Optimized result"}, {"text": "The repeatability of the developed MEKC method was expressed as relative standard deviation (R.S.D.). Both the injection repeatability and analysis repeatability were investigated, and both the R.S.D. values of migration time and peak areas of the co-possessing peaks in the MEKC profiles were calculated. The injection repeatability was carried out by the injection of continuous 6 times using the same sample, while the analysis repeatability was examined by the injection of 6 samples, which were prepared using the same sample preparation procedure. The R.S.D. value of analysis repeatability (below 9.0%) was a little higher than that of the injection repeatability (below 5.0%), and it should be attributed to some error introduced in the sample preparation steps.", "cite_spans": [], "ref_spans": [], "section": "Injection repeatability and analysis repeatability"}, {"text": "The intra-assay precision was performed by analyzing the sample solutions with the interval of 4 h in 1 day, and the inter-assay precision was examined over 6 days by the analysis of the samples prepared each day. The R.S.D. values of the peak areas of the investigated chromatographic peaks in the intra-assay and inter-assay examinations were both below 9.0%. The result showed that a satisfactory precision was obtained for the separation of multiple components by the developed method.", "cite_spans": [], "ref_spans": [], "section": "Intra-day and inter-day precision"}, {"text": "A series of the standard mixture solutions of Baicalin, Baicalein and Wogonin were used to determine the linearity and the linearity range of the analytes in the developed method. The calibration curves for these components were assessed at 7 concentration levels. Triplicate injections were performed at each concentration and the average value was used to establish the standard curves. The linearity of each standard curve was confirmed by plotting the peak area (y) and the corresponding concentration (x, mg/L) of the analyte. The linear regression Table 4 .", "cite_spans": [], "ref_spans": [{"start": 554, "end": 561, "text": "Table 4", "ref_id": "TABREF3"}], "section": "Linearity, range and limits of detection"}, {"text": "Because of the complexity of the herbal medicines, there has neither a standard method for the determination of these active components nor a standard reference. Therefore, recovery of the standard from samples is generally used to evaluate the accuracy of the newly developed method. The recoveries of this method for three investigated components at three concentration levels were from 96.1% to 105.6% with the R.S.D. value below 5.1%. ", "cite_spans": [], "ref_spans": [], "section": "Recovery test"}, {"text": "The developed MEKC method was applied to the determination of Baicalin, Baicalein and Wogonin in the herb samples collected from the different geographical origins of China. The results (shown in Table 5 ) were corresponding to those of previous HPLC study [27] . However, optimization of a MEKC method for the separation of the complex chemical systems was much easier than that of HPLC. In addition, the analysis efficiency of MEKC was higher than that of HPLC, while the consumption of both reagent and solvent by MEKC was much smaller. Therefore, the developed MEKC method was more applicable to the quantitative analysis of these active components contained in the herb samples investigated. The analytical result showed that there were large variations in the contents of these three active components among the investigated herb samples. These variations might be due to the different cultivation, storage methods, species and geographical origins of these herb samples.", "cite_spans": [{"start": 257, "end": 261, "text": "[27]", "ref_id": null}], "ref_spans": [{"start": 196, "end": 203, "text": "Table 5", "ref_id": "TABREF4"}], "section": "Quantitative analysis"}, {"text": "The co-possessing peaks presented in the chromatograms of these herb samples were considered as the fingerprint peaks, which were employed to the comparative analysis of the samples from different origins. The relative area values of eight co-possessing peaks in each electrophoretogram were used to construct an eight-dimensional vector to characterize the chemical pattern of the fingerprint, and a simple representation to calculate the similarity was given as below [28] :", "cite_spans": [{"start": 470, "end": 474, "text": "[28]", "ref_id": null}], "ref_spans": [], "section": "Comparative analysis of chromatographic fingerprints"}, {"text": "where \u03c3 was the value of similarity; X and Y two vectors consisted of the co-possessing peaks in their fingerprints; T was the note of transposition for the vector.", "cite_spans": [], "ref_spans": [], "section": "Comparative analysis of chromatographic fingerprints"}, {"text": "The mean fingerprints of the samples from the same origins worked as the references to calculate the similarity, and the results of comparative analysis were shown in Table 6 . It was presented that the similarity of the samples from the same origin was all higher than 0.9, which meant that the holistic quality of these samples was quite similar. Also, it was indicated that the pattern difference of the samples from Inner Mongolia, Gansu and Shandong (Yishui) was almost undistinguished. However, the samples from Heibei, Shaanxi and Yunnan were easy to be identified from those from Inner Mongolia with their CE fingerprints.", "cite_spans": [], "ref_spans": [{"start": 167, "end": 174, "text": "Table 6", "ref_id": "TABREF5"}], "section": "Comparative analysis of chromatographic fingerprints"}, {"text": "In the present study, an improved method using quantitative analysis and chromatographic fingerprinting with capillary electrophoresis was developed for the quality evaluation of Chinese herb S. baicalensis. Three major active components (Baicalin, Baicalein and Wogonin) contained in these herb samples were well determined using the CE condition optimized by the combination of central composite design and multivariate analysis. The proposed method was applicable to the quality evaluation of S. baicalensis.", "cite_spans": [], "ref_spans": [], "section": "Conclusion"}], "bib_entries": {"BIBREF1": {"ref_id": "b1", "title": "General Guidelines for Methodologies on Research and Evaluation of Traditional Medicines", "authors": [], "year": 2000, "venue": "", "volume": "", "issn": "", "pages": "", "other_ids": {}}, "BIBREF3": {"ref_id": "b3", "title": "FDA Guidance for Industry-Botanical Drug Products (Draft Guidance), US Food and Drug Administration", "authors": [], "year": 2000, "venue": "", "volume": "", "issn": "", "pages": "", "other_ids": {}}, "BIBREF4": {"ref_id": "b4", "title": "Note for Guidance on Quality of Herbal Medicinal Products", "authors": [], "year": 2001, "venue": "European Medicines Agency", "volume": "", "issn": "", "pages": "", "other_ids": {}}, "BIBREF10": {"ref_id": "b10", "title": "Guidelines for the Assessment of Herbal Medicine, World Health Organization", "authors": [], "year": 1996, "venue": "", "volume": "", "issn": "", "pages": "", "other_ids": {}}, "BIBREF11": {"ref_id": "b11", "title": "State Food and Drug Administration of China", "authors": [], "year": 2000, "venue": "Drug Stand. Chin", "volume": "1", "issn": "", "pages": "13--21", "other_ids": {}}, "BIBREF18": {"ref_id": "b18", "title": "China Pharmacopoeia Committee, Pharmacopoeia of the People's Republic of China", "authors": [], "year": 1999, "venue": "", "volume": "", "issn": "", "pages": "", "other_ids": {}}, "BIBREF25": {"ref_id": "b25", "title": "Chromatogr", "authors": [{"first": "R", "middle": [], "last": "Amarowicz", "suffix": ""}, {"first": "R", "middle": ["B"], "last": "Pegg", "suffix": ""}, {"first": "P", "middle": ["P"], "last": "Kolodziejczyk", "suffix": ""}, {"first": "J", "middle": [], "last": "Oszmianski", "suffix": ""}, {"first": "J", "middle": [], "last": "Liq", "suffix": ""}], "year": 2004, "venue": "Relat. Technol", "volume": "27", "issn": "", "pages": "2847--2860", "other_ids": {}}}, "ref_entries": {"FIGREF0": {"text": "The chemical structures of Baicalin, Baicalein and Wogonin.", "latex": null, "type": "figure"}, "FIGREF1": {"text": "Regression coefficient plots for the resolutions of six critical peak pairs.", "latex": null, "type": "figure"}, "FIGREF2": {"text": "Response surface plots of the investigated variables and the resolutions of six critical peak pairs. equations, correlation coefficients and the limits of detection of the analytes were all shown in", "latex": null, "type": "figure"}, "FIGREF3": {"text": "Typical CE chromatograms of the standard (A) and real sample solution (B) using the optimized experimental conditions. Buffer system: 15 mM borate, 40 mM phosphate, 40 mM SDS, 15% (v/v) acetonitrile and 7.5% (v/v) 2-propanol. Capillary: 50.0 cm (42.0 cm to the detector window) \u00d7 75 m i.d.; the applied voltage: 20 kV; temperature: 25 \u2022 C; detection wavelength: 280 nm; sample injection time 3 s with a 30 mbar pressure.", "latex": null, "type": "figure"}, "TABREF0": {"text": "Raw materials investigated in this study", "latex": null, "type": "table"}, "TABREF1": {"text": "Experimental factors and levels in the CCD for optimizing CE separation", "latex": null, "type": "table", "html": "<html><body><table><tr><td>Factors </td><td>Coded </td><td>Levels\n</td><td>\u00a0</td><td>\u00a0</td><td>\u00a0</td></tr><tr><td>\u00a0</td><td>\u00a0</td><td>Low </td><td>Central </td><td>High </td><td>Star point\n\u25e6C (\u2212\u03b1)\n</td><td>Star point\n\u25e6C (+\u03b1)\n</td></tr><tr><td>Borate (mM) </td><td>x1 </td><td>15 </td><td>20 </td><td>25 </td><td>10 </td><td>30\n</td></tr><tr><td>Phosphate (mM) </td><td>x2 </td><td>20 </td><td>30 </td><td>40 </td><td>10 </td><td>50\n</td></tr><tr><td>SDS (mM) </td><td>x3 </td><td>40 </td><td>60 </td><td>80 </td><td>20 </td><td>100\n</td></tr><tr><td>Acetonitrile (%, v/v) </td><td>x4 </td><td>5 </td><td>10 </td><td>15 </td><td>0 </td><td>20\n</td></tr><tr><td>2-Propanol (%, v/v) </td><td>x5 </td><td>2.5 </td><td>5 </td><td>7.5 </td><td>0 </td><td>10\n</td></tr></table></body></html>"}, "TABREF3": {"text": "Regression equations and the detection limits (n = 3)", "latex": null, "type": "table"}, "TABREF4": {"text": "Determination of three active components in different samples (n = 3)", "latex": null, "type": "table"}, "TABREF5": {"text": "The similarity of the samples investigated Origin of the samples Similarity of the chromatographic fingerprint", "latex": null, "type": "table"}}, "back_matter": []}