{"paper_id": "0aa3eda0fb09bf9f55864fc2b9157b9317f62323", "metadata": {"title": "Centers for Disease Control and Prevention, Division of Global Migration and Quarantine San Diego, California, USA Epidemiological surveillance of land borders in North and South America: a case study", "authors": [{"first": "Robson", "middle": [], "last": "Bruniera-Oliveira", "suffix": "", "affiliation": {"laboratory": "Funda\u00e7\u00e3o Oswaldo Cruz, Vice-Presid\u00eancia de Pesquisa e Laborat\u00f3rios de Refer\u00eancia", "institution": "Universidade de S\u00e3o Paulo", "location": {"addrLine": "Secretaria de Vigil\u00e2ncia em Sa\u00fade", "settlement": "S\u00e3o Paulo, S\u00e3o Paulo, Rio de Janeiro, Rio de Janeiro, Bras\u00edlia", "country": "Brazil, Brazil, Brazil ("}}, "email": ""}, {"first": "Marco", "middle": ["Aur\u00e9lio"], "last": "Pereira Horta", "suffix": "", "affiliation": {}, "email": ""}, {"first": "Aiden", "middle": [], "last": "Varan", "suffix": "", "affiliation": {}, "email": ""}, {"first": "Sonia", "middle": [], "last": "Montiel", "suffix": "", "affiliation": {}, "email": ""}, {"first": "Eduardo", "middle": ["Hage"], "last": "Carmo", "suffix": "", "affiliation": {}, "email": ""}, {"first": "Stephen", "middle": ["H"], "last": "Waterman", "suffix": "", "affiliation": {}, "email": ""}, {"first": "Jos\u00e9", "middle": [], "last": "Fernando De Souza Verani", "suffix": "", "affiliation": {"laboratory": "", "institution": "Universidade de S\u00e3o Paulo", "location": {"addrLine": "Av. Dr. Arnaldo, 715, CEP 03178-200, S\u00e3o Paulo", "settlement": "Rio de Janeiro, Rio de Janeiro", "region": "SP", "country": "Brazil, Brazil"}}, "email": ""}]}, "abstract": [{"text": "This study aims to analyze the different binational/multinational activities, programs, and structures taking place on the borders of Brazil and the U.S. between 2013 and 2015. A descriptive exploratory study of two border epidemiological surveillance (BES) systems has been performed. Two approaches were used to collect data: i) technical visits to the facilities involved with border surveillance and application of a questionnaire survey; ii) application of an online questionnaire survey. It was identified that, for both surveillance systems, more than 55% of the technicians had realized that the BES and its activities have high priority. Eighty percent of North American and 71% of Brazilian border jurisdictions reported an exchange of information between countries. Less than half of the jurisdictions reported that the necessary tools to carry out information exchange were available. Operational attributes of completeness, feedback, reciprocity, and quality of information were identified as weak or of low quality in both systems. Statements, guidelines, and protocols to develop surveillance activities are available at the U.S.-Mexico border area. The continuous systematic development of surveillance systems at these borders will create more effective actions and responses.", "cite_spans": [], "ref_spans": [], "section": "Abstract"}], "body_text": [{"text": "The epidemics of severe acute respiratory syndrome (SARS), pandemic influenza (H1N1) and Middle Eastern Respiratory Syndrome (MERS-CoV) hit the world with a high pathogenic potential in recent years, providing a warning to nations of the speed with which these epidemics can move across the globe 1-3 . Everyday, nations are more internationally connected 4 . On February 1, 2016, for the fourth time in history, the World Health Organization (WHO) declared a public health emergency of international concern (PHEIC) to make a joint global effort to control the outbreak caused by Zika virus (ZIKV) in Latin America and the Caribbean 5,6 . These facts reiterated the need for governments and international agencies to build and strengthen the surveillance of infectious diseases at all levels, from national to international, thus facilitating the timely detection, response, and communication of disease outbreaks on a global scale 4 .", "cite_spans": [{"start": 356, "end": 357, "text": "4", "ref_id": "BIBREF3"}, {"start": 933, "end": 934, "text": "4", "ref_id": "BIBREF3"}], "ref_spans": [], "section": "INTRODUCTION"}, {"text": "The International Health Regulations (IHR) recommends that countries sharing borders and having common interests consider establishing multilateral agreements 7 . This aims to facilitate the implementation of IHR, consolidating the direct and rapid exchange of public health information and the application of health measures at borders. This effort may prevent and/or control the international transmission of disease at the crossing point 7 . Land borders are physical spaces with peculiar characteristics including large historical, cultural, ethnic, economic, and social heterogeneities. In many cases, these spaces have intense population flows, which create special conditions for disease transmission 8 . Several studies [9] [10] [11] [12] [13] [14] have indicated that these border areas possess different dynamics and patterns of occurrence of disease when compared to other areas within countries.", "cite_spans": [{"start": 159, "end": 160, "text": "7", "ref_id": null}, {"start": 441, "end": 442, "text": "7", "ref_id": null}, {"start": 708, "end": 709, "text": "8", "ref_id": "BIBREF8"}, {"start": 728, "end": 731, "text": "[9]", "ref_id": "BIBREF9"}, {"start": 732, "end": 736, "text": "[10]", "ref_id": "BIBREF10"}, {"start": 737, "end": 741, "text": "[11]", "ref_id": "BIBREF11"}, {"start": 742, "end": 746, "text": "[12]", "ref_id": "BIBREF12"}, {"start": 747, "end": 751, "text": "[13]", "ref_id": "BIBREF13"}, {"start": 752, "end": 756, "text": "[14]", "ref_id": "BIBREF14"}], "ref_spans": [], "section": "INTRODUCTION"}, {"text": "Brazil and the United States of America (U.S.) are countries with large extensions of land borders. Brazil's border is 15,719 km long and is shared with ten countries, all with different health policies. The border fringe occupies an area of 2,300,000 km 2 (27.6% of the country), with 588 municipalities and nearly 10 million people (6% of the population) 15 . The U.S. Southern border with Mexico extends for 3,141 km, with a fringe of 100 km (62.5 miles) on each side of the border and an estimated population of 13 million people 16, 17 .", "cite_spans": [{"start": 357, "end": 359, "text": "15", "ref_id": "BIBREF15"}, {"start": 534, "end": 537, "text": "16,", "ref_id": "BIBREF16"}, {"start": 538, "end": 540, "text": "17", "ref_id": "BIBREF17"}], "ref_spans": [], "section": "INTRODUCTION"}, {"text": "Due to the long length of land borders, with intense population flows and different epidemiological and social scenarios, the vulnerability to the introduction and rapid spread of potential threats to public health is a fact that must be taken into consideration. Therefore, the development of systems and activities focusing on border epidemiological surveillance (BES) is essential both for domestic and global health security 18 . Based on the hypothesis that border surveillances must promote binational communication, an exchange of epidemiologic information in a timely and dynamic manner to improve the cross-border public health infrastructure through collaboration, this study aimed to analyze the different binational/multinational activities, programs, and structures to identify challenges and to suggest improvements of binational and/or multinational epidemiological surveillance partnerships on the borders of Brazil and the U.S.", "cite_spans": [{"start": 429, "end": 431, "text": "18", "ref_id": "BIBREF18"}], "ref_spans": [], "section": "INTRODUCTION"}, {"text": "A descriptive exploratory study about border epidemiological surveillance (BES) systems was performed in South and North America between 2013 and 2015. A total of 47 interviews at every operational level of the BES were conducted at the United States-Mexico border (US-MX border applied from February 2014 to September 2014) and Brazil (November 2014 to March 2015).", "cite_spans": [], "ref_spans": [], "section": "MATERIAL AND METHODS"}, {"text": "In South America, the study focused on the border between Brazil and the America's Southern Cone countries (Argentina, Paraguay, and Uruguay). This border area is defined as the area of land situated 150 km North and South from the International Boundary Line. This region is divided into six subregions (XII-XVII) with 441 municipalities, an area of 329,943 km 2 and a population of 6,893,804 inhabitants 19 ( Figure 1 ).", "cite_spans": [], "ref_spans": [{"start": 411, "end": 419, "text": "Figure 1", "ref_id": "FIGREF0"}], "section": "Description of the study area"}, {"text": "As for North America, the study was carried out on the Southern U.S. border with Mexico. This border has a length of approximately 3,141 km. The border region is defined as the area of land situated 100 km (62.5 miles) North and South from the international boundary. The area includes four U.S. States (California, Arizona, New Mexico, and Texas) and six Mexican States (Baja California, Sonora, Chihuahua, Coahuila, Nuevo Leon, and Tamaulipas) with an estimated population of about 13 million people 17 ( Figure 2 ). Data collection and analysis BES operational data were collected using a developed semi-structured questionnaire with a focus on information exchange between jurisdictions, domestically and internationally. The instrument was based on previous surveys by the CDC 20 , Bruniera-Oliveira et al. 21 and Varan et al. 22 and was structured with four dimensions: organizational priorities and resources, information exchange, laboratory, and challenges.", "cite_spans": [{"start": 812, "end": 814, "text": "21", "ref_id": "BIBREF21"}, {"start": 832, "end": 834, "text": "22", "ref_id": "BIBREF22"}], "ref_spans": [{"start": 507, "end": 515, "text": "Figure 2", "ref_id": "FIGREF1"}], "section": "Description of the study area"}, {"text": "Because of long geographical distances, two approaches were used for data collection: i) technical visits to the facilities involved with border surveillance, which included questionnaire applications and direct observations of the operational procedures and facility structures; ii) application of online questionnaires for those facilities that could not be visited. For both approaches, questionnaires were developed in English and, subsequently, translated into Spanish and Portuguese.", "cite_spans": [], "ref_spans": [], "section": "Description of the study area"}, {"text": "A draft questionnaire was shared with stakeholders in all operational levels working directly or indirectly on border surveillance activities in the U.S. for comments and suggestions. A pilot test of a final version of the tool was conducted with U.S. and Mexico stakeholders to evaluate its effectiveness to collect information. A Likert scale was used to measure the outcomes [23] [24] [25] . The final version of the English questionnaire was translated and back-translated by native speakers of Spanish and Portuguese, which subsequently went through the same validation process by experts. For the questionnaire application by digital media, an online survey development software, SurveyMonkey, was used (Research SurveyMonkey \u00ae ). Its distribution and monitoring were done through links distributed by e-mail to the participants' e-mails.", "cite_spans": [{"start": 378, "end": 382, "text": "[23]", "ref_id": "BIBREF24"}, {"start": 383, "end": 387, "text": "[24]", "ref_id": "BIBREF25"}, {"start": 388, "end": 392, "text": "[25]", "ref_id": "BIBREF26"}], "ref_spans": [], "section": "Description of the study area"}, {"text": "Technical visits were carried out at agencies, institutions and partners (such as health surveillance agencies, immigration departments, national or multinational committees/groups, laboratories, etc.), proceeding with document analysis, organization observation, and operational structure and involvement of professionals with surveillance activities. During the visits, interviews were conducted with BES stakeholders in their various operational levels using the questionnaire that had been developed. In the absence of the technician in charge in the facilities visited or in areas where visit was not possible, the stakeholders were invited to answer the online questionnaire.", "cite_spans": [], "ref_spans": [], "section": "Description of the study area"}, {"text": "When a respondent had questions about the questionnaire or the researcher had questions about responses, a phone interview or web conference was conducted. The scope of the questionnaire included some operational attributes of surveillance, such as completeness, reciprocity, opportunity, feedback, and the quality of information. These attributes were analyzed from the perspective of the respondents using the Likert scale for measurement. This research was approved by the Research Ethics Committee of the National School of Public Health Sergio Arouca (CEP / ENSP), under the N\u00ba 699.241.", "cite_spans": [], "ref_spans": [], "section": "Description of the study area"}, {"text": "A total of 47 stakeholders were interviewed. Thirty of these technicians were from the North-American BES (20 technicians from the U.S. and 10 from Mexico), while in South America all the 17 technicians were from Brazil. The majority of respondents in Brazil and half in the United States belonged to the local health municipalities, whereas the State level in Mexico was the most frequent in the interviews (Table 1) .", "cite_spans": [], "ref_spans": [{"start": 408, "end": 417, "text": "(Table 1)", "ref_id": "TABREF0"}], "section": "Operational profile of the respondents"}, {"text": "The U.S. has developed programs and specialized structures in border surveillance, such as the Borders Office, quarantine stations (QS), and important partnerships with several agencies that provide support with any suspected case of an important binational disease (Table 1) . Brazil does not have such structures. However, it does have Customs and Border Protection (CBP) and border offices in its structural organization, and organization stations called the Health Surveillance Stations of Ports, Airports, Borders and Customs Enclosures (PVPAF) of the Brazilian Sanitary Surveillance Agency (ANVISA). These stations are located at strategic points in Brazil, 17 of which are on land borders. Surveillance activities and sanitary control of goods, people, and animals are carried out at these stations, and some facilities have agreements with regional hospitals for the displacement and isolation of suspected cases of infectious diseases of public health concern. In addition, some of these stations are located on borders that have bior multinational facilities, a fact that makes the interaction between countries easier and more timely (Table 1) .", "cite_spans": [], "ref_spans": [{"start": 266, "end": 275, "text": "(Table 1)", "ref_id": "TABREF0"}, {"start": 1145, "end": 1154, "text": "(Table 1)", "ref_id": "TABREF0"}], "section": "Operational characteristics of the systems"}, {"text": "In both surveillance systems, more than 55% of the technicians at several operational levels realize that the BES and their activities (detection, investigation, and binational or multinational notification) are high priority. Nevertheless, for these technicians, the nonexistence and/ or availability of a formal protocol with the neighboring country is considered a limiting factor for the development of appropriate actions. Only 38% of respondents in South America are familiar with the contact points involved in the notification and binational investigation. This proportion increases to 55% on the U.S.-Mexico border where there are available statements, guidelines, and protocols to develop joint activities in the border areas (Table 2) . A specific document, the \"U.S. Mexico Binational Communication Pathways Protocol,\" for the land border deserves to be highlighted. This document has been improved since 2002 by several technicians at several operational levels of the two countries and proposes to systematize and enhance the exchange of information mechanisms 26 .", "cite_spans": [{"start": 1075, "end": 1077, "text": "26", "ref_id": "BIBREF27"}], "ref_spans": [{"start": 736, "end": 745, "text": "(Table 2)", "ref_id": "TABREF1"}], "section": "Operational characteristics of the systems"}, {"text": "Information exchange between countries occurs in more than 80% of North American jurisdictions and 71% percent of the Brazilian jurisdictions; however, only the U.S. and Mexico's technicians consider this exchange timely. Brazilian and U.S. technicians identified the reciprocity of sending information as a failure. The feedback and followup of epidemiological information was considered low by all stakeholders. The quality and completeness of exchanged information were considered medium to weak in the scale used. Less than half of the jurisdictions have the necessary tools to carry out information exchange. Telephone and electronic means of communication, such as e-mail, are most commonly used for information exchange. Over 50% of respondents reported a lack of mechanisms for sharing personally identifiable information (PII), such as encrypted e-mails (Table 2) .", "cite_spans": [], "ref_spans": [{"start": 863, "end": 872, "text": "(Table 2)", "ref_id": "TABREF1"}], "section": "Operational characteristics of the systems"}, {"text": "In both investigated systems, the priorities and actions are defined in binational meetings involving various partners. In South America, the Comit\u00ea Interfronteiri\u00e7o and the Grupo T\u00e9cnico de Itaipu Sa\u00fade are important mechanisms to outline surveillance activities. On the U.S.-MX border, groups and meetings, such as the Binational Joint Operational Meeting, the Epi Meeting, the Border Epidemiology and Surveillance Team (BEST) meeting, as well as the Consejo Binacional de Salud, among others, are important mechanisms used to share data to collaborate. It should be stressed that, in South America, there was no evidence of participation of organizations, such as the Pan American Health Organization (PAHO), MERCOSUR, or the Union of South American Nations (UNASUR) in any local border activities. The U.S.-MX border used to have a PAHO's border office in El Paso, which acted as facilitator of the collaboration between the U. S. and Mexico. However, this office ceased its activities in 2014. ", "cite_spans": [], "ref_spans": [], "section": "Organizational priorities"}, {"text": "The limited availability of funds and specific resources is a major obstacle in the development of BES in Brazil and Mexico. Eighty percent of U.S. respondents reported the availability of financial and human resources from the three operational levels of administration. The training for technicians, including laboratory workers, is present in both systems. The respondents in the two surveyed areas consider that the U.S. and Brazil (for having more economic and financial capacity) should provide more support to the activities of their neighboring countries. Differences between countries make the border actions being implemented often only on the U.S. or Brazilian side (Table 3) .", "cite_spans": [], "ref_spans": [{"start": 677, "end": 686, "text": "(Table 3)", "ref_id": "TABREF2"}], "section": "Human, financial resources and inputs"}, {"text": "In the U.S.-MX border review, local laboratories mainly process samples of cases under investigation. In Brazil, an emphasis should be given to the Border Laboratories' Network, coordinated by the Brazilian Health Surveillance Secretariat (SVS/MS), which consists of 12 laboratories located along the Brazilian border ( Figure 3 ). This network was created to develop the capacity and opportunity for detection of major communicable diseases, lowering the demands on the Central Laboratory of Public Health (LACEN).", "cite_spans": [], "ref_spans": [{"start": 320, "end": 328, "text": "Figure 3", "ref_id": null}], "section": "Laboratories"}, {"text": "Regarding the laboratory support to BES, some similarities between the two areas' borders were identified. Diagnostic and quality control panels testing methods are standardized and harmonized among laboratories within the countries, but it is not standardized among counterpart laboratories. Technology and cooperation exchange was observed between countries, but at a low frequency. Respondents believe that the financial resources and inputs are not sufficient to conduct all laboratory activities. However, on the Brazilian side, those technicians believed that they had the sufficient number of technicians to respond to all the demands of their laboratories -a fact not observed in U.S. and Mexican laboratories. The low frequency of training was cited as a major obstacle. Documents that regulate the flow of information and samples of binational cases in the two borders were not identified (Table 3) .", "cite_spans": [], "ref_spans": [{"start": 899, "end": 908, "text": "(Table 3)", "ref_id": "TABREF2"}], "section": "Laboratories"}, {"text": "Although the countries involved in this study have different health organization systems and speak different languages, few technicians identified these differences as barriers to develop BES activities. In general, the major obstacle highlighted to the exchange of information and joint activities was the lack of guidelines describing the steps of binational disease notification and investigation (Table 3) .", "cite_spans": [], "ref_spans": [{"start": 400, "end": 409, "text": "(Table 3)", "ref_id": "TABREF2"}], "section": "Main challenges identified by respondents"}, {"text": "Acknowledging the vulnerability of introducing and spreading potential public health events through land borders, the International Health Regulations (IHR) recommends that countries sharing common borders should consider establishing bilateral or multilateral agreements about strengthening surveillance actions at ground crossings 7 .", "cite_spans": [], "ref_spans": [], "section": "DISCUSSION"}, {"text": "In larger border areas, such as those of the U.S. and Brazil, there are large numbers of residents. Together with the intense population flow, this provides a favorable scenario for the occurrence and spread of communicable and noncommunicable diseases 8, 27 . Ferraz et al. 28 and Spradling et al. 29 pointed toward different profiles of tuberculosis and acute viral hepatitis in the border regions of Brazil and the United States, respectively, when compared with States and national rates. Thus, the inclusion and prioritization of BES activities, mainly at the local and federal levels, are an important step toward consolidation of health surveillance systems reflecting the recognition of the importance of the issue by the governments.", "cite_spans": [{"start": 253, "end": 255, "text": "8,", "ref_id": "BIBREF8"}, {"start": 256, "end": 258, "text": "27", "ref_id": "BIBREF28"}, {"start": 275, "end": 277, "text": "28", "ref_id": "BIBREF29"}, {"start": 299, "end": 301, "text": "29", "ref_id": "BIBREF30"}], "ref_spans": [], "section": "DISCUSSION"}, {"text": "However, as observed in this study (particularly in South America), findings show that it lacks certain protocols. These protocols, as observed at the U.S.-MX border, define the actions and communication flows between public health agencies involved with binational notifications and may support adequate responses to the occurrence of public health events. Wang et al. 30 , studying vaccine-derived poliovirus (VDPV) outbreaks, noted that surveillance based on solid international collaboration and agreements with clear and well-defined paths allows for an exchange of information in a timely and dynamic manner. The contribution of such agreements was critical to avoid the VDPV outbreaks from reaching China through its land borders. The inadequacy of many surveillance indicators (lack of opportunity for the exchange of epidemiological information, quality of the epidemiological information, reciprocity, feedback, and incompleteness of information) may be related to the informality of the BES operational articulation.", "cite_spans": [{"start": 370, "end": 372, "text": "30", "ref_id": null}], "ref_spans": [], "section": "DISCUSSION"}, {"text": "BES systems in North and South America have taken important steps toward systematizing their activities. Both international borders are defining their priorities and actions in these regions together with stakeholders and partners of the neighboring countries. North American countries have developed and distributed a document detailing the step-by-step operational flow of information and actions because these countries place a higher priority on their actions. BES services that have developed and implemented such protocols and plans result in more clear and efficient conduction, evaluation, and review of operational procedures. In addition, the activities are not linked to specific individuals, but are rather institutionalized, allowing the continuity of standard procedures and minimizing disruptions to required actions.", "cite_spans": [], "ref_spans": [], "section": "DISCUSSION"}, {"text": "A lack of human, technical, and financial resources were major obstacles in Brazil and Mexico. Scarcity of primarily financial resources to hire technicians weakens the systems of these two countries. The lack of technicians and high personnel turnover at the jurisdiction level creates a burden on the technical staff, affecting the necessary epidemiological actions. In this respect, Bruniera-Oliveira et al. 21 evaluated Brazil's rotavirus epidemiological surveillance, noting that the limited number of technicalities and high turnover caused a delay in the process, transfer and response of the rotavirus surveillance.", "cite_spans": [{"start": 411, "end": 413, "text": "21", "ref_id": "BIBREF21"}], "ref_spans": [], "section": "DISCUSSION"}, {"text": "The need for a greater investment in human, technical, and financial resources was unanimous by respondents in both of the studied areas. It is possible that many of the process difficulties, particularly information exchange, are due to structural differences between the countries involved. While, in Brazil there is a system that facilitates mechanisms to carry out information exchange quickly and confidentially, other countries are using unsafe means for information exchange. This structural discrepancy generates resistance, especially when health services are dealing with personal information. Furthermore, there are mechanism incompatibilities, such as differences in software versions used or even lack of such mechanisms. Therefore, countries with available resources should seek ways to standardize communication mechanisms 26 .", "cite_spans": [{"start": 838, "end": 840, "text": "26", "ref_id": "BIBREF27"}], "ref_spans": [], "section": "DISCUSSION"}, {"text": "Particular attention should be given to laboratories, which provide support for border surveillance. For most of the infectious diseases of public health concern, laboratory confirmation is essential for planning and triggering the control and prevention actions. Thus, the organization of a laboratory network able to meet demands of the border areas would increase sensitivity, opportunity, and system specificity 31 . In North America, due to the systems developed at the borders, such as the Border Infectious Disease Surveillance (BIDS), there was a substantial reduction in disparities with surveillance capabilities in incompatibility of used case definitions. This resulted in increased diagnostic capacity and laboratory capability in the region 9 .", "cite_spans": [{"start": 416, "end": 418, "text": "31", "ref_id": "BIBREF33"}, {"start": 755, "end": 756, "text": "9", "ref_id": "BIBREF9"}], "ref_spans": [], "section": "DISCUSSION"}, {"text": "In Brazil, the Border Laboratories Network can be considered innovative as it seeks to reduce the differences in laboratory capacity between countries. However, despite what has been developed so far, significant obstacles were identified, such as a lack of support from federal laboratories and no standardization of techniques among countries. This hindered comparisons and the planning of binational actions. A study about the occurrence of public health emergencies in Brazil proved that, in the border areas, laboratory confirmation remains low for suspected cases 21 . This lack of diagnosis can be attributed to the high testing demand that these laboratories have, which requires additional investment for its expansion and an increase of capacity to become a robust border network. Although one of the response pillars to the Ebola outbreak in West Africa has been the laboratory support, the lack of capacity during the early stages of the epidemic was undoubtedly a factor that contributed to Ebola's rapid expansion, reinforcing the idea of consolidating a prepared network to respond to any type of threat 32, 33 . Such difficulties in the BES development, including laboratory services, may have contributed to a weak capacity to detect and respond in a timely manner to public health events, as observed for the Brazilian international border municipalities 34 . The analysis of their capacity to report infectious diseases with a potential to generate an epidemic demonstrated a very low proportion (16,6%) of cases of these diseases being reported in a timely manner (< 24 hours -as established nationally).", "cite_spans": [{"start": 570, "end": 572, "text": "21", "ref_id": "BIBREF21"}, {"start": 1119, "end": 1122, "text": "32,", "ref_id": "BIBREF35"}, {"start": 1123, "end": 1125, "text": "33", "ref_id": "BIBREF36"}, {"start": 1373, "end": 1375, "text": "34", "ref_id": "BIBREF37"}], "ref_spans": [], "section": "DISCUSSION"}, {"text": "The political organization of different countries for the entry and movement of people through borders are relevant factors in the comparison of surveillance systems and in the design of health systems for the border regions. The Treaty of Asunci\u00f3n, which gave rise to MERCOSUR, establishes that the States' parties have the freedom of movement for people, goods, and services among them 35 . Hence, the Brazilian Southern Border Arc has an extremely high daily porosity for people entry and exit, once the crossing between countries can be taken without any impediment. As evidenced by the research, there are numerous points of entry, where there are no checkpoints, such as health inspection points or customs. On the other hand, in North America, in addition to the physical barriers along the border, all entry points are controlled by U.S. Customs and Border Protection (CBP). This agency first screens incoming international travelers with the CDC and has the power to detain for the enforcement of isolation and quarantine of individuals with any signs and/or symptoms of infectious diseases 36 . The presence of such agencies as the CBP plays an important role in the containment of infectious diseases entering the United States. Countries that applied travel restrictions on their borders during the epidemic of the influenza virus A (H1N1) observed that both the restriction and the isolation and quarantine of the cases played an important contribution in the delay of the virus in their countries 37, 38 .", "cite_spans": [{"start": 388, "end": 390, "text": "35", "ref_id": "BIBREF38"}, {"start": 1100, "end": 1102, "text": "36", "ref_id": "BIBREF39"}, {"start": 1511, "end": 1514, "text": "37,", "ref_id": "BIBREF40"}, {"start": 1515, "end": 1517, "text": "38", "ref_id": "BIBREF41"}], "ref_spans": [], "section": "DISCUSSION"}, {"text": "The lack of a screening process at the border crossing points temporarily makes the detection of potential suspect cases very passive, dependent on volunteers seeking health assistance. The receiving health facility of a suspected case must be prepared to provide the initial care to isolate the case when necessary or make the transport to the place of isolation. They must then communicate in a timely manner with the respective authorities in the neighboring country to begin the binational investigation. Moreover, all health facilities in the border region, including laboratories, must be notified about the possible suspect cases. An online system for binational notification would be the tool of choice. All levels involved in the response could then input, search, and follow up in real time on all the epidemiological information of cases, thus creating increased transparency and dynamism to the response process. Inside this network, an important movement should be made to bring international organizations closer, such as PAHO and multilateral mechanisms, as MERCOSUR and UNASUR. These structures and mechanisms should have important tools that have been created for international health dialogue so they can act as front ambassadors to stalemates when an urgent international response is required. Forums and mechanisms created by these agencies are important health authorities of the participating countries. Due to the previous meetings, they already have affinities, which facilitate and streamline the dialogue and target the most controversial issues.", "cite_spans": [], "ref_spans": [], "section": "DISCUSSION"}, {"text": "One of the limitations of this study was the voluntary participation, which made some of the invited stakeholders/ key coordinators not available to answer the survey. Another limitation was the financial aspect, which restricted the field visit to just one point of entry into South America. Specifically, in the South Arc, obtaining responses from Paraguayan technicians would have enhanced and contributed much to the technical discussion. However, despite numerous contacts and invitations, this did not materialize. This limitation has highlighted the lack of multinational mechanisms that could facilitate and would promote dialogue with BES structures.", "cite_spans": [], "ref_spans": [], "section": "DISCUSSION"}, {"text": "Taking from the results observed in this study, the following concluding points can be highlighted: i) availability of a protocol to North American borders; international borders are defining their priorities and actions at these regions together with stakeholders and partners from neighboring countries and the existence of border laboratories; ii) because this is a study, among the few, focused on border epidemiological surveillance in the Americas' Southern Cone countries, this research has raised questions about borders that require special attention to delineate and help the flow of work processes; iii) the continuous, systematic development of surveillance systems at the borders will provide more effectiveness to the implementation of actions and responses; thus, countries can improve their mechanisms to respond in future outbreaks; iv) considering the external validity of this study, the results achieved do not necessarily apply to the reality of other borders; however, the instrument used in this research can be adapted to be used in studies that deal with border surveillance in other parts of the world.", "cite_spans": [], "ref_spans": [], "section": "DISCUSSION"}], "bib_entries": {"BIBREF0": {"ref_id": "b0", "title": "Pandemic preparedness and response -lessons from the H1N1 influenza of 2009", "authors": [{"first": "H", "middle": ["V"], "last": "Fineberg", "suffix": ""}], "year": 2014, "venue": "N Engl J Med", "volume": "370", "issn": "", "pages": "1335--1377", "other_ids": {}}, "BIBREF1": {"ref_id": "b1", "title": "Responding to global infectious disease outbreaks: lessons from SARS on the role of risk perception, communication and management", "authors": [{"first": "R", "middle": ["D"], "last": "Smith", "suffix": ""}], "year": 2006, "venue": "Soc Sci Med", "volume": "63", "issn": "", "pages": "3113--3136", "other_ids": {}}, "BIBREF2": {"ref_id": "b2", "title": "Updated information on the epidemiology of Middle East Respiratory Syndrome Coronavirus (MERS-CoV) infection and guidance for the public, clinicians, and public health authorities", "authors": [], "year": 2013, "venue": "Centers for Disease Control and Prevention (CDC)", "volume": "62", "issn": "", "pages": "793--799", "other_ids": {}}, "BIBREF3": {"ref_id": "b3", "title": "The evolution and expansion of regional disease surveillance networks and their role in mitigating the threat of infectious disease outbreaks", "authors": [{"first": "K", "middle": ["C"], "last": "Bond", "suffix": ""}, {"first": "S", "middle": ["B"], "last": "Macfarlane", "suffix": ""}, {"first": "C", "middle": [], "last": "Burke", "suffix": ""}, {"first": "K", "middle": [], "last": "Ungchusak", "suffix": ""}, {"first": "S", "middle": [], "last": "Wibulpolprasert", "suffix": ""}], "year": 2013, "venue": "Emerg Health Threats J", "volume": "6", "issn": "", "pages": "", "other_ids": {}}, "BIBREF4": {"ref_id": "b4", "title": "World Health Organization. WHO statement on the first meeting of the International Health Regulations", "authors": [], "year": 2005, "venue": "", "volume": "", "issn": "", "pages": "", "other_ids": {}}, "BIBREF5": {"ref_id": "b5", "title": "Emergency Committee on Zika virus and observed increase in neurological disorders and neonatal malformations", "authors": [], "year": 2016, "venue": "", "volume": "", "issn": "", "pages": "", "other_ids": {}}, "BIBREF6": {"ref_id": "b6", "title": "Rapid spread of Zika virus in the Americas -implications for public health preparedness for mass gatherings at the 2016 Brazil Olympic Games", "authors": [{"first": "E", "middle": [], "last": "Petersen", "suffix": ""}, {"first": "M", "middle": ["E"], "last": "Wilson", "suffix": ""}, {"first": "S", "middle": [], "last": "Touch", "suffix": ""}, {"first": "B", "middle": [], "last": "Mccloskey", "suffix": ""}, {"first": "P", "middle": [], "last": "Mwaba", "suffix": ""}, {"first": "M", "middle": [], "last": "Bates", "suffix": ""}], "year": 2016, "venue": "Int J Infect Dis", "volume": "44", "issn": "", "pages": "11--16", "other_ids": {}}, "BIBREF8": {"ref_id": "b8", "title": "Doen\u00e7as transmiss\u00edveis na Faixa de Fronteira Amaz\u00f4nica: o caso da mal\u00e1ria", "authors": [{"first": "P", "middle": [], "last": "Peiter", "suffix": ""}, {"first": "O", "middle": [], "last": "Machado", "suffix": ""}, {"first": "R", "middle": ["L"], "last": "I\u00f1iguez", "suffix": ""}], "year": 2008, "venue": "Miranda AC, Barcellos C, Moreira JC, Monken M, organizadores. Territ\u00f3rio, ambiente e sa\u00fade", "volume": "", "issn": "", "pages": "257--72", "other_ids": {}}, "BIBREF9": {"ref_id": "b9", "title": "Border Infectious Disease Surveillance project: establishing bi-national border surveillance", "authors": [{"first": "M", "middle": [], "last": "Weinberg", "suffix": ""}, {"first": "S", "middle": [], "last": "Waterman", "suffix": ""}, {"first": "C", "middle": ["A"], "last": "Lucas", "suffix": ""}, {"first": "V", "middle": ["C"], "last": "Falcon", "suffix": ""}, {"first": "P", "middle": ["K"], "last": "Morales", "suffix": ""}, {"first": "L", "middle": ["A"], "last": "Lopez", "suffix": ""}], "year": 2003, "venue": "Emerg Infect Dis", "volume": "9", "issn": "", "pages": "97--102", "other_ids": {}}, "BIBREF10": {"ref_id": "b10", "title": "Quantifying cross-border movements and migrations for guiding the strategic planning of malaria control and elimination", "authors": [{"first": "D", "middle": ["K"], "last": "Pindolia", "suffix": ""}, {"first": "A", "middle": ["J"], "last": "Garcia", "suffix": ""}, {"first": "Z", "middle": [], "last": "Huang", "suffix": ""}, {"first": "T", "middle": [], "last": "Fik", "suffix": ""}, {"first": "D", "middle": ["L"], "last": "Smith", "suffix": ""}, {"first": "A", "middle": ["J"], "last": "Tatem", "suffix": ""}], "year": 2014, "venue": "Malar J", "volume": "13", "issn": "", "pages": "", "other_ids": {}}, "BIBREF11": {"ref_id": "b11", "title": "A population-based study of first and second-line drug-resistant tuberculosis in a high-burden area of the Mexico/United States border", "authors": [{"first": "P", "middle": [], "last": "Becerril-Montes", "suffix": ""}, {"first": "S", "middle": [], "last": "Said-Fern\u00e1ndez", "suffix": ""}, {"first": "J", "middle": [], "last": "Luna-Herrera", "suffix": ""}, {"first": "G", "middle": [], "last": "Caballero-Ol\u00edn", "suffix": ""}, {"first": "J", "middle": ["A"], "last": "Enciso-Moreno", "suffix": ""}, {"first": "H", "middle": ["G"], "last": "Mart\u00ednez-Rodr\u00edguez", "suffix": ""}], "year": 2013, "venue": "Mem Inst Oswaldo Cruz", "volume": "108", "issn": "", "pages": "160--166", "other_ids": {}}, "BIBREF12": {"ref_id": "b12", "title": "Delays in the diagnosis of tuberculosis in a town at the triple border of Brazil, Paraguay, and Argentina", "authors": [{"first": "R", "middle": ["A"], "last": "Silva-Sobrinho", "suffix": ""}, {"first": "R", "middle": ["L"], "last": "Andrade", "suffix": ""}, {"first": "M", "middle": ["A"], "last": "Ponce", "suffix": ""}, {"first": "A", "middle": ["D"], "last": "Wysockiii", "suffix": ""}, {"first": "M", "middle": ["E"], "last": "Brunello", "suffix": ""}, {"first": "L", "middle": ["M"], "last": "Scatena", "suffix": ""}], "year": 2012, "venue": "Rev Panam Salud Publica", "volume": "31", "issn": "", "pages": "461--469", "other_ids": {}}, "BIBREF13": {"ref_id": "b13", "title": "Emerg\u00eancias em sa\u00fade p\u00fablica de import\u00e2ncia nacional e internacional no brasil", "authors": [{"first": "R", "middle": ["B"], "last": "Oliveira", "suffix": ""}, {"first": "M", "middle": ["A"], "last": "Horta", "suffix": ""}, {"first": "D", "middle": ["S"], "last": "Barbosa", "suffix": ""}, {"first": "V", "middle": ["S"], "last": "Belo", "suffix": ""}, {"first": "J", "middle": ["F"], "last": "Verani", "suffix": ""}], "year": 2006, "venue": "Rev Saude Publica Santa Catarina", "volume": "7", "issn": "", "pages": "17--32", "other_ids": {}}, "BIBREF14": {"ref_id": "b14", "title": "Local cross-border disease surveillance and control: experiences from the Mekong Basin", "authors": [{"first": "M", "middle": [], "last": "Moore", "suffix": ""}, {"first": "D", "middle": ["J"], "last": "Dausey", "suffix": ""}], "year": 2015, "venue": "BMC Res Notes", "volume": "8", "issn": "", "pages": "", "other_ids": {}}, "BIBREF15": {"ref_id": "b15", "title": "Condiciones de vida, situaci\u00f3n de la salud y disponibilidad de servicios de salud en La frontera de Brasil: un enfoque geogr\u00e1fico", "authors": [{"first": "P", "middle": ["C"], "last": "Peiter", "suffix": ""}], "year": 2007, "venue": "Cad. Saude Publica", "volume": "23", "issn": "2", "pages": "237--50", "other_ids": {}}, "BIBREF16": {"ref_id": "b16", "title": "The La Paz Agreement 30 years on", "authors": [{"first": "S", "middle": ["P"], "last": "Mumme", "suffix": ""}, {"first": "K", "middle": [], "last": "Collins", "suffix": ""}], "year": 2014, "venue": "J Environ Dev", "volume": "23", "issn": "", "pages": "303--333", "other_ids": {}}, "BIBREF17": {"ref_id": "b17", "title": "United States-Mexico Border Health Commission. Border region", "authors": [], "year": 2016, "venue": "", "volume": "", "issn": "", "pages": "", "other_ids": {}}, "BIBREF18": {"ref_id": "b18", "title": "Surveillance and control of Aedes albopictus in the Swiss-Italian border region: differences in egg densities between intervention and non-intervention areas", "authors": [{"first": "T", "middle": ["T"], "last": "Suter", "suffix": ""}, {"first": "E", "middle": [], "last": "Flacio", "suffix": ""}, {"first": "F", "middle": ["B"], "last": "Feijo\u00f3", "suffix": ""}, {"first": "L", "middle": [], "last": "Engeler", "suffix": ""}, {"first": "M", "middle": [], "last": "Tonolla", "suffix": ""}, {"first": "L", "middle": ["N"], "last": "Regis", "suffix": ""}], "year": 2016, "venue": "PLoS Negl Trop Dis", "volume": "10", "issn": "", "pages": "", "other_ids": {}}, "BIBREF19": {"ref_id": "b19", "title": "Bras\u00edlia: IBGE", "authors": [{"first": "", "middle": [], "last": "Instituto Brasileiro De Geografia E Estat\u00edstica", "suffix": ""}, {"first": "", "middle": [], "last": "Censo", "suffix": ""}], "year": 2010, "venue": "", "volume": "", "issn": "", "pages": "", "other_ids": {}}, "BIBREF20": {"ref_id": "b20", "title": "Center for Disease Control and Prevention. Framework for program evaluation in public health", "authors": [], "year": 1999, "venue": "MMWR Recomm Rep", "volume": "48", "issn": "11", "pages": "1--40", "other_ids": {}}, "BIBREF21": {"ref_id": "b21", "title": "Avalia\u00e7\u00e3o da vigil\u00e2ncia epidemiol\u00f3gica ampliada do rotav\u00edrus. Rev Bras Promo\u00e7 Sa\u00fade", "authors": [{"first": "R", "middle": [], "last": "Bruniera-Oliveira", "suffix": ""}, {"first": "M", "middle": ["A"], "last": "Horta", "suffix": ""}, {"first": "J", "middle": ["F"], "last": "Verani", "suffix": ""}], "year": 2014, "venue": "", "volume": "27", "issn": "", "pages": "140--148", "other_ids": {}}, "BIBREF22": {"ref_id": "b22", "title": "Multinational disease surveillance programs: promoting global information exchange for infectious diseases", "authors": [{"first": "A", "middle": [], "last": "Varan", "suffix": ""}, {"first": "R", "middle": [], "last": "Bruniera-Oliveira", "suffix": ""}, {"first": "C", "middle": ["R"], "last": "Peter", "suffix": ""}, {"first": "M", "middle": [], "last": "Fonseca-Ford", "suffix": ""}, {"first": "S", "middle": [], "last": "Waterman", "suffix": ""}], "year": null, "venue": "", "volume": "", "issn": "", "pages": "", "other_ids": {}}, "BIBREF24": {"ref_id": "b24", "title": "Technique for the measurement of attitudes", "authors": [{"first": "R", "middle": ["A"], "last": "Likert", "suffix": ""}], "year": 1932, "venue": "Arch Psychol", "volume": "22", "issn": "", "pages": "1--55", "other_ids": {}}, "BIBREF25": {"ref_id": "b25", "title": "Likert-type scale response anchors", "authors": [{"first": "W", "middle": ["M"], "last": "Vagias", "suffix": ""}], "year": 2006, "venue": "", "volume": "", "issn": "", "pages": "", "other_ids": {}}, "BIBREF26": {"ref_id": "b26", "title": "Likert scales and data analyses. Qual Prog", "authors": [{"first": "I", "middle": ["E"], "last": "Allen", "suffix": ""}, {"first": "C", "middle": ["A"], "last": "Seaman", "suffix": ""}], "year": 2007, "venue": "", "volume": "", "issn": "", "pages": "", "other_ids": {}}, "BIBREF27": {"ref_id": "b27", "title": "Technical guidelines for United States-Mexico coordination on public health events of mutual interest", "authors": [], "year": 2016, "venue": "Center for Disease Control and Prevention", "volume": "", "issn": "", "pages": "", "other_ids": {}}, "BIBREF28": {"ref_id": "b28", "title": "Health at the borders: Bayesian multilevel analysis of women's malnutrition determinants in Ethiopia", "authors": [{"first": "T", "middle": ["D"], "last": "Delbiso", "suffix": ""}, {"first": "J", "middle": ["M"], "last": "Rodriguez-Llanes", "suffix": ""}, {"first": "C", "middle": [], "last": "Altare", "suffix": ""}, {"first": "B", "middle": [], "last": "Masquelier", "suffix": ""}, {"first": "D", "middle": [], "last": "Guha-Sapir", "suffix": ""}], "year": 2016, "venue": "Glob Health Action", "volume": "9", "issn": "", "pages": "", "other_ids": {}}, "BIBREF29": {"ref_id": "b29", "title": "Epidemiological aspects of pulmonar tuberculosis in Mato Grosso do Sul", "authors": [{"first": "A", "middle": ["F"], "last": "Ferraz", "suffix": ""}, {"first": "J", "middle": ["G"], "last": "Valente", "suffix": ""}], "year": 2014, "venue": "Brazil. Rev Bras Epidemiol", "volume": "17", "issn": "", "pages": "255--66", "other_ids": {}}, "BIBREF30": {"ref_id": "b30", "title": "Acute viral hepatitis in the United States-Mexico border region: data from the Border Infectious Disease Surveillance (BIDS) Project", "authors": [{"first": "P", "middle": ["R"], "last": "Spradling", "suffix": ""}, {"first": "J", "middle": [], "last": "Xing", "suffix": ""}, {"first": "A", "middle": [], "last": "Phippard", "suffix": ""}, {"first": "M", "middle": [], "last": "Fonseca-Ford", "suffix": ""}, {"first": "S", "middle": [], "last": "Montiel", "suffix": ""}, {"first": "N", "middle": ["L"], "last": "Guzm\u00e1n", "suffix": ""}], "year": 2000, "venue": "J Immigr Minor Health", "volume": "15", "issn": "", "pages": "390--397", "other_ids": {}}, "BIBREF32": {"ref_id": "b32", "title": "Cross-border collaboration between China and Myanmar for emergency response to imported vaccine derived poliovirus case", "authors": [], "year": 2015, "venue": "BMC Infect Dis", "volume": "15", "issn": "", "pages": "", "other_ids": {}}, "BIBREF33": {"ref_id": "b33", "title": "Gabinete do Ministro. Portaria n\u00ba 2.761, de 18 de novembro de 2008. Aprova a Resolu\u00e7\u00e3o GMC n\u00ba 22", "authors": [{"first": "", "middle": [], "last": "Brasil", "suffix": ""}, {"first": "", "middle": [], "last": "Minist\u00e9rio Da Sa\u00fade", "suffix": ""}], "year": null, "venue": "", "volume": "", "issn": "", "pages": "", "other_ids": {}}, "BIBREF34": {"ref_id": "b34", "title": "Di\u00e1rio Oficial da Uni\u00e3o", "authors": [{"first": "", "middle": [], "last": "Mercosul", "suffix": ""}], "year": 2008, "venue": "", "volume": "", "issn": "", "pages": "", "other_ids": {}}, "BIBREF35": {"ref_id": "b35", "title": "Laboratory support during and after the Ebola virus endgame: towards a sustained laboratory infrastructure", "authors": [{"first": "I", "middle": [], "last": "Goodfellow", "suffix": ""}, {"first": "C", "middle": [], "last": "Reusken", "suffix": ""}, {"first": "M", "middle": [], "last": "Koopmans", "suffix": ""}], "year": 2015, "venue": "Euro Surveill", "volume": "20", "issn": "", "pages": "", "other_ids": {}}, "BIBREF36": {"ref_id": "b36", "title": "Active monitoring of travelers arriving from Ebola-affected countries", "authors": [{"first": "A", "middle": ["J"], "last": "Millman", "suffix": ""}, {"first": "S", "middle": [], "last": "Chamany", "suffix": ""}, {"first": "C", "middle": [], "last": "Guthartz", "suffix": ""}, {"first": "S", "middle": [], "last": "Thihalolipavan", "suffix": ""}, {"first": "M", "middle": [], "last": "Porter", "suffix": ""}, {"first": "A", "middle": [], "last": "Schroeder", "suffix": ""}], "year": 2014, "venue": "MMWR Morb Mortal Wkly Rep", "volume": "653", "issn": "", "pages": "51--55", "other_ids": {}}, "BIBREF37": {"ref_id": "b37", "title": "Magnitude das doen\u00e7as de notifica\u00e7\u00e3o compuls\u00f3ria e avalia\u00e7\u00e3o dos indicadores de vigil\u00e2ncia epidemiol\u00f3gica em munic\u00edpios da linha de fronteira do Brasil", "authors": [{"first": "M", "middle": ["P"], "last": "Cerroni", "suffix": ""}, {"first": "E", "middle": ["H"], "last": "Carmo", "suffix": ""}], "year": 2007, "venue": "Epidemiol Serv Saude", "volume": "24", "issn": "", "pages": "617--645", "other_ids": {}}, "BIBREF38": {"ref_id": "b38", "title": "Montevid\u00e9o: MERCOSUR", "authors": [{"first": "Del", "middle": [], "last": "Mercado Com\u00fan", "suffix": ""}, {"first": "", "middle": [], "last": "Sur", "suffix": ""}], "year": 2015, "venue": "En pocas palabras", "volume": "", "issn": "", "pages": "", "other_ids": {}}, "BIBREF39": {"ref_id": "b39", "title": "A new paradigm for quarantine and public health activities at land borders: opportunities and challenges", "authors": [{"first": "S", "middle": ["H"], "last": "Waterman", "suffix": ""}, {"first": "M", "middle": [], "last": "Escobedo", "suffix": ""}, {"first": "T", "middle": [], "last": "Wilson", "suffix": ""}, {"first": "P", "middle": ["J"], "last": "Edelson", "suffix": ""}, {"first": "J", "middle": ["W"], "last": "Bethel", "suffix": ""}, {"first": "D", "middle": ["B"], "last": "Fishbein", "suffix": ""}], "year": 2009, "venue": "Public Health Rep", "volume": "124", "issn": "", "pages": "203--214", "other_ids": {}}, "BIBREF40": {"ref_id": "b40", "title": "Human mobility networks, travel restrictions, and the global spread of 2009 H1N1 pandemic", "authors": [{"first": "P", "middle": [], "last": "Bajardi", "suffix": ""}, {"first": "C", "middle": [], "last": "Poletto", "suffix": ""}, {"first": "J", "middle": ["J"], "last": "Ramasco", "suffix": ""}, {"first": "M", "middle": [], "last": "Tizzoni", "suffix": ""}, {"first": "V", "middle": [], "last": "Colizza", "suffix": ""}, {"first": "A", "middle": [], "last": "Vespignani", "suffix": ""}], "year": 2011, "venue": "PloS One", "volume": "6", "issn": "", "pages": "", "other_ids": {}}, "BIBREF41": {"ref_id": "b41", "title": "Effectiveness of travel restrictions in the rapid containment of human influenza: a systematic review", "authors": [{"first": "A", "middle": ["L"], "last": "Mateus", "suffix": ""}, {"first": "H", "middle": ["E"], "last": "Otete", "suffix": ""}, {"first": "C", "middle": ["R"], "last": "Beck", "suffix": ""}, {"first": "G", "middle": ["P"], "last": "Dolan", "suffix": ""}, {"first": "J", "middle": ["S"], "last": "Nguyen-Van-Tam", "suffix": ""}], "year": 2014, "venue": "Bull World Health Organ", "volume": "92", "issn": "", "pages": "868--80", "other_ids": {}}}, "ref_entries": {"FIGREF0": {"text": "Map -illustrating the border regions between Brazil and the Mercosur member countries. Source: Peiter15", "latex": null, "type": "figure"}, "FIGREF1": {"text": "US-Mexico border. Source: http://www.borderhealth.org/border_region.php", "latex": null, "type": "figure"}, "TABREF0": {"text": "Profile of the respondents, geographic and operational characteristics of the Borders Epidemiological Surveillance System", "latex": null, "type": "table", "html": "<html><body><table><tr><td>\u00a0</td><td>\u00a0</td><td>US-Mexico Border </td><td>Brazilian Border\n</td></tr><tr><td>\u00a0</td><td>\u00a0</td><td>U.S </td><td>Mexico </td><td>Brazil\n</td></tr><tr><td>Number of respondents </td><td>Profile of the respondents\n</td><td>\u00a0</td><td>\u00a0</td></tr><tr><td>\u00a0</td><td>20 </td><td>10 </td><td>17\n</td></tr><tr><td>Operational Level of Respondents </td><td>Federal </td><td>4 </td><td>- </td><td>4\n</td></tr><tr><td>State </td><td>6 </td><td>6 </td><td>3\n</td></tr><tr><td>\u00a0</td><td>Local </td><td>6 </td><td>3 </td><td>8\n</td></tr><tr><td>\u00a0</td><td>Laboratories </td><td>4 </td><td>1 </td><td>2\n</td></tr><tr><td>Border Extension </td><td>Geographic characteristics\n</td><td>\u00a0</td><td>\u00a0</td></tr><tr><td>\u00a0</td><td>\u00a0</td><td>3.141,0 </td><td>3.694,8\n</td></tr><tr><td>Number of Countries Bordering </td><td>\u00a0</td><td>1 </td><td>03\n</td></tr><tr><td>Twin Cities </td><td>\u00a0</td><td>\u00a0</td><td>34 </td><td>21\n</td></tr><tr><td>Population </td><td>\u00a0</td><td>\u00a0</td><td>12.000.000 </td><td>6.186.840 numerous\n</td></tr><tr><td>Points of Entry </td><td>\u00a0</td><td>\u00a0</td><td>43 </td><td>\u00a0</td></tr><tr><td>Operational characteristics\n</td><td>\u00a0</td><td>\u00a0</td></tr><tr><td>Presence of Quarantine Station </td><td>Yes </td><td>No\n</td></tr><tr><td>Border Offices </td><td>\u00a0</td><td>Yes </td><td>No\n</td></tr><tr><td>\u00a0</td><td>Border Type (open or closed) </td><td>Closed </td><td>Open\n</td></tr></table></body></html>"}, "TABREF1": {"text": "Organizational priorities, information exchange and Binational Notification of the Borders Epidemiological Surveillance System", "latex": null, "type": "table", "html": "<html><body><table><tr><td>\u00a0</td><td>\u00a0</td><td>US-Mexico Border </td><td>Brazilian Border\n</td></tr><tr><td>\u00a0</td><td>\u00a0</td><td>U.S </td><td>Mexico </td><td>Brazil\n</td></tr><tr><td>\u00a0</td><td>Organizational priorities\n</td><td>\u00a0</td><td>\u00a0</td></tr><tr><td>Border surveillance is recognized as a priority for\n</td><td>Federal </td><td>55% </td><td>78% </td><td>62%\n</td></tr><tr><td>\u00a0</td><td>\u00a0</td><td>\u00a0</td><td>\u00a0</td></tr><tr><td>State </td><td>55% </td><td>78% </td><td>44%\n</td></tr><tr><td>Binational notification is recognized as </td><td>Local </td><td>65% </td><td>78% </td><td>77%\n</td></tr><tr><td>\u00a0</td><td>High </td><td>\u00a0</td><td>High\n</td></tr><tr><td>Information exchange and Binational Notification </td><td>\u00a0</td></tr><tr><td>Availability of Protocol tween binational public health agencies\n</td><td>\u00a0</td><td>45% </td><td>33% </td><td>29%\n</td></tr><tr><td>Clarity and Well defined of the pathways for communication be-\n</td><td>40% </td><td>22% </td><td>10%\n</td></tr><tr><td>\u00a0</td><td>Familiarity with the contact points involved with the binational notification\n</td><td>55% </td><td>56% </td><td>38%\n</td></tr><tr><td>\u00a0</td><td>Occurrence of binational exchange of epidemiologic information </td><td>80% </td><td>90% </td><td>71%\n</td></tr><tr><td>\u00a0</td><td>Timeliness of epidemiological information sharing </td><td>Always </td><td>Always </td><td>Never\n</td></tr><tr><td>Reciprocity of epidemiological information </td><td>25% </td><td>33% </td><td>40%\n</td></tr><tr><td> Feedback and Follow-up of the information </td><td>Low </td><td>Low </td><td>Low\n</td></tr><tr><td>Completeness of the epidemiological information </td><td>Poor-Fair </td><td>Poor-Fair </td><td>Poor-Fair\n</td></tr><tr><td>Quality of the epidemiological information tional information </td><td>Poor-Fair </td><td>Poor-Fair </td><td>Poor-Fair\n</td></tr><tr><td>\u00a0</td><td>Availability of necessary tools to carry out the exchange of bina-\n</td><td>35% </td><td>45% </td><td>46%\n</td></tr><tr><td>Mechanisms for binational communication\nTelephone Fax </td><td>Electronic web system communications </td><td>42% </td><td>71% </td><td>50%\n</td></tr><tr><td>\u00a0</td><td>14% </td><td>71% </td><td>50%\n</td></tr><tr><td>\u00a0</td><td>\u00a0</td><td>29% </td><td>15% </td><td>50%\n</td></tr><tr><td>\u00a0</td><td>There are no mechanisms of binational communication </td><td>15% </td><td>42% </td><td>50%\n</td></tr><tr><td>\u00a0</td><td>Established mechanisms for sharing personally identifiable in-\n</td><td>40% </td><td>22% </td><td>29%\n</td></tr></table></body></html>"}, "TABREF2": {"text": "Human, financial and technical support, Laboratory and Challenges of the Borders Epidemiological Surveillance System US-Mexico Border Brazilian Border Human, Financial Resources and technical support.", "latex": null, "type": "table"}}, "back_matter": []}