{"paper_id": "0abbc904e7a1b2e1c3ea7be75ee2a61931e0a941", "metadata": {"title": "Automated cell-based luminescence assay for profiling antiviral compound activity against enteroviruses", "authors": [{"first": "Mingyu", "middle": [], "last": "Zhang", "suffix": "", "affiliation": {}, "email": ""}, {"first": "Yong", "middle": [], "last": "Zhang", "suffix": "", "affiliation": {}, "email": ""}, {"first": "Yan", "middle": [], "last": "Wang", "suffix": "", "affiliation": {}, "email": ""}, {"first": "Wanyu", "middle": [], "last": "Lv", "suffix": "", "affiliation": {}, "email": ""}, {"first": "Yanyang", "middle": [], "last": "Zhang", "suffix": "", "affiliation": {}, "email": ""}]}, "abstract": [{"text": "We describe the development, optimisation, and validation of an automated, cell-based and highthroughput screening assay using existing luminescence-based ATPlite reagents for identifying antiviral compounds that inhibit enterovirus replication. Antiviral efficacy was determined by measuring the ATP levels in cells that were protected from the viral cytopathic effect (CPE) by the antiviral compounds pleconaril and rupintrivir. CPE-based assay conditions were optimised at a cell density of 5000 cells/well and a viral infection dose of 100 CCID 50 in 384-well plates. The assay exhibited excellent robustness, with Z\u2032-factor values between 0.75 and 0.82, coefficients of variation between 0.33% and 1.45%, and signal-to-background ratios ranging from 6.92 to 22.6 when testing three enterovirus A71 isolates circulating in China. The assay was also suitable for screening other picornaviruses, such as poliovirus, coxsackievirus, echovirus, and parechovirus.", "cite_spans": [], "ref_spans": [], "section": "Abstract"}, {"text": "Enteroviruses (EVs; genus Enterovirus, family Picornaviridae) are small positive-sense RNA viruses that include human enteroviruses, which comprise more than 100 serotypes and are among the most common pathogens that infect humans worldwide, especially children 1 . Most EV infections are asymptomatic, but some may lead to illnesses, ranging from mild to more severe, or even life-threatening, such as hand, foot, and mouth disease (HFMD), aseptic meningitis, encephalitis, myocarditis, pancreatitis, acute flaccid paralysis, and neonatal sepsis 1 . In recent years, outbreaks of HFMD caused by enterovirus A71 (EV-A71) or coxsackievirus A16 have occcured in China and several countries in Southeast Asia 2-6 . To date, there are no approved specific antiviral therapies available to treat diseases caused by EVs. Thus, there is an urgent need to identify safe and broad-spectrum drugs against existing pathogenic EVs.", "cite_spans": [], "ref_spans": [], "section": "Abstract"}, {"text": "We selected two well-studied compounds with different viral targets, to aid in the assay optimisation. Pleconaril is an enteroviral capsid inhibitor that inhibits enterovirus replication by blocking virus uncoating and release of viral RNA into cells 7,8 . Pleconaril was recently reported to have anti-enterovirus efficacy in the treatment of neonatal sepsis 9-11 . Rupintrivir (also known as AG-7088) is an irreversible inhibitor of the picornaviral 3 C protease, with demonstrated activity against rhinoviruses and several EVs 12-14 .", "cite_spans": [], "ref_spans": [], "section": "Abstract"}, {"text": "To measure cell viability, viral cytopathic effect (CPE) inhibition assays use uptake reagents, such as neutral red, MTT (3-[4,5-dimethylthiazol-2-yl]-2,5-diphenyl tetrazolium bromide), or crystal violet 15 . Limitations of these colorimetric assays include low throughput, requirement for washing steps, low dynamic range, and low signal-to-noise ratio. Cell debris that remains from infected cells can adhere to the microplate, which can result in high background and low signal-to-noise 15 . To overcome these disadvantages, we implemented an alternative assay format using an adenosine triphosphate (ATP) luminescence readout previously developed and validated for a panel of positive-strand RNA viruses 15 . The ATPlite luminescence assay has been used to measure intracellular ATP as a function of cell number and/or viability 16, 17 . The advantages of these types of assays are their homogeneous nature, their ability to use both adherent or non-adherent cell lines, and amenability to automation and high-throughput screening (HTS). Our experiments sought to confirm this.", "cite_spans": [{"start": 833, "end": 836, "text": "16,", "ref_id": "BIBREF15"}, {"start": 837, "end": 839, "text": "17", "ref_id": "BIBREF16"}], "ref_spans": [], "section": "Abstract"}], "body_text": [{"text": "www.nature.com/scientificreports www.nature.com/scientificreports/ In this study, we describe the optimisation, validation and implementation of an automated cell-based, homogeneous luminescence assay to profile antiviral activity of picornavirus inhibitors against several different EV serotypes, clinical isolates and related picornaviruses.", "cite_spans": [], "ref_spans": [], "section": ""}, {"text": "Design of automated HTS assay platform. We implemented an automated platform (Fig. 1) , which took advantage of the homogeneous assay format and ATP/luminescence readout. Small-footprint liquid handlers and reagent dispensers allowed the use of our existing biosafety cabinets. Minimal change to current laboratory space was needed. User-friendly software and custom-written scripts helped the end user in the steep learning curve. A significant component of this platform was the use of the SOLO single-channel robotic workstation and the Bravo Liquid Handling Platform, both of which allowed miniaturisation of the assay from the 300 \u03bcL-96-well to the 30 \u00b5L-384-well format. This reduced reagent cost and facilitated HTS. Small volume transfers and 384-well serial dilutions were performed with greater accuracy and precision than manual transfers, without the concern of user error (data not shown).", "cite_spans": [], "ref_spans": [{"start": 77, "end": 85, "text": "(Fig. 1)", "ref_id": "FIGREF1"}], "section": "Results"}, {"text": "Assay optimisation. We explored the optimisation of the automated assay ( Fig. 1 ) with acceptable accuracy, precision and sensitivity that would be amenable to a high-throughput setting. Accuracy expresses the closeness of agreement between the value accepted as either a conventional true value or an accepted reference value, and the actual measured value. It is typically measured as percent coefficient of variation (%CV).", "cite_spans": [], "ref_spans": [{"start": 74, "end": 80, "text": "Fig. 1", "ref_id": "FIGREF1"}], "section": "Results"}, {"text": "The accuracy was determined by replicate analysis of samples containing a known concentration of rupintrivir. Food and Drug Administration guidelines recommend that the %CV should be within +/\u221215% at all concentrations (http://www.fda.gov/downloads/ucm070107.pdf).", "cite_spans": [], "ref_spans": [], "section": "Results"}, {"text": "Precision describes the closeness or scatter of individual measures of an analyte obtained for replicate samplings of a homogeneous sample. It is typically measured as %CV. The %CV should be within +/\u221215% at all 4 5 6 7 8 9 10 11 12 13 14 15 16 17 18 19 20 21 22 23 24 www.nature.com/scientificreports www.nature.com/scientificreports/ concentrations, except for the lower limit of quantitation, where it should not exceed 20% of the CV. (http://www. fda.gov/downloads/ucm070107.pdf).", "cite_spans": [], "ref_spans": [], "section": "Results"}, {"text": "Sensitivity is defined as the lowest concentration that can be measured with an acceptable limit of accuracy and precision (http://www.fda.gov/downloads/ucm070107.pdf).", "cite_spans": [], "ref_spans": [], "section": "Results"}, {"text": "optimisation of cell density. Cell seeding density in 384-well plates was optimised to prevent possible cell overgrowth, which may affect assay sensitivity, and to establish a consistently strong luminescent signal. RD (human rhabdomyosarcoma) cells were seeded in the 384-well microplates at different densities (Fig. 2) . The cells were allowed to grow for 72 hours post-seeding, and cell viability was evaluated by adding the ATPlite reagent and reading the luminescence signal. A cell density of 5000 RD cells/well was chosen for the assay because this density gave a consistent and strong luminescence signal, with a good signal-to-background ratio (S/B) ratio and low variability (Fig. 2) . Optimal densities for Vero (African green monkey kidney) cells and HeLa (human cervical adenocarcinoma) cells were determined in a similar manner and using the same optimal seeding density. optimisation of virus titre. Virus stocks were titrated to determine the dilution that gave optimal sensitivity in the assay. For each virus, the titre was determined by the endpoint dilution method using half-log dilutions in 96-well microplates. A panel of enterovirus and parechovirus strains was established with cell selection and incubation times based on previous experiments 18 . Twelve-point, half-log 10 serial dilutions of each virus (Fig. 3 ) were made to determine the starting dilution for use in the automated 384-well assay and to ensure a full dynamic range of the CPE. The starting virus dilutions were selected based on the initial linear portion of the curve for each virus. To induce CPE in at least 80% of the cells, a viral dilution of 100 CCID 50 was used.", "cite_spans": [], "ref_spans": [{"start": 313, "end": 321, "text": "(Fig. 2)", "ref_id": "FIGREF2"}, {"start": 686, "end": 694, "text": "(Fig. 2)", "ref_id": "FIGREF2"}, {"start": 1332, "end": 1339, "text": "(Fig. 3", "ref_id": "FIGREF4"}], "section": "Results"}, {"text": "Validation of automated assay for use in HTS. We evaluated whether the automated assay was suitable for use in a high-throughput setting. The liquid handling instrumentation was configured and the assay robustness was determined using the Z\u2032-factor 19 . The Z\u2032-factor is a coefficient that takes into account the assay signal dynamic range and data variability. Assays with a Z\u2032-factor \u2265 0.5 are considered robust for HTS 19 . During assay development, we defined the optimal assay parameters, including cell density, linear range of detection, Z\u2032-factor [Z\u02b9 = 1 \u2212 3 (SD DMSO + SD compound )/|mean DMSO \u2212 mean compound |], %CV [SD (signal)/average (signal) \u00d7 100], and S/B (fold-increase) [signal (cell control)/background (virus control)]. Lower %CV and higher S/B values can contribute to increased assay robustness. Our assay demonstrated robustness, with a high degree of reproducibility, low deviation (including a reproducible Z\u2032-factor between 0.75 and 0.82), and a %CV between 0.33 and 1.45, with S/B ratios ranging from 6.92 to 22.6 ( Fig. 4 ) when using different EV-A71 isolates ( Table 1 ). The additional viruses tested also met these criteria for robustness, with similar results obtained (data not shown).", "cite_spans": [{"start": 249, "end": 251, "text": "19", "ref_id": "BIBREF18"}, {"start": 422, "end": 424, "text": "19", "ref_id": "BIBREF18"}], "ref_spans": [{"start": 1044, "end": 1050, "text": "Fig. 4", "ref_id": "FIGREF6"}, {"start": 1092, "end": 1099, "text": "Table 1", "ref_id": null}], "section": "Results"}, {"text": "We explored the ability of two documented antiviral compounds (pleconaril and rupintrivir) to inhibit EV isolates and clinical samples (Table 1) . Neither compound exhibited cytotoxicity at 10 \u00b5M in the automated 384-well luminescent ATP-readout assay or a 96-well assay using a crystal violet readout (Fig. 5) . Although a very small subset of EVs was tested, some trends were observed. Pleconaril had more potent 50% effective concentration (EC 50 ) values against PV Sabin strains 1 and 2 (0.048 and 0.063 \u00b5M, respectively) compared to those of rupintrivir (0.221 and 0.289 \u00b5M, respectively). Both compounds had significantly higher antiviral activity against a clinical isolate of coxsackievirus B strain than against a coxsackievirus A strain (0.345 and 0.156 \u00b5M compared to 3.15 and 6.52 \u00b5M, respectively). Neither compound exhibited antiviral activity against the two types of parechovirus tested. A very pronounced difference was observed when comparing the activities against EV-D68 (strain Fermon). Pleconaril displayed antiviral activity at 0.36 \u00b5M, whereas rupintrivir exhibited low, nanomolar antiviral activity of 0.003 \u00b5M. This may be due to the targeting of different viral proteins. We tested pleconaril and rupintrivir against four EV-A71 strains. Interestingly, pleconaril had no antiviral activity against any EV-A71 strain (Fig. 6 ). Rupintrivir exhibited antiviral activity of 0.332, 0.423, and 0.359 \u00b5M for three strains circulating in mainland of China (HuN13-1, AH-FY-04 and SH-17, respectively). www.nature.com/scientificreports www.nature.com/scientificreports/", "cite_spans": [], "ref_spans": [{"start": 135, "end": 144, "text": "(Table 1)", "ref_id": null}, {"start": 302, "end": 310, "text": "(Fig. 5)", "ref_id": "FIGREF7"}, {"start": 1344, "end": 1351, "text": "(Fig. 6", "ref_id": "FIGREF8"}], "section": "Application of HTS assay for enterovirus susceptibility to known antiviral compounds."}, {"text": "Most conventional cell-based antiviral drug screening assays were developed based on cell viability assays (ATPase, kinase activity, and cytotoxicity). The introduction of CPE-based assays using an ATP/luminescence readout of antiviral activity has been recently reported for influenza virus, severe acute respiratory syndrome coronavirus, yellow fever virus, and coxsackievirus [20] [21] [22] [23] . This approach measures ATP levels in live cells protected from virus-induced CPE by the presence of antiviral compounds using an ATP-specific luminescent reagent. The advantages of assays with an ATP/luminescence readout are their high-throughput and homogenous (mix and measure) assay format. Homogeneous assays also have the advantage that non-adherent cell lines can be used if desired, and they are amenable to high-density plate formats that can be easily automated. In initial work with RD cells, we observed that these cells did not adhere well to plastic 96-well plates and were easily washed off by our automated system (data not shown). This excluded the use of RD cells in CPE assays requiring adherence of cells prior to staining, which was a distinct disadvantage because RD cells are the optimal cell line for many EVs. In addition, Vero cells do not wash off the plastic cleanly, so reagents like crystal violet stain cell debris that remains adherent, making it difficult to differentiate dead cells from live ones. luminescence of ATPlight www.nature.com/scientificreports www.nature.com/scientificreports/ Our CPE-based enterovirus antiviral assay used the ATPlite reagent, as the ATP/luminescence readout was easily adapted for use with automation platforms. This assay is also adaptable for use with other cytolytic picornaviruses, using a variety of cell lines in 384-well plates.", "cite_spans": [{"start": 379, "end": 383, "text": "[20]", "ref_id": "BIBREF19"}, {"start": 384, "end": 388, "text": "[21]", "ref_id": "BIBREF20"}, {"start": 389, "end": 393, "text": "[22]", "ref_id": "BIBREF21"}, {"start": 394, "end": 398, "text": "[23]", "ref_id": "BIBREF22"}], "ref_spans": [], "section": "Discussion"}, {"text": "Here, an automated, high-throughput, cell-based assay was developed, validated and implemented to profile the efficacy of antiviral compounds against EVs in cell culture. Cell viability measured by ATP detection with a luminescent readout was used as the endpoint. The antiviral compounds pleconaril, a capsid inhibitor, and rupintrivir, a 3C protease inhibitor, were evaluated as model drugs for the inhibition of representative EVs and human parechoviruses. This HTS-suitable assay performed consistently and accurately in an automation-friendly format. This assay is suitable for use to profile other picornavirus inhibitors. Automated luminescent antiviral assay. A multichannel pipette was used to transfer 5 \u00b5L of 2 mM stock compounds from the stock compound plate (Fig. 1) to rows A and B of a 96-well flat-bottom polystyrene plate (Corning, Corning, NY) containing 245 \u00b5L MEM containing 2% FBS (dilution plate). The MicroFlo Select dispenser (BioTek, Winooski, VT), equipped with a rotational wrist and 30-plate stackers, was used to add 60 \u00b5L MEM with 2% FBS medium to all wells of a 384-well white flat-bottom plate (Perkin-Elmer, Waltham, MA). The SOLO single-channel robotic workstation (Hudson Robotics Inc., Springfield, NJ) was used to transfer 30 \u00b5L of the compound dilutions in quadruplicate into the 384-well serial dilution plates (Fig. 1) . The Bravo Liquid Handling Platform (Agilent Technologies, Inc., Santa Clara, CA) executed 30 \u00b5L half-log 10 serial dilutions in the serial dilution plate and then transferred 5 \u00b5L of the diluted compounds into multiple assay plates (Fig. 1) . Cells were diluted to 2.5 \u00d7 10 5 cells/mL in MEM with 2% FBS, and 20 \u00b5L were added to each well of the assay plates using the MicroFlo Select reagent dispenser. The assay plates containing compound dilutions and cells were incubated for 1 hour at room temperature prior to adding 100 CCID 50 dilutions of viruses. The MicroFlo Select reagent dispenser was used to dispense 5 \u00b5L of virus in MEM (Gibco) with 2% FBS (HyClone, Thermo Fisher Scientific, Waltham, MA) to 384-well assay plates. Viruses were added to the entire plate, including virus control wells that did not contain test compound. The assay plates were covered with a plate lid, wrapped in plastic wrap www.nature.com/scientificreports www.nature.com/scientificreports/ with a wet paper towel placed at the bottom of the stack and incubated at 37 \u00b0C in a 5% CO 2 atmosphere for 3-7 days, depending on the virus and cell line 18, 24 . The final assay volume was 30 \u00b5L.", "cite_spans": [{"start": 2493, "end": 2496, "text": "18,", "ref_id": "BIBREF17"}, {"start": 2497, "end": 2499, "text": "24", "ref_id": "BIBREF23"}], "ref_spans": [{"start": 771, "end": 779, "text": "(Fig. 1)", "ref_id": "FIGREF1"}, {"start": 1350, "end": 1358, "text": "(Fig. 1)", "ref_id": "FIGREF1"}, {"start": 1593, "end": 1601, "text": "(Fig. 1)", "ref_id": "FIGREF1"}], "section": "Discussion"}, {"text": "After the appropriate incubation period of the cell-virus combination, 15 \u00b5L of cell lysis buffer followed by 15 \u00b5L of reconstituted substrate solution were added to each well using the MicroFlo Select reagent dispenser. After incubation for 10 minutes in the dark, the resulting luminescence was read on a Victor X4 plate reader with a 0.1 second integration for each well. Raw luminescence counts were exported in Excel software (Microsoft, Redmond, WA) to custom spreadsheets that calculated the percent inhibition of CPE in each well. The definition of the percent inhibition of CPE was calculated as:", "cite_spans": [], "ref_spans": [], "section": "Methods"}, {"text": "Colorimetric antiviral assay. An in vitro CPE assay (signal-to-noise ratio >5) was used to calculate the EC 50 , expressed in \u00b5M, for a given virus isolate. Compound and virus were combined with cells (2 \u00d7 10 5 cells/ well) in 96-well plates, starting at 10 \u00b5M of the compound. To ensure that endpoints from compound and virus titrations were reached, 11 seven-point titration curves were performed in 0.5 log 10 steps with duplicate wells for each compound-virus concentration. Three replicate tests were run for each virus, unless otherwise stated. After appropriate incubation at 37 \u00b0C, cells were stained with crystal violet (0.05% crystal violet, 0.5% Tween-20 and 50% ethanol in deionized water) and washed three times with deionized water. Plates were air-dried and viral CPE was measured by determining the absorbance at 590 nm. www.nature.com/scientificreports www.nature.com/scientificreports/ each virus-compound combination. If the results of the five tests fell within one half-log 10 drug dilution, the mean EC 50 value with the standard deviation of the mean was reported. If the results were not within one drug dilution, another five tests were conducted, and the results were averaged. If the virus dilution did not achieve the desired >80% destruction of cells, the virus was passaged to increase the titre. If the virus was inhibited at all compound concentrations, the test was repeated starting at a 10-fold lower concentration of the compound.", "cite_spans": [], "ref_spans": [], "section": "Percent inhibition of CPE [(Cells treatedvirus) (Cells virus)]/[Cells only (Cells virus)]"}, {"text": "The data used to support the findings of this study are included within the article.", "cite_spans": [], "ref_spans": [], "section": "Data Availability"}], "bib_entries": {"BIBREF0": {"ref_id": "b0", "title": "Enteroviruses: Polioviruses, Coxsackieviruses, Echoviruses, and Newer Enteroviruses", "authors": [{"first": "M", "middle": ["A"], "last": "Pallansch", "suffix": ""}, {"first": "M", "middle": ["S"], "last": "Oberste", "suffix": ""}, {"first": "J", "middle": ["L"], "last": "Whitton", "suffix": ""}], "year": 2013, "venue": "", "volume": "", "issn": "", "pages": "490--530", "other_ids": {}}, "BIBREF1": {"ref_id": "b1", "title": "An outbreak of hand, foot, and mouth disease associated with subgenotype C4 of human enterovirus 71 in Shandong", "authors": [{"first": "Y", "middle": [], "last": "Zhang", "suffix": ""}], "year": 2009, "venue": "China. J Clin Virol", "volume": "44", "issn": "", "pages": "262--267", "other_ids": {"DOI": ["10.1016/j.jcv.2009.02.002"]}}, "BIBREF2": {"ref_id": "b2", "title": "Enterovirus 71 outbreak in the People's Republic of China in 2008", "authors": [{"first": "F", "middle": [], "last": "Yang", "suffix": ""}], "year": 2009, "venue": "J Clin Microbiol", "volume": "47", "issn": "", "pages": "2351--2352", "other_ids": {"DOI": ["10.1128/JCM.00563-09"]}}, "BIBREF3": {"ref_id": "b3", "title": "Molecular evidence of persistent epidemic and evolution of subgenotype B1 coxsackievirus A16-associated hand, foot, and mouth disease in China", "authors": [{"first": "", "middle": [], "last": "Zhang", "suffix": ""}], "year": 2010, "venue": "J Clin Microbiol", "volume": "48", "issn": "", "pages": "619--622", "other_ids": {"DOI": ["10.1128/JCM.02338-09"]}}, "BIBREF4": {"ref_id": "b4", "title": "The largest outbreak of hand; foot and mouth disease in Singapore in 2008: the role of enterovirus 71 and coxsackievirus A strains", "authors": [{"first": "Y", "middle": [], "last": "Wu", "suffix": ""}], "year": 2010, "venue": "Int J Infect Dis", "volume": "14", "issn": "", "pages": "1076--1081", "other_ids": {"DOI": ["10.1016/j.ijid.2010.07.006"]}}, "BIBREF5": {"ref_id": "b5", "title": "Human enterovirus 71 disease in Sarawak, Malaysia: a prospective clinical, virological, and molecular epidemiological study", "authors": [{"first": "M", "middle": ["H"], "last": "Ooi", "suffix": ""}], "year": 2007, "venue": "Clin Infect Dis", "volume": "44", "issn": "", "pages": "646--656", "other_ids": {"DOI": ["10.1086/511073"]}}, "BIBREF6": {"ref_id": "b6", "title": "Activity of pleconaril against enteroviruses", "authors": [{"first": "D", "middle": ["C"], "last": "Pevear", "suffix": ""}, {"first": "T", "middle": ["M"], "last": "Tull", "suffix": ""}, {"first": "M", "middle": ["E"], "last": "Seipel", "suffix": ""}, {"first": "J", "middle": ["M"], "last": "Groarke", "suffix": ""}], "year": 1999, "venue": "Antimicrob Agents Chemother", "volume": "43", "issn": "", "pages": "2109--2115", "other_ids": {}}, "BIBREF7": {"ref_id": "b7", "title": "In vitro and in vivo evaluation of ribavirin and pleconaril antiviral activity against enterovirus 71 infection", "authors": [{"first": "G", "middle": [], "last": "Zhang", "suffix": ""}], "year": 2012, "venue": "Arch Virol", "volume": "157", "issn": "", "pages": "669--679", "other_ids": {"DOI": ["10.1007/s00705-011-1222-6"]}}, "BIBREF8": {"ref_id": "b8", "title": "A Randomized, Double-Blind, Placebo-Controlled Trial of Pleconaril for the Treatment of Neonates With Enterovirus Sepsis", "authors": [{"first": "M", "middle": ["J"], "last": "Abzug", "suffix": ""}], "year": 2016, "venue": "Journal of the Pediatric Infectious Diseases Society", "volume": "5", "issn": "", "pages": "53--62", "other_ids": {"DOI": ["10.1093/jpids/piv015"]}}, "BIBREF9": {"ref_id": "b9", "title": "Double blind placebo-controlled trial of pleconaril in infants with enterovirus meningitis", "authors": [{"first": "M", "middle": ["J"], "last": "Abzug", "suffix": ""}], "year": 2003, "venue": "Pediatr Infect Dis J", "volume": "22", "issn": "", "pages": "335--341", "other_ids": {}}, "BIBREF10": {"ref_id": "b10", "title": "Exploration of the anti-enterovirus activity of a series of pleconaril/pirodavir-like compounds", "authors": [{"first": "A", "middle": [], "last": "Bernard", "suffix": ""}], "year": 2015, "venue": "Antivir Chem Chemother", "volume": "24", "issn": "", "pages": "56--61", "other_ids": {"DOI": ["10.1177/2040206615589035"]}}, "BIBREF11": {"ref_id": "b11", "title": "In vitro antiviral activity and single-dose pharmacokinetics in humans of a novel, orally bioavailable inhibitor of human rhinovirus 3C protease", "authors": [{"first": "A", "middle": ["K"], "last": "Patick", "suffix": ""}], "year": 2005, "venue": "Antimicrobial agents and chemotherapy", "volume": "49", "issn": "", "pages": "2267--2275", "other_ids": {"DOI": ["10.1128/AAC.49.6.2267-2275.2005"]}}, "BIBREF12": {"ref_id": "b12", "title": "The enterovirus protease inhibitor rupintrivir exerts cross-genotypic anti-norovirus activity and clears cells from the norovirus replicon", "authors": [{"first": "J", "middle": [], "last": "Rocha-Pereira", "suffix": ""}], "year": 2014, "venue": "Antimicrob Agents Chemother", "volume": "58", "issn": "", "pages": "4675--4681", "other_ids": {"DOI": ["10.1128/AAC.02546-13"]}}, "BIBREF13": {"ref_id": "b13", "title": "The enterovirus 3C protease inhibitor SG85 efficiently blocks rhinovirus replication and is not cross-resistant with rupintrivir", "authors": [{"first": "C", "middle": [], "last": "Lacroix", "suffix": ""}, {"first": "S", "middle": [], "last": "George", "suffix": ""}, {"first": "P", "middle": [], "last": "Leyssen", "suffix": ""}, {"first": "R", "middle": [], "last": "Hilgenfeld", "suffix": ""}, {"first": "J", "middle": [], "last": "Neyts", "suffix": ""}], "year": 2015, "venue": "Antimicrob Agents Chemother", "volume": "59", "issn": "", "pages": "5814--5818", "other_ids": {"DOI": ["10.1128/AAC.00534-15"]}}, "BIBREF14": {"ref_id": "b14", "title": "Development of robust antiviral assays for profiling compounds against a panel of positive-strand RNA viruses using ATP/luminescence readout", "authors": [{"first": "E", "middle": [], "last": "Gong", "suffix": ""}, {"first": "T", "middle": [], "last": "Ivens", "suffix": ""}, {"first": "C", "middle": [], "last": "Van Den Eynde", "suffix": ""}, {"first": "S", "middle": [], "last": "Hallenberger", "suffix": ""}, {"first": "K", "middle": [], "last": "Hertogs", "suffix": ""}], "year": 2008, "venue": "J Virol Methods", "volume": "151", "issn": "", "pages": "121--125", "other_ids": {"DOI": ["10.1016/j.jviromet.2008.03.012"]}}, "BIBREF15": {"ref_id": "b15", "title": "Comparison of in vitro assays of cellular toxicity in the human hepatic cell line HepG2", "authors": [{"first": "S", "middle": [], "last": "Miret", "suffix": ""}, {"first": "E", "middle": ["M"], "last": "De Groene", "suffix": ""}, {"first": "W", "middle": [], "last": "Klaffke", "suffix": ""}], "year": 2006, "venue": "Journal of biomolecular screening", "volume": "11", "issn": "", "pages": "184--193", "other_ids": {"DOI": ["10.1177/1087057105283787"]}}, "BIBREF16": {"ref_id": "b16", "title": "Inhibitory effect of certain neuropeptides on the proliferation of human retinal pigment epithelial cells", "authors": [{"first": "J", "middle": [], "last": "Troger", "suffix": ""}], "year": 2003, "venue": "The British journal of ophthalmology", "volume": "87", "issn": "", "pages": "1403--1408", "other_ids": {}}, "BIBREF17": {"ref_id": "b17", "title": "Growth characteristics of human parechovirus 1 to 6 on different cell lines and cross-neutralization of human parechovirus antibodies: a comparison of the cytopathic effect and real time PCR", "authors": [{"first": "B", "middle": ["M"], "last": "Westerhuis", "suffix": ""}, {"first": "S", "middle": ["C"], "last": "Jonker", "suffix": ""}, {"first": "S", "middle": [], "last": "Mattao", "suffix": ""}, {"first": "K", "middle": ["S"], "last": "Benschop", "suffix": ""}, {"first": "K", "middle": ["C"], "last": "Wolthers", "suffix": ""}], "year": 2013, "venue": "Virology journal", "volume": "10", "issn": "", "pages": "", "other_ids": {"DOI": ["10.1186/1743-422X-10-146"]}}, "BIBREF18": {"ref_id": "b18", "title": "Simple Statistical Parameter for Use in Evaluation and Validation of High Throughput Screening Assays", "authors": [{"first": "J", "middle": ["H"], "last": "Zhang", "suffix": ""}, {"first": "T", "middle": ["D"], "last": "Chung", "suffix": ""}, {"first": "K", "middle": ["R"], "last": "Oldenburg", "suffix": ""}], "year": 1999, "venue": "Journal of biomolecular screening", "volume": "4", "issn": "", "pages": "67--73", "other_ids": {"DOI": ["10.1177/108705719900400206"]}}, "BIBREF19": {"ref_id": "b19", "title": "A cell-based luminescence assay is effective for high-throughput screening of potential influenza antivirals", "authors": [{"first": "J", "middle": ["W"], "last": "Noah", "suffix": ""}], "year": 2007, "venue": "Antiviral research", "volume": "73", "issn": "", "pages": "50--59", "other_ids": {"DOI": ["10.1016/j.antiviral.2006.07.006"]}}, "BIBREF20": {"ref_id": "b20", "title": "High-throughput screening of a 100,000-compound library for inhibitors of influenza A virus (H3N2)", "authors": [{"first": "W", "middle": ["E"], "last": "Severson", "suffix": ""}], "year": 2008, "venue": "Journal of biomolecular screening", "volume": "13", "issn": "", "pages": "879--887", "other_ids": {"DOI": ["10.1177/1087057108323123"]}}, "BIBREF21": {"ref_id": "b21", "title": "Development and validation of a high-throughput screen for inhibitors of SARS CoV and its application in screening of a 100,000-compound library", "authors": [{"first": "W", "middle": ["E"], "last": "Severson", "suffix": ""}], "year": 2007, "venue": "Journal of biomolecular screening", "volume": "12", "issn": "", "pages": "33--40", "other_ids": {"DOI": ["10.1177/1087057106296688"]}}, "BIBREF22": {"ref_id": "b22", "title": "Fluoxetine is a potent inhibitor of coxsackievirus replication", "authors": [{"first": "", "middle": [], "last": "Zuo", "suffix": ""}], "year": 2012, "venue": "Antimicrob Agents Chemother", "volume": "56", "issn": "", "pages": "4838--4844", "other_ids": {"DOI": ["10.1128/AAC.00983-12"]}}, "BIBREF23": {"ref_id": "b23", "title": "Anti-poliovirus activity of protease inhibitor AG-7404, and assessment of in vitro activity in combination with antiviral capsid inhibitor compounds", "authors": [{"first": "E", "middle": [], "last": "Rhoden", "suffix": ""}, {"first": "H", "middle": ["M"], "last": "Liu", "suffix": ""}, {"first": "S", "middle": ["W"], "last": "Wang-Chern", "suffix": ""}, {"first": "M", "middle": ["S"], "last": "Oberste", "suffix": ""}], "year": 2013, "venue": "Antiviral Res", "volume": "98", "issn": "", "pages": "186--191", "other_ids": {"DOI": ["10.1016/j.antiviral.2013.03.003"]}}}, "ref_entries": {"FIGREF0": {"text": "(2019) 9:6023 | https://doi.org/10.1038/s41598-019-42160-7", "latex": null, "type": "figure"}, "FIGREF1": {"text": "Automated luminescent HTS assay workflow.", "latex": null, "type": "figure"}, "FIGREF2": {"text": "Optimization of RD cell density. Dilutions of RD cells were incubated in 384-well microplates containing MEM with 2% FBS for 72 hours at 37 \u00b0C. After incubation, ATPlite reagent was added, and the resulting luminescence was read on a Victor X4 plate reader.", "latex": null, "type": "figure"}, "FIGREF4": {"text": "Titration of enteroviruses. HeLa, RD, and Vero cell lines in 50 \u00b5L MEM with 2% FBS were inoculated with 50 \u00b5L of 0.5-log serial dilutions (in quadruplicate) of viruses and incubated for 72 hours (poliovirus Sabin 2, echovirus 11, and coxsackievirus A24), 120 hours (EV-D68), or 168 hours (HPeV). After incubation, an equal volume of ATPlite reagent was added to determine cell viability (luminescence). The linear range of detection for each virus and cell combination is depicted in the frame and was used to determine the 100 CCID 50 dilution.(a), poliovirus (Sabin2); (b), CV-A24 (92183); (c), EV-D68 (Ferman); (d), Echovirus 11 (US/CA/23901); (e), HpeV-1 (Harris); (f), HpeV-3 (US/WI/09). Scientific RepoRts | (2019) 9:6023 | https://doi.org/10.1038/s41598-019-42160-7", "latex": null, "type": "figure"}, "FIGREF5": {"text": "Viruses and cell lines.Polioviruses  type 1 and 2 (Sabin vaccine strains) were obtained from the National Institute of Biological Standards and Control (Potters Bar, UK). Coxsackievirus A24 (strain 92183), coxsackievirus B3 (strain US/MO/23558), echovirus 11 (strain US/CA/23901), enterovirus D68 (strain Fermon), and human parechovirus (HPeV) type 1 (strain Harris; formerly echovirus 22) were originally obtained in the 1970s", "latex": null, "type": "figure"}, "FIGREF6": {"text": "Validation of automated assay for use in high-throughput screening. Determination of the Z\u2032-factor, %CV, signal-to-background (S/B), and EC 50 were performed on EV-A71 virus isolates from strains circulating in mainland of China. (a), strain HuN13-1; (b), strain AH-FY-04; and (c), strain SH-17. Approximately 5000 RD cells were seeded in 384-well plates and infected with a 100 CCID 50 dilution of viruses. Half of the plate contained virus and no drug (negative control) while the remainder of the plate contained virus and 1 \u00b5M of drug rupintrivir (positive control). After incubation for 72 hours at 37 \u00b0C, ATPlite reagent was added, and the resulting luminescence was read on a Victor X4 plate reader.", "latex": null, "type": "figure"}, "FIGREF7": {"text": "Cytotoxicity of reference compounds. Reference compounds were evaluated in two CPE-based assays. Dilutions of compounds were added to RD cell monolayers in 384-well microplates (luminescent readout, solid symbols) and 96-well microplates (crystal violet readout, open symbols). Assays were incubated for 72 hours at 37 \u00b0C. Data represents a mean of four independent experiments.", "latex": null, "type": "figure"}, "FIGREF8": {"text": "Data analyses. Data were analysed by a four-parameter curve-fitting using GraphPad Prism (version 5.0.3, GraphPad Software, LaJolla, CA) to calculate the EC 50 of each compound. A minimum of five tests were run on EC 50 determination of reference compounds. The automated luminescence assay was used to determine the potency of rupintrivir and pleconaril against EV-A71 strains recently circulating in China (strains HuN13-1, AHFY-04 and SH-17). Data represents a mean of four independent experiments. The equation used to calculate the percent inhibition of CPE is: % inhibition of CPE = [(Cells + treated virus) \u2212 (Cells + virus)]/ [Cells only \u2212 (Cells + virus)].", "latex": null, "type": "figure"}}, "back_matter": [{"text": "The author thanks Eric Rhoden, and Hongmei Liu, Polio and Picornavirus Laboratory Branch, Division of Viral Diseases, Centers for Disease Control and Prevention, Atlanta, GA, USA, for assay development and EV-A71 virus purification. This study was supported by the National Key Science and Technology Projects of China (Project Nos 2018ZX10711001 and 2017ZX10104001).", "cite_spans": [], "ref_spans": [], "section": "Acknowledgements"}, {"text": "Competing Interests: The authors declare no competing interests.Publisher's note: Springer Nature remains neutral with regard to jurisdictional claims in published maps and institutional affiliations.Open Access This article is licensed under a Creative Commons Attribution 4.0 International License, which permits use, sharing, adaptation, distribution and reproduction in any medium or format, as long as you give appropriate credit to the original author(s) and the source, provide a link to the Creative Commons license, and indicate if changes were made. The images or other third party material in this article are included in the article's Creative Commons license, unless indicated otherwise in a credit line to the material. If material is not included in the article's Creative Commons license and your intended use is not permitted by statutory regulation or exceeds the permitted use, you will need to obtain permission directly from the copyright holder. To view a copy of this license, visit http://creativecommons.org/licenses/by/4.0/.", "cite_spans": [], "ref_spans": [], "section": "Additional Information"}]}