{"paper_id": "0b221e7b8f465cd5a840579983c6c2da5e6318ad", "metadata": {"title": "Development of real-time PCR assays for detection and quantification of human bocavirus", "authors": [{"first": "Jang-Hoon", "middle": [], "last": "Choi", "suffix": "", "affiliation": {"laboratory": "", "institution": "National Institute of Health", "location": {"addrLine": "5 Nokbun-dong, Eunpyung-gu", "postCode": "122-701", "settlement": "Seoul", "country": "Korea, Republic of Korea"}}, "email": ""}, {"first": "Yoon-Seok", "middle": [], "last": "Chung", "suffix": "", "affiliation": {"laboratory": "", "institution": "National Institute of Health", "location": {"addrLine": "5 Nokbun-dong, Eunpyung-gu", "postCode": "122-701", "settlement": "Seoul", "country": "Korea, Republic of Korea"}}, "email": ""}, {"first": "Ki-Soon", "middle": [], "last": "Kim", "suffix": "", "affiliation": {"laboratory": "", "institution": "National Institute of Health", "location": {"addrLine": "5 Nokbun-dong, Eunpyung-gu", "postCode": "122-701", "settlement": "Seoul", "country": "Korea, Republic of Korea"}}, "email": ""}, {"first": "Wan-Ji", "middle": [], "last": "Lee", "suffix": "", "affiliation": {"laboratory": "", "institution": "National Institute of Health", "location": {"addrLine": "5 Nokbun-dong, Eunpyung-gu", "postCode": "122-701", "settlement": "Seoul", "country": "Korea, Republic of Korea"}}, "email": ""}, {"first": "Yup", "middle": [], "last": "Chung", "suffix": "", "affiliation": {"laboratory": "", "institution": "Hanyang University", "location": {"settlement": "Ansan", "country": "Republic of Korea"}}, "email": ""}, {"first": "Hee-Bok", "middle": [], "last": "Oh", "suffix": "", "affiliation": {"laboratory": "", "institution": "National Institute of Health", "location": {"addrLine": "5 Nokbun-dong, Eunpyung-gu", "postCode": "122-701", "settlement": "Seoul", "country": "Korea, Republic of Korea"}}, "email": ""}, {"first": "Chun", "middle": [], "last": "Kang", "suffix": "", "affiliation": {"laboratory": "", "institution": "National Institute of Health", "location": {"addrLine": "5 Nokbun-dong, Eunpyung-gu", "postCode": "122-701", "settlement": "Seoul", "country": "Korea, Republic of Korea"}}, "email": ""}]}, "abstract": [{"text": "Background: Human bocavirus (HBoV) is a parvovirus that has been recently detected in patients with respiratory illness. Objectives: We developed a sensitive, specific, and quantitative real-time PCR assay based on the TaqMan method for HBoV detection and quantification in respiratory specimens. Study design: Three individual real-time PCR assays were designed to amplify HBoV NS1, NP-1, and VP1 genes. For clinical evaluation, 506 nasal aspirates obtained from patients with acute respiratory tract infections during December 2006 to May 2007 were tested. Results: Each assay had a broad dynamic range (50 \u00d7 10 7 to 5 \u00d7 10 7 copies of plasmid DNA) and high inter-and intra-assay reproducibility. The detection limit of each assay was 10 genome copies per reaction, and no crossreactivity with other major respiratory viruses or bacteria was detected. Clinical evaluation revealed that 11 (2.1%) of 506 patients diagnosed with upper respiratory tract infections, pneumonia, bronchitis, pharyngitis, or sinusitis had HBoV detected by all three assays, with viral loads ranging from 8.2 \u00d7 10 4 to 8.1 \u00d7 10 9 copies/ml of specimen. Conclusions: The three assays for HBoV diagnosis and quantification are highly sensitive, specific real-time tools for the reliable epidemiological and pathogenetic study of HBoV infection.", "cite_spans": [], "ref_spans": [], "section": "Abstract"}], "body_text": [{"text": "In 2005, using random amplification methods, human bocavirus (HBoV) was identified from pooled respiratory specimens of children who had lower respiratory tract infections (Allander et al., 2005) .", "cite_spans": [{"start": 172, "end": 195, "text": "(Allander et al., 2005)", "ref_id": "BIBREF0"}], "ref_spans": [], "section": "Introduction"}, {"text": "HBoV is classified into the family Parvoviridae, subfamily Parvovirinae, and genus Bocavirus. Recently, after the initial detection of HBoV in respiratory secretions, several prevalence studies in children with respiratory tract infection reported a worldwide prevalence ranging from 1.5% to 10.3% (Arnold et al., 2006; Bastien et al., 2006; Choi et al., 2006; Kesebir et al., 2006; Ma et al., 2006; Sloots et al., 2006; Weissbrich et al., 2006) .", "cite_spans": [{"start": 298, "end": 319, "text": "(Arnold et al., 2006;", "ref_id": "BIBREF1"}, {"start": 320, "end": 341, "text": "Bastien et al., 2006;", "ref_id": "BIBREF2"}, {"start": 342, "end": 360, "text": "Choi et al., 2006;", "ref_id": "BIBREF3"}, {"start": 361, "end": 382, "text": "Kesebir et al., 2006;", "ref_id": "BIBREF5"}, {"start": 383, "end": 399, "text": "Ma et al., 2006;", "ref_id": "BIBREF7"}, {"start": 400, "end": 420, "text": "Sloots et al., 2006;", "ref_id": "BIBREF10"}, {"start": 421, "end": 445, "text": "Weissbrich et al., 2006)", "ref_id": "BIBREF11"}], "ref_spans": [], "section": "Introduction"}, {"text": "At present, the applicable identification methods for HBoV are conventional and real-time PCR, because HBoV culture and serological methods have not yet been established. In general, real-time PCR has the advantage that amplification and analysis are completed in a closed system, so it is less prone to contamination, and it is more sensitive and specific than conventional PCR, can quantify gene copy numbers, and a large number of samples can be processed in a single step without laborious postanalysis (Espy et al., 2006) . A previous study introduced a real-time PCR method that targeted NS1 and NP-1 genes with high sensitivity and specificity (Lu et al., 2006) .", "cite_spans": [{"start": 507, "end": 526, "text": "(Espy et al., 2006)", "ref_id": "BIBREF4"}, {"start": 651, "end": 668, "text": "(Lu et al., 2006)", "ref_id": "BIBREF6"}], "ref_spans": [], "section": "Introduction"}, {"text": "In this article, we present a highly sensitive and specific TaqMan-based real-time PCR assay for the rapid detection and quantitation of HBoV in clinical specimens.", "cite_spans": [], "ref_spans": [], "section": "Introduction"}, {"text": "The full sequence of HBoV was retrieved from the ST1 strain (GenBank accession no. DQ000495) to design primers and probes. HBoV NS1, NP-1, and VP1 genes were analyzed for target sites that were applicable to TaqMan real-time PCR requirements, using Primer Express software, version 2.0 (Applied Biosystems, Foster City, CA). The TaqMan MGB probes were labeled with FAM at the 5 end and with Black Hole Quencher at the 3 end (Table 1) .", "cite_spans": [], "ref_spans": [{"start": 424, "end": 433, "text": "(Table 1)", "ref_id": "TABREF1"}], "section": "Design of primers and probes"}, {"text": "About 5.2 kbp of the HBoV full genome was amplified with forward primer (5 -GGATTCCAAGATGGCGTCTGT-3 ) and reverse primer (5 -ACACATTAAAAGATATAGAGTTTC-3 ) from a PCRpositive specimen. The product was cloned into plasmid vector pCR2.1-TOPO (Invitrogen, Carlsbad, CA) and verified by sequencing. The pCR2.1-HBoV plasmid was purified with a QIamp mini prep kit (Qiagen, Hilden, Germany) and quantified using UV spectroscopy (2.5 \u00d7 10 7 DNA copies/l). For standard curve generation, serial 10-fold dilutions of the pCR2.1-HBoV plasmid were prepared in 10 mM Tris-EDTA buffer (pH 8.0) and stored at \u221220 \u2022 C.", "cite_spans": [], "ref_spans": [], "section": "Construction of the plasmid DNA standard"}, {"text": "The real-time PCR assay was performed in a 20-l reaction mixture containing 2 l extracted DNA or standard plasmid, 10 l TaqMan Universal PCR Master Mix containing ROX as a passive reference dye (Applied Biosystems), 900 nM each of forward and reverse primer, and 250 nM probe. Amplification and detection were performed in an ABI Prism 7900HT sequence detection system (Applied Biosystems) under the following conditions: uracil-N-glycosylase (UNG) was activated at 50 \u2022 C for 2 min, followed by PCR activation at 95 \u2022 C for 10 min and 40 cycles of amplification (15 s at 95 \u2022 C and 1 min at 60 \u2022 C). Analysis of each assay was performed using Sequence Detector software version 2.1 (Applied Biosystems). The sensitivity of the assays was determined by using 10, 5 and 1 copies of pCR2.1-HBoV plasmid per reaction. For the specificity test, genomes from major causative agents of respiratory illness including DNA/RNA viruses and bacteria were used (Table 2) . Each intra-and interassay was performed in triplicate on three different days to evaluate reproducibility. ", "cite_spans": [], "ref_spans": [{"start": 949, "end": 958, "text": "(Table 2)", "ref_id": "TABREF0"}], "section": "Real-time assay for human bocavirus"}, {"text": "We compared the sensitivity of real-time PCR with conventional PCR performed by amplifying a 346 bp fragment of the NS1 gene (640-986 bp) using the following primer set: F3 (5 -TGGCTACACGTCCTTTTGAACC-3 ) and R2 (5 -GACTTCGTTATCTAGGGTTGCG-3 ). The PCR assays were performed in a 50-l reaction volume containing 4 l DNA extract, 5 l 10\u00d7 PCR buffer, 2 l dNTP mix (final concentration of 400 M of each dNTP), 1 l SP Taq (Cosmo Gentec, Seoul, Korea), 1 l of each primer (10 pM), and nuclease-free water to 50 l. The PCR reaction was carried out at 95 \u2022 C for 15 min, 35 cycles of amplification (30 s at 94 \u2022 C; 30 s at 55 \u2022 C; 30 s at 72 \u2022 C), and a final extension step at 72 \u2022 C for 10 min. The PCR products were run on a 2% agarose gel, stained with SYBR safe DNA gel stain dye (Invitrogen) and visualized under UV light.", "cite_spans": [], "ref_spans": [], "section": "Conventional PCR for human bocavirus"}, {"text": "From December 2006 to May 2007, 506 nasal aspirates were collected from patients with acute respiratory infections who visited local clinics; their median age was 36 months. Specimen collection and study were carried out as part of acute respiratory tract infection surveillance by the Korea Center for Disease Control (KCDC). Informed consent was obtained from the children's parents and patients. The age distribution of the 506 patients was 83 (16.4%) <12 months; 252 (48.8%) 1-5 years; 48 (9.5%) 6-9 years; 37 (7.3%) 10-19 years; 86 (17%) > 20 years. The male to female ratio was 1.0. The diagnoses of the patients were upper respiratory infection in 154; pharyngitis in 112; bronchitis in 49; croup in 3; pneumonia in 36; otitis media in 43; sinusitis in 109. After specimen collection, total nucleic acid was extracted from 200 l aliquots of each specimen within 24 h using an automated MagNa pure LC total nucleic acid extraction kit (Roche Diagnostics, Mannheim, Germany). All specimens were tested for common respiratory viruses (influenza viruses A/B, RSV, PIV 1/2/3, coronaviruses, rhinovirus, and adenoviruses) using a modified version of a previously described multiplex PCR and reverse transcription PCR (Na et al., 2002; Paul et al., 2004) . The rest of the specimens were kept at \u221270 \u2022 C.", "cite_spans": [{"start": 1218, "end": 1235, "text": "(Na et al., 2002;", "ref_id": "BIBREF8"}, {"start": 1236, "end": 1254, "text": "Paul et al., 2004)", "ref_id": "BIBREF9"}], "ref_spans": [], "section": "Clinical specimens"}, {"text": "For quantification of the HBoV, full genome size of HBoV plasmid DNA was used to generate a standard curve. Serial 10-fold dilutions spanning from 50 \u00d7 10 7 to 5 \u00d7 10 7 copies of plasmids were used per reaction mixture and each reaction was performed in triplicate. The standard curves generated in each assay showed amplification efficiencies greater than 89% (NS1, 96.8%; NP-1, 90.5%; VP1, 89.5%) and linear regressions better than 0.99 in all three assays. The dynamic range of the assays was analyzed by means of C T values in 7 log units with corresponding C T values.", "cite_spans": [], "ref_spans": [], "section": "Real-time PCR standard curve and dynamic range"}, {"text": "The detection limit of the assays was determined using 12 replicates of each primer-probe set with 10, 5 and 1 copies of plasmid DNA. Ten copies resulted in a detection rate of 100% (NP-1), 100% (NS1), and 100% (VP1). At five copies the analytical detection limit was decreased to 75% (NP-1), 75% (NS1), and 25% (VP1). At the lowest level of one copy template, NP-1 gene detection (53.3%) was higher than the other target genes, NS1 (33.3%) and VP1 (6.7%).", "cite_spans": [], "ref_spans": [], "section": "Real-time PCR detection limit, specificity, and reproducibility"}, {"text": "The crossreactivity with other DNA viruses such as human parvovirus B19, adenovirus 11, herpes simplex virus 2 and human herpes virus 6, varicella-zoster virus, and respiratory pathogenic bacteria, including Haemophilus influenzae, Legionella pneumophila, Streptococcus pneumoniae, Mycoplasma pneumoniae, and Chlamydia pneumoniae, was assessed by applying each of the three assays to 200 ng of DNA from each species. In addition, the cDNA of respiratory RNA viruses (influenza virus A/B, parainfluenza viruses 1/2/3, RSV, coronavirus 229E/OC43, rhinovirus 13, and enterovirus) was evaluated to exclude possible amplification by reverse transcription. No nonspecific amplification was detected in these samples by any of the three assays.", "cite_spans": [], "ref_spans": [], "section": "Real-time PCR detection limit, specificity, and reproducibility"}, {"text": "The intra-and inter-assay reproducibility was assessed using 10-fold serial dilutions of standard HBoV plasmid DNA ranging from 50 \u00d7 10 7 to 5 \u00d7 10 7 copies in triplicate on three different days. Intra-assay variation ranged from 0.03% to 1.12% and inter-assay variation from 0.03% to 3.43% and showed high assay reproducibility and precision (Table 3) .", "cite_spans": [], "ref_spans": [{"start": 343, "end": 352, "text": "(Table 3)", "ref_id": "TABREF2"}], "section": "Real-time PCR detection limit, specificity, and reproducibility"}, {"text": "To assess the sensitivity of real-time PCR compared with conventional PCR, 10-fold serial dilutions of standard HBoV plasmid DNA ranging from 1 \u00d7 10 2 to 1 \u00d7 10 8 copies as a template were used. The detection limit of the gel-based conventional PCR assay that amplifies 346-bp of the NS1 gene was 1000 copies of HBoV plasmid DNA (Fig. 1) . On the other hand, as shown above, the detection limit of three real-time PCR assays obtained from plasmid DNA samples was as low as 10 copies. The sensitivity of the real-time PCR was equivalent to an increase of two log units over the conventional PCR assay.", "cite_spans": [], "ref_spans": [{"start": 329, "end": 337, "text": "(Fig. 1)", "ref_id": "FIGREF1"}], "section": "Comparison of real-time PCR and conventional PCR assay"}, {"text": "For clinical evaluation, the three newly developed realtime PCR assays were used to detect HBoV in nasal aspirates collected from 506 patients with acute respiratory tract infections. Among them, 11 (2.1%) specimens were positive for three targets, three were positive for two targets (NS1 and VP1), and three were positive for only a single target (two for NP-1 and one for VP1). Positive criteria defined that all three primer-probe sets were positives with more than 10 copies of each target. RT-PCR results for other common respiratory viruses indicated that 80 (15.8%) specimens were positive for rhinovirus, 42 (8.3%) for influenza virus A, 19 (3.7%) for RSV, 4 (0.8%) for adenovirus, 2 (0.4%) for influenza virus B, 1 (0.2%) for parainfluenza virus, and 1 (0.2%) for coronavirus OC43. Among 11 patients who gave HBoV-positive specimens, two patients were coinfected with RSV and one patient with rhinovirus. Interestingly, one sam- ple, which was not positive by conventional PCR, contained a mean of 8.2 \u00d7 10 4 copies/ml of HBoV in real-time PCR assays. Considering all positive assays, the clinical specimen detection limit was around 10 genome copies. The clinical characteristics of positive patients (eight infants and two adults) who were diagnosed with upper respiratory infection, bronchitis, pneumonia, pharyngitis, or sinusitis are described in Table 4 .", "cite_spans": [], "ref_spans": [{"start": 1362, "end": 1369, "text": "Table 4", "ref_id": "TABREF3"}], "section": "Detection of HBoV in clinical specimens"}, {"text": "Our quantitative real-time PCR assays provide sensitive and specific diagnostic tools targeting three putative ORFs and allow quantification of HBoV in clinical specimens. Each assay was performed over a wide dynamic range with low intra-and inter-assay variation, and showed no crossreactivity with other respiratory viruses or bacteria. The sensitivity of the three assays was significantly higher than conventional PCR assay.", "cite_spans": [], "ref_spans": [], "section": "Discussion"}, {"text": "To define positive criteria that minimized false positives, we tested clinical specimens in triplicate, and defined positive results as those where all three independent assays (NS1, NP-1, and VP1) were positive. For practical laboratory application, however, the assay targeting NS1 gene seems to be the most efficient and reliable because the NS1 gene is highly conserved. As in a previous report, we were careful to prevent possible contamination of the PCR, so preparation of the PCR premix, control plasmid DNA, and clinical sample processing were performed in a separate room (Lu et al., 2006) . Moreover, the real-time PCR is performed in a closed system, and UNG was added to the PCR master mix as another level of control for amplicon contamination (Espy et al., 2006) . However, we could not exclude other factors that might lead to false positive results, such as cross-contamination during specimen handling and nucleic acid extraction.", "cite_spans": [{"start": 582, "end": 599, "text": "(Lu et al., 2006)", "ref_id": "BIBREF6"}, {"start": 758, "end": 777, "text": "(Espy et al., 2006)", "ref_id": "BIBREF4"}], "ref_spans": [], "section": "Discussion"}, {"text": "As mentioned above, applicability of these assays for clinical diagnosis was estimated using respiratory specimens from patients with acute respiratory tract infections, and a broad range of HBoV genome copy number was detected. Interestingly, one specimen with a lower viral load among these positives was missed by conventional PCR, reflecting the sensitivity of our real-time assays. Moreover, to the best of our knowledge, this is the first report to identify HBoV infection in adults in Korea. Previously, Lu et al. (2006) reported that HBoV PCR-positive patients with pneumonia had a relatively low viral load. Although more clinical data should be required to interpret correlation between pathogenesis and the viral load, the real-time assays described in this study would provide useful tools for analysis of clinical and molecular epidemiological investigation of HBoV infection.", "cite_spans": [{"start": 511, "end": 527, "text": "Lu et al. (2006)", "ref_id": "BIBREF6"}], "ref_spans": [], "section": "Discussion"}], "bib_entries": {"BIBREF0": {"ref_id": "b0", "title": "Cloning of a human parvovirus by molecular screening of respiratory tract samples", "authors": [{"first": "T", "middle": [], "last": "Allander", "suffix": ""}, {"first": "M", "middle": ["T"], "last": "Tammi", "suffix": ""}, {"first": "M", "middle": [], "last": "Eriksson", "suffix": ""}, {"first": "A", "middle": [], "last": "Bjerkner", "suffix": ""}, {"first": "A", "middle": [], "last": "Tiveljung-Lindell", "suffix": ""}, {"first": "B", "middle": [], "last": "Andersson", "suffix": ""}], "year": 2005, "venue": "Proc Natl Acad Sci", "volume": "102", "issn": "", "pages": "12891--12897", "other_ids": {}}, "BIBREF1": {"ref_id": "b1", "title": "Human bocavirus: prevalence and clinical spectrum at a children's hospital", "authors": [{"first": "J", "middle": ["C"], "last": "Arnold", "suffix": ""}, {"first": "K", "middle": ["K"], "last": "Singh", "suffix": ""}, {"first": "S", "middle": ["A"], "last": "Spector", "suffix": ""}, {"first": "M", "middle": ["H"], "last": "Sawyer", "suffix": ""}], "year": 2006, "venue": "Clin Infect Dis", "volume": "43", "issn": "", "pages": "283--291", "other_ids": {}}, "BIBREF2": {"ref_id": "b2", "title": "Human bocavirus infection", "authors": [{"first": "N", "middle": [], "last": "Bastien", "suffix": ""}, {"first": "K", "middle": [], "last": "Brandt", "suffix": ""}, {"first": "K", "middle": [], "last": "Dust", "suffix": ""}, {"first": "D", "middle": [], "last": "Ward", "suffix": ""}, {"first": "Y", "middle": [], "last": "Li", "suffix": ""}], "year": 2006, "venue": "Can Emerg Infect Dis", "volume": "12", "issn": "", "pages": "848--50", "other_ids": {}}, "BIBREF3": {"ref_id": "b3", "title": "The association of newly identified respiratory viruses with lower respiratory tract infections in Korean children", "authors": [{"first": "E", "middle": ["H"], "last": "Choi", "suffix": ""}, {"first": "H", "middle": ["J"], "last": "Lee", "suffix": ""}, {"first": "S", "middle": ["J"], "last": "Kim", "suffix": ""}, {"first": "B", "middle": ["W"], "last": "Eun", "suffix": ""}, {"first": "N", "middle": ["H"], "last": "Kim", "suffix": ""}, {"first": "J", "middle": ["A"], "last": "Lee", "suffix": ""}], "year": 2000, "venue": "Clin Infect Dis", "volume": "43", "issn": "", "pages": "585--92", "other_ids": {}}, "BIBREF4": {"ref_id": "b4", "title": "Realtime PCR in clinical microbiology: applications for routine laboratory testing", "authors": [{"first": "M", "middle": ["J"], "last": "Espy", "suffix": ""}, {"first": "J", "middle": ["R"], "last": "Uhl", "suffix": ""}, {"first": "L", "middle": ["M"], "last": "Sloan", "suffix": ""}, {"first": "S", "middle": ["P"], "last": "Buckwalter", "suffix": ""}, {"first": "M", "middle": ["F"], "last": "Jones", "suffix": ""}, {"first": "E", "middle": ["A"], "last": "Vetter", "suffix": ""}], "year": 2006, "venue": "Clin Microbiol Rev", "volume": "19", "issn": "", "pages": "165--256", "other_ids": {}}, "BIBREF5": {"ref_id": "b5", "title": "Human bocavirus infection in young children in the United States: molecular epidemiological profile and clinical characteristics of a newly emerging respiratory virus", "authors": [{"first": "D", "middle": [], "last": "Kesebir", "suffix": ""}, {"first": "M", "middle": [], "last": "Vazquez", "suffix": ""}, {"first": "C", "middle": [], "last": "Weibel", "suffix": ""}, {"first": "E", "middle": ["D"], "last": "Shapiro", "suffix": ""}, {"first": "D", "middle": [], "last": "Ferguson", "suffix": ""}, {"first": "M", "middle": ["L"], "last": "Landry", "suffix": ""}], "year": 2006, "venue": "J Infect Dis", "volume": "194", "issn": "", "pages": "1276--82", "other_ids": {}}, "BIBREF6": {"ref_id": "b6", "title": "Real-time PCR assays for detection of bocavirus in human specimens", "authors": [{"first": "X", "middle": [], "last": "Lu", "suffix": ""}, {"first": "M", "middle": [], "last": "Chittaganpitch", "suffix": ""}, {"first": "S", "middle": ["J"], "last": "Olsen", "suffix": ""}, {"first": "I", "middle": ["M"], "last": "Mackay", "suffix": ""}, {"first": "T", "middle": ["P"], "last": "Sloots", "suffix": ""}, {"first": "A", "middle": ["M"], "last": "Fry", "suffix": ""}], "year": 2006, "venue": "J Clin Microbiol", "volume": "44", "issn": "", "pages": "3231--3236", "other_ids": {}}, "BIBREF7": {"ref_id": "b7", "title": "Detection of human bocavirus in Japanese children with lower respiratory tract infections", "authors": [{"first": "X", "middle": [], "last": "Ma", "suffix": ""}, {"first": "R", "middle": [], "last": "Endo", "suffix": ""}, {"first": "N", "middle": [], "last": "Ishiguro", "suffix": ""}, {"first": "T", "middle": [], "last": "Ebihara", "suffix": ""}, {"first": "H", "middle": [], "last": "Ishiko", "suffix": ""}, {"first": "T", "middle": [], "last": "Ariga", "suffix": ""}], "year": 2006, "venue": "J Clin Microbiol", "volume": "44", "issn": "", "pages": "1132--1136", "other_ids": {}}, "BIBREF8": {"ref_id": "b8", "title": "Detection and typing of respiratory adenoviruses in a single-tube multiplex polymerase chain reaction", "authors": [{"first": "B", "middle": ["K"], "last": "Na", "suffix": ""}, {"first": "J", "middle": ["H"], "last": "Kim", "suffix": ""}, {"first": "G", "middle": ["C"], "last": "Shin", "suffix": ""}, {"first": "J", "middle": ["Y"], "last": "Lee", "suffix": ""}, {"first": "J", "middle": ["S"], "last": "Lee", "suffix": ""}, {"first": "C", "middle": [], "last": "Kang", "suffix": ""}], "year": 2002, "venue": "J Med Virol", "volume": "66", "issn": "", "pages": "512--519", "other_ids": {}}, "BIBREF9": {"ref_id": "b9", "title": "Practical implementation of a multiplex PCR for acute respiratory tract infections in children", "authors": [{"first": "G", "middle": [], "last": "Paul", "suffix": ""}, {"first": "S", "middle": ["G"], "last": "Afina", "suffix": ""}, {"first": "D", "middle": [], "last": "Mirjam", "suffix": ""}, {"first": "B", "middle": ["V"], "last": "Willem", "suffix": ""}, {"first": "Jan-Willem", "middle": [], "last": "", "suffix": ""}, {"first": "P", "middle": [], "last": "Sylvia", "suffix": ""}, {"first": "M", "middle": ["B"], "last": "", "suffix": ""}], "year": 2004, "venue": "J Clin Microbiol", "volume": "42", "issn": "", "pages": "5596--603", "other_ids": {}}, "BIBREF10": {"ref_id": "b10", "title": "Evidence of human coronavirus HKU1 and human bocavirus in Australian children", "authors": [{"first": "T", "middle": ["P"], "last": "Sloots", "suffix": ""}, {"first": "P", "middle": [], "last": "Mcerlean", "suffix": ""}, {"first": "D", "middle": ["J"], "last": "Speicher", "suffix": ""}, {"first": "K", "middle": ["E"], "last": "Arden", "suffix": ""}, {"first": "M", "middle": ["D"], "last": "Nissen", "suffix": ""}, {"first": "I", "middle": ["M"], "last": "Mackay", "suffix": ""}], "year": 2006, "venue": "J Clin Virol", "volume": "35", "issn": "", "pages": "99--102", "other_ids": {}}, "BIBREF11": {"ref_id": "b11", "title": "Frequent detection of bocavirus DNA in German children with respiratory tract infections", "authors": [{"first": "B", "middle": [], "last": "Weissbrich", "suffix": ""}, {"first": "F", "middle": [], "last": "Neske", "suffix": ""}, {"first": "J", "middle": [], "last": "Schubert", "suffix": ""}, {"first": "F", "middle": [], "last": "Tollmann", "suffix": ""}, {"first": "K", "middle": [], "last": "Blath", "suffix": ""}, {"first": "K", "middle": [], "last": "Blessing", "suffix": ""}], "year": 2006, "venue": "BMC Infect Dis", "volume": "6", "issn": "", "pages": "", "other_ids": {}}}, "ref_entries": {"FIGREF0": {"text": "Abbreviations: HBoV, human bocavirus; LRTIs, lower respiratory track infections; PCR, polymerase chain reaction; MGB, minor groove binder; FAM, 6-carboxyfluorescein; UNG, uracil-N-glycosylase; ORFs, open reading frames; PIV, parainfluenza virus; RSV, respiratory syncytial virus.", "latex": null, "type": "figure"}, "FIGREF1": {"text": "Sensitivity of the conventional PCR assay for HBoV NS1 gene. Lane M, 100 bp size marker (Invitrogen); lanes 1-7, 10-fold serial dilutions of HBoV plasmid standard; lane 8, negative control. HBoV plasmid standard DNA (2.5 \u00d7 10 7 DNA copies/l) 4 l was subjected on each assay.", "latex": null, "type": "figure"}, "TABREF0": {"text": "List of human pathogens used for real-time PCR specificity test These bacteria were provided by Division of Bacterial Respiratory Infections, Center for Infectious Diseases, Korea National Institute of Health. b If not specified, strains are clinical isolates.", "latex": null, "type": "table"}, "TABREF1": {"text": "Primers and probes used in real-time PCR assay for HBoV", "latex": null, "type": "table"}, "TABREF2": {"text": "Intra-and inter-assay reproducibility of the HBoV real-time PCR a Tenfold serial dilutions of HBoV plasmid DNA were assayed in triplicate and on three different days. The mean values of C T , standard deviations (S.D.s) and coefficient of variations (CVs) were calculated. b Each value was determined from three replicates within a assay. c Assays were performed three times on different days in an independent manner.", "latex": null, "type": "table"}, "TABREF3": {"text": "Characteristics of 11 HBoV real-time PCR-positive patients Mean viral load of per milliliter of specimen in three primer-probe sets calculated from three replicated tests. b Upper respiratory track infection.", "latex": null, "type": "table"}}, "back_matter": [{"text": "This work was supported by an intramural research fund from the National Institute of Health, Korea.", "cite_spans": [], "ref_spans": [], "section": "Acknowledgment"}]}