{
    "paper_id": "0b3f9906e4c427bb4e1271e5d4d70e1b91e0c36b",
    "metadata": {
        "title": "Supplementary appendix",
        "authors": [
            {
                "first": "Wang",
                "middle": [
                    "G"
                ],
                "last": "Zhang",
                "suffix": "",
                "affiliation": {},
                "email": ""
            },
            {
                "first": "Y",
                "middle": [],
                "last": "",
                "suffix": "",
                "affiliation": {},
                "email": ""
            },
            {
                "first": "Zhao",
                "middle": [
                    "J"
                ],
                "last": "",
                "suffix": "",
                "affiliation": {},
                "email": ""
            },
            {
                "first": "Zhang",
                "middle": [
                    "J"
                ],
                "last": "",
                "suffix": "",
                "affiliation": {},
                "email": ""
            },
            {
                "first": "Jiang",
                "middle": [
                    "F"
                ],
                "last": "",
                "suffix": "",
                "affiliation": {},
                "email": ""
            }
        ]
    },
    "abstract": [],
    "body_text": [
        {
            "text": "\u9762\u5bf9\u65b0\u51a0\u75c5\u6bd2\u80ba\u708e(COVID-19 )\u75ab\u60c5\uff0c\u4e2d\u56fd\u653f\u5e9c\u8fc5\u901f\u91c7\u53d6\u5e94\u6025 \u65b9\u6848\uff0c\u8981\u6c42\u516c\u4f17\u5c3d\u91cf\u907f\u514d\u5916\u51fa\uff0c \u5e76 \u63a8 \u8fdf \u5f00 \u5b66 \u4ee5 \u9632 \u6b62 \u75ab \u60c5 \u6269 \u6563 \u3002 \u6765\u81ea\u6559\u80b2\u90e8\u7684\u6570\u636e\u663e\u793a\uff0c\u5927\u7ea6\u6709 2.2\u4ebf\u513f\u7ae5\u9752\u5c11\u5e74\uff0c\u5305\u542b1.8\u4ebf\u4e2d \u5c0f\u5b66\u751f\u4ee5\u53ca4700\u4e07\u5e7c\u513f\u56ed\u513f\u7ae5\uff0c \u56e0\u4e3a\u75ab\u60c5\u5c45\u5bb6\u9650\u5236 1 \u3002\u5f97\u76ca\u4e8e\u4e2d \u56fd\u653f\u5e9c\u5f3a\u6709\u529b\u7684\u884c\u653f\u6267\u884c\u529b\uff0c\u4e2d \u5c0f\u5b66\u5c45\u5bb6\u4e0a\u5b66\u7684\u5e94\u6025\u65b9\u6848\u8fc5\u901f\u63a8 \u51fa\u5e76\u5728\u5168\u56fd\u5e7f\u6cdb\u5b9e\u65bd\u3002 2 \u5168\u56fd\u5404\u7ea7 \u5b66\u6821\u548c\u6559\u5e08\u5168\u529b\u4ee5\u8d74\uff0c\u7528\u521b\u7eaa\u5f55 \u7684\u901f\u5ea6\u5b8c\u6210\u4e86\u5728\u7ebf\u8bfe\u7a0b\u7684\u5f55\u5236\uff0c \u5e76\u901a\u8fc7\u7535\u89c6\u548c\u7f51\u7edc\u8fdb\u884c\u64ad\u653e\u3002\u5f53 \u524d\uff0c\u5168\u56fd\u5404\u5730\u5148\u540e\u4ee5\u7f51\u4e0a\u6559\u5b66\u7684 \u5f62\u5f0f\u542f\u52a8\u4e86\u65b0\u5b66\u671f\uff0c\u4e95\u7136\u6709\u5e8f\u5730 \u5b89\u6392\u5b66\u751f\u4eec\u5728\u5bb6\u89c2\u770b\u5404\u79cd\u7f51\u7edc\u8bfe \u7a0b \u3002 \u8fd9 \u4e9b \u4e3e \u63aa \u6700 \u5927 \u7a0b \u5ea6 \u7f13 \u89e3 \u4e86 \u5f88\u591a\u5bb6\u957f\u5bf9\u4e8e\u5b69\u5b50\u5b66\u4e1a\u6210\u7ee9\u7684\u62c5 \u5fc3\uff0c\u786e\u4fdd\u5b66\u6821\u5b66\u4e60\u4e0d\u53d7\u5230\u75ab\u60c5\u5e72 \u6270\u3002 \u8fd9\u4e9b\u52aa\u529b\u548c\u4e3e\u63aa\u975e\u5e38\u5fc5\u8981\uff0c\u4e5f \u503c\u5f97\u9ad8\u5ea6\u8d5e\u8d4f\uff0c\u4f46\u540c\u65f6\u65e2\u5f80\u7684\u76f8 \u5173\u7814\u7a76\u7ed3\u679c\u4e5f\u5f15\u53d1\u62c5\u5fc3\uff0c\u56e0\u4e3a\u75ab \u60c5\u5b66\u6821\u5173\u95ed\u540e\u957f\u671f\u7684\u5c45\u5bb6\u9650\u5236\u53ef \u80fd\u4f1a\u5bf9\u513f\u7ae5\u8eab\u5fc3\u5065\u5eb7\u4ea7\u751f\u4e0d\u5229\u5f71 \u54cd\u3002 3,4 \u65e2\u5f80\u7814\u7a76\u8bc1\u636e\u663e\u793a\uff0c\u513f\u7ae5 \u4e0d\u4e0a\u5b66\u65f6(\u5982\u5468\u672b\u548c\u5047\u671f)\uff0c\u8eab \u4f53 \u6d3b \u52a8 \u66f4 \u5c11 \uff0c \u5c4f \u5e55 \u66b4 \u9732 \u65f6 \u95f4 \u66f4 \u957f\uff0c\u7761\u7720\u66f4\u4e0d\u89c4\u5f8b\uff0c\u996e\u98df\u4e5f\u66f4\u4e0d \u5065\u5eb7\uff0c\u5bfc\u81f4\u4f53\u91cd\u589e\u52a0\uff0c\u5fc3\u80ba\u9002\u80fd \u4e0b\u964d\u7b49\u5065\u5eb7\u95ee\u9898\u3002 3,",
            "cite_spans": [],
            "ref_spans": [],
            "section": ""
        }
    ],
    "bib_entries": {
        "BIBREF0": {
            "ref_id": "b0",
            "title": "Ministry of Education: national elementary and middle school network cloud platform opens for free use today",
            "authors": [
                {
                    "first": "",
                    "middle": [],
                    "last": "Cctv News",
                    "suffix": ""
                }
            ],
            "year": 2020,
            "venue": "",
            "volume": "",
            "issn": "",
            "pages": "",
            "other_ids": {}
        },
        "BIBREF1": {
            "ref_id": "b1",
            "title": "Notice of arrangement for \"suspension of school does not stop learning\" during the postponement for the opening of primary and secondary schools",
            "authors": [],
            "year": 2020,
            "venue": "Ministry of Industry and Information Technology of China",
            "volume": "",
            "issn": "",
            "pages": "",
            "other_ids": {}
        },
        "BIBREF2": {
            "ref_id": "b2",
            "title": "Understanding differences between summer vs. school obesogenic behaviors of children: the structured days hypothesis",
            "authors": [
                {
                    "first": "K",
                    "middle": [],
                    "last": "Brazendale",
                    "suffix": ""
                },
                {
                    "first": "M",
                    "middle": [
                        "W"
                    ],
                    "last": "Beets",
                    "suffix": ""
                },
                {
                    "first": "R",
                    "middle": [
                        "G"
                    ],
                    "last": "Weaver",
                    "suffix": ""
                }
            ],
            "year": 2017,
            "venue": "Int J Behav Nutr Phys Act",
            "volume": "14",
            "issn": "",
            "pages": "",
            "other_ids": {}
        },
        "BIBREF3": {
            "ref_id": "b3",
            "title": "The psychological impact of quarantine and how to reduce it: rapid review of the evidence",
            "authors": [
                {
                    "first": "S",
                    "middle": [
                        "K"
                    ],
                    "last": "Brooks",
                    "suffix": ""
                },
                {
                    "first": "R",
                    "middle": [
                        "K"
                    ],
                    "last": "Webster",
                    "suffix": ""
                },
                {
                    "first": "L",
                    "middle": [
                        "E"
                    ],
                    "last": "Smith",
                    "suffix": ""
                }
            ],
            "year": 2020,
            "venue": "Lancet",
            "volume": "",
            "issn": "20",
            "pages": "30077--30085",
            "other_ids": {
                "DOI": [
                    "10.1016/S2215-0366"
                ]
            }
        },
        "BIBREF4": {
            "ref_id": "b4",
            "title": "Ten-year secular trends in sleep/wake patterns in Shanghai and Hong Kong school-aged children: a tale of two cities",
            "authors": [
                {
                    "first": "G",
                    "middle": [],
                    "last": "Wang",
                    "suffix": ""
                },
                {
                    "first": "J",
                    "middle": [],
                    "last": "Zhang",
                    "suffix": ""
                },
                {
                    "first": "S",
                    "middle": [
                        "P"
                    ],
                    "last": "Lam",
                    "suffix": ""
                }
            ],
            "year": 2019,
            "venue": "J Clin Sleep Med",
            "volume": "15",
            "issn": "",
            "pages": "1495--502",
            "other_ids": {}
        },
        "BIBREF5": {
            "ref_id": "b5",
            "title": "Posttraumatic stress disorder in parents and youth after healthrelated disasters",
            "authors": [
                {
                    "first": "G",
                    "middle": [],
                    "last": "Sprang",
                    "suffix": ""
                },
                {
                    "first": "M",
                    "middle": [],
                    "last": "Silman",
                    "suffix": ""
                }
            ],
            "year": 2013,
            "venue": "Disaster Med Public Health Prep",
            "volume": "7",
            "issn": "",
            "pages": "105--115",
            "other_ids": {}
        },
        "BIBREF6": {
            "ref_id": "b6",
            "title": "Playing to live: outcome evaluation of a community-based psychosocial expressive arts program for children during the Liberian Ebola epidemic",
            "authors": [
                {
                    "first": "C",
                    "middle": [
                        "A"
                    ],
                    "last": "Decosimo",
                    "suffix": ""
                },
                {
                    "first": "J",
                    "middle": [],
                    "last": "Hanson",
                    "suffix": ""
                },
                {
                    "first": "M",
                    "middle": [],
                    "last": "Quinn",
                    "suffix": ""
                },
                {
                    "first": "P",
                    "middle": [],
                    "last": "Badu",
                    "suffix": ""
                },
                {
                    "first": "E",
                    "middle": [
                        "G"
                    ],
                    "last": "Smith",
                    "suffix": ""
                }
            ],
            "year": 2019,
            "venue": "Glob Ment Health (Camb)",
            "volume": "6",
            "issn": "",
            "pages": "",
            "other_ids": {}
        },
        "BIBREF7": {
            "ref_id": "b7",
            "title": "Effectiveness of a brief behavioural intervention to prevent weight gain over the Christmas holiday period: randomised controlled trial",
            "authors": [
                {
                    "first": "F",
                    "middle": [],
                    "last": "Mason",
                    "suffix": ""
                },
                {
                    "first": "A",
                    "middle": [],
                    "last": "Farley",
                    "suffix": ""
                },
                {
                    "first": "M",
                    "middle": [],
                    "last": "Pallan",
                    "suffix": ""
                }
            ],
            "year": 2018,
            "venue": "BMJ",
            "volume": "363",
            "issn": "",
            "pages": "",
            "other_ids": {}
        },
        "BIBREF8": {
            "ref_id": "b8",
            "title": "Online mental health services in China during the COVID-19 outbreak",
            "authors": [
                {
                    "first": "S",
                    "middle": [],
                    "last": "Liu",
                    "suffix": ""
                },
                {
                    "first": "L",
                    "middle": [],
                    "last": "Yang",
                    "suffix": ""
                },
                {
                    "first": "C",
                    "middle": [],
                    "last": "Zhang",
                    "suffix": ""
                }
            ],
            "year": 2020,
            "venue": "Lancet Psychiatry",
            "volume": "",
            "issn": "20",
            "pages": "30077--30085",
            "other_ids": {
                "DOI": [
                    "10.1016/S2215-0366"
                ]
            }
        },
        "BIBREF9": {
            "ref_id": "b9",
            "title": "National Health Commission of the People's Republic of China. Guideline for psychological crisis intervention during",
            "authors": [],
            "year": null,
            "venue": "",
            "volume": "",
            "issn": "",
            "pages": "",
            "other_ids": {}
        }
    },
    "ref_entries": {
        "TABREF1": {
            "text": "Clark H, Coll-Seck AM, Banerjee A, et al. A future for the world's children? A WHO-UNICEF-Lancet Commission. Lancet 2020; 395: 605-58. *\u7535\u5b50\u90ae\u7bb1: fanjiang@shsmu.edu.cn.",
            "latex": null,
            "type": "table"
        }
    },
    "back_matter": []
}