{
    "paper_id": "0bbe0a6cfc85afedde9f6c6a134cd27234fdf5e3",
    "metadata": {
        "title": "Flagging and docking: dual roles for N-glycans in protein quality control and cellular proteostasis",
        "authors": [
            {
                "first": "Daniel",
                "middle": [
                    "N"
                ],
                "last": "Hebert",
                "suffix": "",
                "affiliation": {
                    "laboratory": "",
                    "institution": "University of Massachusetts",
                    "location": {
                        "postCode": "01003",
                        "settlement": "Amherst",
                        "region": "MA",
                        "country": "USA"
                    }
                },
                "email": ""
            },
            {
                "first": "Maurizio",
                "middle": [],
                "last": "Molinari",
                "suffix": "",
                "affiliation": {
                    "laboratory": "",
                    "institution": "Protein Folding and Quality Control",
                    "location": {
                        "postCode": "CH-6500",
                        "settlement": "Bellinzona",
                        "country": "Switzerland"
                    }
                },
                "email": "maurizio.molinari@irb.usi.ch."
            }
        ]
    },
    "abstract": [],
    "body_text": [
        {
            "text": "Nascent polypeptides entering the endoplasmic reticulum (ER) are covalently modified with pre-assembled oligosaccharides. The terminal glucose and mannose residues are immediately removed after transfer of the oligosaccharide onto newly synthesized polypeptides. This processing determines whether the polypeptide will be retained in the ER, transported along the secretory pathway, or dislocated across the ER membrane for destruction. New avenues of research and some issues of controversy have recently been opened by the discovery that lectin-oligosaccharide interactions stabilize supramolecular complexes between regulators of ERassociated degradation (ERAD). In this Opinion article, we propose a unified model that depicts carbohydrates acting both as flags signaling the fitness of a maturing protein and as docking sites that regulate the assembly and stability of the ERAD machinery.",
            "cite_spans": [],
            "ref_spans": [],
            "section": ""
        },
        {
            "text": "Proteins that pass through the eukaryotic secretory pathway are glycosylated on Asn residues (at Asn-Xxx-Ser/Thr or more rarely Asn-Xxx-Cys, Asn-Xxx-Val, or Asn-Gly sequons) on emergence into the ER [1] . Pre-assembled N-acetylglucosamine 2 -mannose 9 -glucose 3 moieties are transferred en bloc from a lipid donor onto nascent polypeptide chains by the oligosaccharyltransferase complex. N-Linked oligosaccharides are hydrophilic and therefore they increase the solubility and inhibit the aggregation of unstructured nascent chains [2] . The processing of these added glycans determines the fate of the associated cargo protein by influencing which folding, quality control, or degradation factors will be engaged. These factors are present in the ER at delicately balanced and highly controlled concentrations. How N-glycan modifications retain immature or aberrant cargo proteins in the folding environment, control the incorporation of native glycoproteins into secretory vesicles, or select terminally misfolded proteins for ERAD (see Glossary) has been widely covered in recent reviews [3] [4] [5] [6] . By contrast, the focus of this Opinion article is discussion of a newly discovered role of N-glycans in cellular proteostasis: the involvement of oligosaccharides on ER-resident members of quality control and ERAD machineries in promoting the assembly of supramolecular complexes. These complexes play crucial roles in inspecting the content of the ER lumen to aid in the clearance of defective gene products, orphan subunits of oligomeric Opinion Glossary EDEM1-3 [Htm1p (Mnl1p) and Htm2p]: ER-degradation-enhancing mannosidase-like proteins. Their intraluminal concentration is regulated by ERAD tuning and by UPR. They determine the rate of glycoproteins disposal. The catalytic residues in EDEM1, EDEM2, and EDEM3 are conserved. ERAD: endoplasmic reticulum-associated protein degradation. Clearance of proteins from the ER by their dislocation to the cytoplasm and subsequent degradation using the ubiquitin-proteasome system. ERAD tuning: selective removal of ERAD factors from the ER that sets the level of ERAD activity. When defective, ERAD activity is enhanced to levels that might interfere with protein biogenesis [45] . ER mannosidase I (Mns Ip): an ER a1,2-exomannosidase that cleaves the first mannose from the B-branch of the glycan to generate Man8B glycoforms, regardless of the conformation of the polypeptide [2] . HRD1 (Hrd1p): ER membrane-localized, RING finger-containing E3 ubiquitin ligase that participates in dislocation across the ER membrane and polyubiquitylation of ERAD substrates [56] . LC3-I (Atg8p): cytoplasmic form of the autophagic marker LC3. LC3-I is also noncovalently associated with membranes of ERAD tuning vesicles (via direct or indirect interaction with the type I membrane protein SEL1L) and with coronavirus replication and transcription platform vesicles [45] . Mannosidase-like domain: structural domain of EDEM proteins conserved among all members of the glycosyl hydrolase 47 family of a1,2 exomannosidases comprising ER mannosidase I and several Golgi mannosidases [57] . MRH domain: mannose 6-phosphate receptor homology domain, which is conserved in few sugar-binding and -modifying proteins. It consists of a flattened b-barrel containing three conserved disulfide bonds. The substrate recognition loop between the fifth and sixth cysteines is well conserved in sequence and precisely conserved in length [58] . OS-9 (Yos9p): ERAD lectin that contains a single MRH domain for which a variety of splice variants are expressed in the mammalian ER. OS-9 recognizes proteins possessing oligosaccharides that expose a terminal a1,6-mannose residue [19, 29] . The intraluminal concentration of OS-9 is regulated by ERAD tuning and can be substantially increased on UPR activation [37, 49] . SEL1L (Hrd3p): type I membrane glycoprotein with dual activity in cellular proteostasis as both a component of the dislocation machinery built around the membrane-embedded E3 ubiquitin ligase HRD1 and, at least in mammalian cells, a component of an ERAD tuning receptor that segregates luminal ERAD factors in ERAD tuning vesicles, thereby regulating their constitutive clearance from the ER [38, 51] . UPR: unfolded protein response. An evolutionarily conserved response to ER stress that reduces global protein translation and enhances biosynthesis of membrane lipids, folding chaperones, and ERAD factors. It can eventually result in cell death [59] . XTP3-B/erlectin: mammalian ERAD lectin containing two MRH domains that is expressed as two splice variants [41] .",
            "cite_spans": [
                {
                    "start": 199,
                    "end": 202,
                    "text": "[1]",
                    "ref_id": "BIBREF0"
                },
                {
                    "start": 533,
                    "end": 536,
                    "text": "[2]",
                    "ref_id": "BIBREF1"
                },
                {
                    "start": 1092,
                    "end": 1095,
                    "text": "[3]",
                    "ref_id": "BIBREF2"
                },
                {
                    "start": 1096,
                    "end": 1099,
                    "text": "[4]",
                    "ref_id": "BIBREF3"
                },
                {
                    "start": 1100,
                    "end": 1103,
                    "text": "[5]",
                    "ref_id": "BIBREF4"
                },
                {
                    "start": 1104,
                    "end": 1107,
                    "text": "[6]",
                    "ref_id": "BIBREF5"
                },
                {
                    "start": 2235,
                    "end": 2239,
                    "text": "[45]",
                    "ref_id": "BIBREF44"
                },
                {
                    "start": 2438,
                    "end": 2441,
                    "text": "[2]",
                    "ref_id": "BIBREF1"
                },
                {
                    "start": 2622,
                    "end": 2626,
                    "text": "[56]",
                    "ref_id": "BIBREF55"
                },
                {
                    "start": 2914,
                    "end": 2918,
                    "text": "[45]",
                    "ref_id": "BIBREF44"
                },
                {
                    "start": 3128,
                    "end": 3132,
                    "text": "[57]",
                    "ref_id": "BIBREF56"
                },
                {
                    "start": 3471,
                    "end": 3475,
                    "text": "[58]",
                    "ref_id": "BIBREF57"
                },
                {
                    "start": 3709,
                    "end": 3713,
                    "text": "[19,",
                    "ref_id": "BIBREF18"
                },
                {
                    "start": 3714,
                    "end": 3717,
                    "text": "29]",
                    "ref_id": "BIBREF28"
                },
                {
                    "start": 3840,
                    "end": 3844,
                    "text": "[37,",
                    "ref_id": "BIBREF36"
                },
                {
                    "start": 3845,
                    "end": 3848,
                    "text": "49]",
                    "ref_id": "BIBREF48"
                },
                {
                    "start": 4243,
                    "end": 4247,
                    "text": "[38,",
                    "ref_id": "BIBREF37"
                },
                {
                    "start": 4248,
                    "end": 4251,
                    "text": "51]",
                    "ref_id": "BIBREF50"
                },
                {
                    "start": 4499,
                    "end": 4503,
                    "text": "[59]",
                    "ref_id": "BIBREF58"
                },
                {
                    "start": 4613,
                    "end": 4617,
                    "text": "[41]",
                    "ref_id": "BIBREF40"
                }
            ],
            "ref_spans": [],
            "section": "N-Linked glycans"
        },
        {
            "text": "complexes, and metabolically regulated proteins. The intraluminal concentration of misfolded polypeptides might modulate their formation and stability in a substrate-dependent feedback mechanism that eventually determines cellular ERAD activity.",
            "cite_spans": [],
            "ref_spans": [],
            "section": "N-Linked glycans"
        },
        {
            "text": "N-Glycans on cargo proteins: maturation, quality control, and sorting signals Cycles of glucose removal and re-addition, which begin shortly after a glycan is transferred to a nascent chain, or delayed trimming of mannose residues determine whether associated polypeptides will be retained by the folding machinery or selected for ERAD, respectively.",
            "cite_spans": [],
            "ref_spans": [],
            "section": "N-Linked glycans"
        },
        {
            "text": "The role of glucose processing in folding promotion The A-branch or glucose-containing arm of N-linked glycans ( Figure 1 ) recruits molecular chaperones that assist in efficient folding of glycoproteins [2, 7] . Terminal glucose residue n of the transferred triglucosylated glycan is rapidly removed by a-glucosidase I, which is associated with the translocon complex. Malectin, a Glc 2 -binding protein, might then intervene to retain immature and/or misfolded polypeptides in the ER [8, 9] . Removal of glucose m by aglucosidase II, a luminal heterodimeric enzyme, supports co-or post-translational association of folding polypeptides with the ER lectins calnexin and calreticulin [2, 7] . The oxidoreductase ERp57 and the peptidyl-prolyl isomerase cyclophilin B are associated with calnexin and calreticulin, and they catalyze rate-limiting folding reactions to facilitate attainment of the native structure [10, 11] . Removal of innermost glucose residue l by a-glucosidase II dissociates the polypeptide from the calnexin-calreticulin chaperone system. At this stage, UDP-glucose: glycoprotein glucosyltransferase 1 (UGT1) inspects the structure of the released proteins. Non-native polypeptides are re-glucosylated by UGT1, which initiates rebinding to the lectin chaperones and their associated folding factors. Native polypeptides are not recognized by UGT1 and are secreted [12] . Depending on the glycoprotein substrate, one or more bind-andrelease events might be required to attain the correct conformation [13] [14] [15] .",
            "cite_spans": [
                {
                    "start": 204,
                    "end": 207,
                    "text": "[2,",
                    "ref_id": "BIBREF1"
                },
                {
                    "start": 208,
                    "end": 210,
                    "text": "7]",
                    "ref_id": "BIBREF6"
                },
                {
                    "start": 486,
                    "end": 489,
                    "text": "[8,",
                    "ref_id": "BIBREF7"
                },
                {
                    "start": 490,
                    "end": 492,
                    "text": "9]",
                    "ref_id": "BIBREF8"
                },
                {
                    "start": 684,
                    "end": 687,
                    "text": "[2,",
                    "ref_id": "BIBREF1"
                },
                {
                    "start": 688,
                    "end": 690,
                    "text": "7]",
                    "ref_id": "BIBREF6"
                },
                {
                    "start": 912,
                    "end": 916,
                    "text": "[10,",
                    "ref_id": "BIBREF9"
                },
                {
                    "start": 917,
                    "end": 920,
                    "text": "11]",
                    "ref_id": "BIBREF10"
                },
                {
                    "start": 1384,
                    "end": 1388,
                    "text": "[12]",
                    "ref_id": "BIBREF11"
                },
                {
                    "start": 1520,
                    "end": 1524,
                    "text": "[13]",
                    "ref_id": "BIBREF12"
                },
                {
                    "start": 1525,
                    "end": 1529,
                    "text": "[14]",
                    "ref_id": "BIBREF13"
                },
                {
                    "start": 1530,
                    "end": 1534,
                    "text": "[15]",
                    "ref_id": "BIBREF14"
                }
            ],
            "ref_spans": [
                {
                    "start": 113,
                    "end": 121,
                    "text": "Figure 1",
                    "ref_id": "FIGREF0"
                }
            ],
            "section": "N-Linked glycans"
        },
        {
            "text": "Mannose processing and the mannose timer model of glycoprotein quality control Studies in Saccharomyces cerevisiae revealed that Mns1p (mannosidase 1) removes mannose residue i from the Bbranch of protein-linked oligosaccharides ( Figure 1 ) [5] . For properly folded secretory proteins, this allows binding of cargo lectin sorting receptors, which regulate the export of native conformers from the ER [16] . For folding-defective polypeptides, removal of mannose i is followed by removal of at least one additional a1,2-linked mannose residue (mannose k, branch C) by Htm1p, which forms a functional complex with the oxidoreductase Pdi1p [17] . This trimming event exposes a1,6-linked mannose j, which is recognized by the mannose-6-phosphate receptor homology (MRH) domain of the ERAD lectin Yos9p [17] [18] [19] .",
            "cite_spans": [
                {
                    "start": 242,
                    "end": 245,
                    "text": "[5]",
                    "ref_id": "BIBREF4"
                },
                {
                    "start": 402,
                    "end": 406,
                    "text": "[16]",
                    "ref_id": "BIBREF15"
                },
                {
                    "start": 639,
                    "end": 643,
                    "text": "[17]",
                    "ref_id": "BIBREF16"
                },
                {
                    "start": 800,
                    "end": 804,
                    "text": "[17]",
                    "ref_id": "BIBREF16"
                },
                {
                    "start": 805,
                    "end": 809,
                    "text": "[18]",
                    "ref_id": "BIBREF17"
                },
                {
                    "start": 810,
                    "end": 814,
                    "text": "[19]",
                    "ref_id": "BIBREF18"
                }
            ],
            "ref_spans": [
                {
                    "start": 231,
                    "end": 239,
                    "text": "Figure 1",
                    "ref_id": "FIGREF0"
                }
            ],
            "section": "N-Linked glycans"
        },
        {
            "text": "In mammalian cells, de-mannosylation of folding-defective polypeptides might be more extensive, with removal of up to four a1,2-linked mannose residues. As in budding yeast, ER mannosidase I (Mns1p ortholog) catalyzes removal of mannose residue i. If misfolding persists, Nlinked glycans are further processed by EDEM1 and EDEM3 (ER-degradation enhancing mannosidase-like proteins, Htm1p and Htm2p orthologs) or by other resident a1,2 mannosidase ( Figure 2 , steps 1 and 2, respectively). Demonstration of mannosidase activity with purified EDEM1 and EDEM3 is still lacking, and the role of a third EDEM variant, EDEM2, in ERAD is even less well characterized [20] [21] [22] [23] [24] [25] . It should therefore be considered that proteins of the EDEM family could operate as mannosebinding lectins that associate with de-mannosylated oligosaccharides generated by extensive processing in a subregion of the ER that is populated by high ER mannosidase I concentrations (i.e., the ER quality control compartment or ERQC [3, 5] ).",
            "cite_spans": [
                {
                    "start": 661,
                    "end": 665,
                    "text": "[20]",
                    "ref_id": "BIBREF19"
                },
                {
                    "start": 666,
                    "end": 670,
                    "text": "[21]",
                    "ref_id": "BIBREF20"
                },
                {
                    "start": 671,
                    "end": 675,
                    "text": "[22]",
                    "ref_id": "BIBREF21"
                },
                {
                    "start": 676,
                    "end": 680,
                    "text": "[23]",
                    "ref_id": "BIBREF22"
                },
                {
                    "start": 681,
                    "end": 685,
                    "text": "[24]",
                    "ref_id": "BIBREF23"
                },
                {
                    "start": 686,
                    "end": 690,
                    "text": "[25]",
                    "ref_id": "BIBREF24"
                },
                {
                    "start": 1020,
                    "end": 1023,
                    "text": "[3,",
                    "ref_id": "BIBREF2"
                },
                {
                    "start": 1024,
                    "end": 1026,
                    "text": "5]",
                    "ref_id": "BIBREF4"
                }
            ],
            "ref_spans": [
                {
                    "start": 449,
                    "end": 457,
                    "text": "Figure 2",
                    "ref_id": null
                }
            ],
            "section": "N-Linked glycans"
        },
        {
            "text": "In the mannose timer model of glycoprotein quality control [26] , extensive substrate de-mannosylation provides two signals that flag misfolded proteins for disposal. Removal of mannose g, the acceptor for the re-glucosylating activity of UGT1 (which is absent in budding yeast), irreversibly extracts the folding-defective polypeptide from the calnexin-calreticulin cycle to mark the end of the folding phase for maturing nascent chains ( Figure 2 , step 2; note that mannose f can also eventually be removed) [22] . Removal of mannose k exposes the a1,6-linked mannose j, thereby recruiting the ERAD MRH-containing lectins OS-9 and XTP3-B, which are expressed in several splice variants in the mammalian ER ( Figure 2 , steps 2-6) [27] [28] [29] [30] .",
            "cite_spans": [
                {
                    "start": 59,
                    "end": 63,
                    "text": "[26]",
                    "ref_id": "BIBREF25"
                },
                {
                    "start": 511,
                    "end": 515,
                    "text": "[22]",
                    "ref_id": "BIBREF21"
                },
                {
                    "start": 733,
                    "end": 737,
                    "text": "[27]",
                    "ref_id": "BIBREF26"
                },
                {
                    "start": 738,
                    "end": 742,
                    "text": "[28]",
                    "ref_id": "BIBREF27"
                },
                {
                    "start": 743,
                    "end": 747,
                    "text": "[29]",
                    "ref_id": "BIBREF28"
                },
                {
                    "start": 748,
                    "end": 752,
                    "text": "[30]",
                    "ref_id": "BIBREF29"
                }
            ],
            "ref_spans": [
                {
                    "start": 440,
                    "end": 448,
                    "text": "Figure 2",
                    "ref_id": null
                },
                {
                    "start": 711,
                    "end": 719,
                    "text": "Figure 2",
                    "ref_id": null
                }
            ],
            "section": "N-Linked glycans"
        },
        {
            "text": "Accumulating evidence reveals that de-mannosylating and mannose-binding ERAD factors reside in complexes with other luminal ER-resident proteins. For example, EDEM1 associates with BiP (immunoglobulin binding protein), which possibly contributes to the recognition of non-native polypeptides, and with ERdj5, which might facilitate ERAD by reducing inter-and intramolecular disulfides of ERAD candidates (Figure 2 ) [31] . Interactions between OS-9 or XTP3-B and BiP or GRP94, respectively, have also been reported [27, 32] . Participation in such multiprotein complexes might explain the findings that EDEM proteins and OS-9 and XTP3-B variants also associate or regulate ER retention and disposal of non-glycosylated folding-defective polypeptides [22, 24, 25, 27, 28, 33] . EDEM1, EDEM3, OS-9, and XTP3-B also interact with the type I membrane glycoprotein SEL1L (Hrd3p in yeast) [24, 27, [34] [35] [36] [37] . SEL1L nucleates interactions between these luminal ERAD components and a supramolecular membrane complex containing the E3 ubiquitin ligase HRD1, which regulates dislocation across the ER membrane and polyubiquitylation of ERAD substrates ( Figure 2, steps 3, 6, 8, and 10) [24, 27, [34] [35] [36] [37] [38] . In the next section, we explain how the glycan-mediated interactions between EDEM1, EDEM3, OS-9, or XTP3-B and SEL1 regulate cellular proteostasis in metazoans by modulating clearance of misfolded polypeptides (ERAD) and removal of ERAD factors from the ER lumen (ERAD tuning).",
            "cite_spans": [
                {
                    "start": 416,
                    "end": 420,
                    "text": "[31]",
                    "ref_id": "BIBREF30"
                },
                {
                    "start": 515,
                    "end": 519,
                    "text": "[27,",
                    "ref_id": "BIBREF26"
                },
                {
                    "start": 520,
                    "end": 523,
                    "text": "32]",
                    "ref_id": "BIBREF31"
                },
                {
                    "start": 750,
                    "end": 754,
                    "text": "[22,",
                    "ref_id": "BIBREF21"
                },
                {
                    "start": 755,
                    "end": 758,
                    "text": "24,",
                    "ref_id": "BIBREF23"
                },
                {
                    "start": 759,
                    "end": 762,
                    "text": "25,",
                    "ref_id": "BIBREF24"
                },
                {
                    "start": 763,
                    "end": 766,
                    "text": "27,",
                    "ref_id": "BIBREF26"
                },
                {
                    "start": 767,
                    "end": 770,
                    "text": "28,",
                    "ref_id": "BIBREF27"
                },
                {
                    "start": 771,
                    "end": 774,
                    "text": "33]",
                    "ref_id": "BIBREF32"
                },
                {
                    "start": 883,
                    "end": 887,
                    "text": "[24,",
                    "ref_id": "BIBREF23"
                },
                {
                    "start": 888,
                    "end": 891,
                    "text": "27,",
                    "ref_id": "BIBREF26"
                },
                {
                    "start": 892,
                    "end": 896,
                    "text": "[34]",
                    "ref_id": "BIBREF33"
                },
                {
                    "start": 897,
                    "end": 901,
                    "text": "[35]",
                    "ref_id": "BIBREF34"
                },
                {
                    "start": 902,
                    "end": 906,
                    "text": "[36]",
                    "ref_id": "BIBREF35"
                },
                {
                    "start": 907,
                    "end": 911,
                    "text": "[37]",
                    "ref_id": "BIBREF36"
                },
                {
                    "start": 1188,
                    "end": 1192,
                    "text": "[24,",
                    "ref_id": "BIBREF23"
                },
                {
                    "start": 1193,
                    "end": 1196,
                    "text": "27,",
                    "ref_id": "BIBREF26"
                },
                {
                    "start": 1197,
                    "end": 1201,
                    "text": "[34]",
                    "ref_id": "BIBREF33"
                },
                {
                    "start": 1202,
                    "end": 1206,
                    "text": "[35]",
                    "ref_id": "BIBREF34"
                },
                {
                    "start": 1207,
                    "end": 1211,
                    "text": "[36]",
                    "ref_id": "BIBREF35"
                },
                {
                    "start": 1212,
                    "end": 1216,
                    "text": "[37]",
                    "ref_id": "BIBREF36"
                },
                {
                    "start": 1217,
                    "end": 1221,
                    "text": "[38]",
                    "ref_id": "BIBREF37"
                }
            ],
            "ref_spans": [
                {
                    "start": 404,
                    "end": 413,
                    "text": "(Figure 2",
                    "ref_id": null
                },
                {
                    "start": 1155,
                    "end": 1187,
                    "text": "Figure 2, steps 3, 6, 8, and 10)",
                    "ref_id": "FIGREF0"
                }
            ],
            "section": "N-Linked glycans"
        },
        {
            "text": "N-Glycans on ER-resident proteins: regulating ERAD and ERAD tuning Glycosylation of ER-resident quality control factors Although the proteins that act early in the secretory pathway tend to be non-glycosylated (e.g., the nascent Ti BS Figure 2 . Models of glycoprotein endoplasmic reticulum-associated degradation (ERAD). Various models of the delivery of ERAD substrates to an ER membrane ERAD complex are depicted. Letters A-D designate the different routes for a misfolded substrate. The glycan attached to an ERAD substrate (black sinuous line) is trimmed of a mannose residue by ER mannosidase I (ER Man I, step 1). This is followed by ER-degradation enhancing mannosidase-like protein (EDEM)1 recognition. EDEM1 is present in a complex with ERdj5 and immunoglobulin binding protein (BiP). In the mannose timer model, EDEM1 acts as a mannosidase to trim additional mannose residues (step 2). In route A, ERAD substrates are directly recognized by type I membrane glycoprotein (SEL1L) (step 3). OS-9 and XTP3-B associate with SEL1L to act as ERAD gatekeepers by querying the ERAD substrate for exposed a1,6-linked mannose residues. If the protein possesses the proper glycans, it is passed along the ERAD pathway (step 4). In route B, alternatively, trimmed ERAD substrates are recognized by OS-9 and XTP3-B (step 5) and delivered to the ERAD membrane complex (step 6). Routes C and D depict glycan docking models for OS-9-XTP3-B and EDEM1, respectively. In route C, OS-9 and XTP3-B recognize the misfolded substrates through protein-protein interactions (step 7). This can involve associated co-factors such as GRP94. OS-9 and XTP3-B then deliver the ERAD substrate to the ER membrane ERAD complex by binding to the glycans on the adapter SEL1L (step 8) or on a glycosylated SEL1L associated protein. In route D, the EDEM1 complex associates with ERAD substrates (step 9). EDEM1 employs its mannosidase-like domain to deliver the ERAD substrate to the ER membrane ERAD complex (step 10). The models depicted are not necessarily mutually exclusive. Hybrid models that use multiple pathways are possible. Note that although glycans trimmed to Man7-5 can signal for ERAD in metazoans, the Man6 composition is displayed for simplicity.",
            "cite_spans": [],
            "ref_spans": [
                {
                    "start": 235,
                    "end": 243,
                    "text": "Figure 2",
                    "ref_id": null
                }
            ],
            "section": "N-Linked glycans"
        },
        {
            "text": "Trends in Biochemical Sciences October 2012, Vol. 37, No. 10 chain-interacting proteins Sec61a, BiP, PDI, malectin, calnexin, and ERp57), several factors that function posttranslationally for quality control and ERAD (e.g., EDEM proteins, OS-9, XTP3-B, and SEL1L) are glycosylated. Whether glycosylation plays a role in the segregation or organization of ER factors into specialized complexes or subregions within the ER is unknown. With the exception of EDEM1, for which N-glycans mediate the transient association with calnexin required for efficient maturation [39] , the role of N-linked oligosaccharides in the biogenesis of ER-resident chaperones has not been studied. By contrast, several recent studies have revealed the crucial role of oligosaccharides displayed on ER-resident quality control factors in the formation of functional supramolecular complexes [24, 27, [34] [35] [36] [37] .",
            "cite_spans": [
                {
                    "start": 564,
                    "end": 568,
                    "text": "[39]",
                    "ref_id": "BIBREF38"
                },
                {
                    "start": 867,
                    "end": 871,
                    "text": "[24,",
                    "ref_id": "BIBREF23"
                },
                {
                    "start": 872,
                    "end": 875,
                    "text": "27,",
                    "ref_id": "BIBREF26"
                },
                {
                    "start": 876,
                    "end": 880,
                    "text": "[34]",
                    "ref_id": "BIBREF33"
                },
                {
                    "start": 881,
                    "end": 885,
                    "text": "[35]",
                    "ref_id": "BIBREF34"
                },
                {
                    "start": 886,
                    "end": 890,
                    "text": "[36]",
                    "ref_id": "BIBREF35"
                },
                {
                    "start": 891,
                    "end": 895,
                    "text": "[37]",
                    "ref_id": "BIBREF36"
                }
            ],
            "ref_spans": [],
            "section": "Opinion"
        },
        {
            "text": "Affinity-tagged ERAD factors have been used as bait to characterize interacting components of multimeric ERAD complexes [38, 40] . Christianson et al. used this approach to confirm that a prominent interactor of the type I membrane protein SEL1L is the membrane-embedded E3 ubiquitin ligase HRD1 [27] . These studies also revealed an association between SEL1L and the luminal MRH-containing proteins OS-9 and XTP3-B. Additional studies have revealed that the mannosidase-like domain-containing proteins EDEM1 and EDEM3 also interact with SEL1L [24, 25, 27, 35, 37] . Disruption of the EDEM1, EDEM3, OS-9, or XTP3-B oligosaccharide-binding motifs, or cell treatment with kifunensine (an inhibitor of de-mannosylation of protein-bound oligosaccharides), decreases the association of these ERAD factors with the penta-glycosylated protein SEL1L [24, 27, 29, 30, 34, 35, 41, 42] . Taken together, these data reveal that EDEM1, EDEM3, OS-9, and XTP3-B activity is not restricted to oligosaccharides displayed on folding-defective polypeptides as described in the mannose timer model of glycoprotein quality control (Figure 2,  routes A and B) . Rather, these luminal ERAD factors might also engage SEL1L oligosaccharides to dock at the HRD1 dislocation complex (Figure 2 , routes C and D; docking model). This facilitates delivery of ERAD substrates to dislocation sites and their transport across the ER membrane for their eventual proteasomal degradation. Several studies also revealed oligosaccharide-independent association of EDEM proteins, OS-9, and XTP3-B with misfolded proteins (Figure 2 , routes C and D) [22, 24, 25, [27] [28] [29] 33, 43, 44] , or with SEL1L (Figure 2 , routes A and B) [36] . This shows that the mode of binding of these ER lectins might be affected by the presence of associated partners such as BiP and GRP94. ",
            "cite_spans": [
                {
                    "start": 120,
                    "end": 124,
                    "text": "[38,",
                    "ref_id": "BIBREF37"
                },
                {
                    "start": 125,
                    "end": 128,
                    "text": "40]",
                    "ref_id": "BIBREF39"
                },
                {
                    "start": 296,
                    "end": 300,
                    "text": "[27]",
                    "ref_id": "BIBREF26"
                },
                {
                    "start": 544,
                    "end": 548,
                    "text": "[24,",
                    "ref_id": "BIBREF23"
                },
                {
                    "start": 549,
                    "end": 552,
                    "text": "25,",
                    "ref_id": "BIBREF24"
                },
                {
                    "start": 553,
                    "end": 556,
                    "text": "27,",
                    "ref_id": "BIBREF26"
                },
                {
                    "start": 557,
                    "end": 560,
                    "text": "35,",
                    "ref_id": "BIBREF34"
                },
                {
                    "start": 561,
                    "end": 564,
                    "text": "37]",
                    "ref_id": "BIBREF36"
                },
                {
                    "start": 842,
                    "end": 846,
                    "text": "[24,",
                    "ref_id": "BIBREF23"
                },
                {
                    "start": 847,
                    "end": 850,
                    "text": "27,",
                    "ref_id": "BIBREF26"
                },
                {
                    "start": 851,
                    "end": 854,
                    "text": "29,",
                    "ref_id": "BIBREF28"
                },
                {
                    "start": 855,
                    "end": 858,
                    "text": "30,",
                    "ref_id": "BIBREF29"
                },
                {
                    "start": 859,
                    "end": 862,
                    "text": "34,",
                    "ref_id": "BIBREF33"
                },
                {
                    "start": 863,
                    "end": 866,
                    "text": "35,",
                    "ref_id": "BIBREF34"
                },
                {
                    "start": 867,
                    "end": 870,
                    "text": "41,",
                    "ref_id": "BIBREF40"
                },
                {
                    "start": 871,
                    "end": 874,
                    "text": "42]",
                    "ref_id": "BIBREF41"
                },
                {
                    "start": 1610,
                    "end": 1614,
                    "text": "[22,",
                    "ref_id": "BIBREF21"
                },
                {
                    "start": 1615,
                    "end": 1618,
                    "text": "24,",
                    "ref_id": "BIBREF23"
                },
                {
                    "start": 1619,
                    "end": 1622,
                    "text": "25,",
                    "ref_id": "BIBREF24"
                },
                {
                    "start": 1623,
                    "end": 1627,
                    "text": "[27]",
                    "ref_id": "BIBREF26"
                },
                {
                    "start": 1628,
                    "end": 1632,
                    "text": "[28]",
                    "ref_id": "BIBREF27"
                },
                {
                    "start": 1633,
                    "end": 1637,
                    "text": "[29]",
                    "ref_id": "BIBREF28"
                },
                {
                    "start": 1638,
                    "end": 1641,
                    "text": "33,",
                    "ref_id": "BIBREF32"
                },
                {
                    "start": 1642,
                    "end": 1645,
                    "text": "43,",
                    "ref_id": "BIBREF42"
                },
                {
                    "start": 1646,
                    "end": 1649,
                    "text": "44]",
                    "ref_id": "BIBREF43"
                },
                {
                    "start": 1694,
                    "end": 1698,
                    "text": "[36]",
                    "ref_id": "BIBREF35"
                }
            ],
            "ref_spans": [
                {
                    "start": 1110,
                    "end": 1137,
                    "text": "(Figure 2,  routes A and B)",
                    "ref_id": null
                },
                {
                    "start": 1256,
                    "end": 1265,
                    "text": "(Figure 2",
                    "ref_id": null
                },
                {
                    "start": 1582,
                    "end": 1591,
                    "text": "(Figure 2",
                    "ref_id": null
                },
                {
                    "start": 1666,
                    "end": 1675,
                    "text": "(Figure 2",
                    "ref_id": null
                }
            ],
            "section": "Glycans as docking signals in ERAD"
        },
        {
            "text": "Ti BS Figure 3 . Endoplasmic reticulum-associated degradation (ERAD) tuning model. The receptor-mediated removal of ER-degradation enhancing mannosidase-like protein (EDEM1) and OS-9 from the ER lumen is shown. In the absence of misfolded proteins, type I membrane glycoprotein (SEL1L) is disengaged from the HRD1 dislocation machinery. The penta-glycosylated ectodomain of SEL1L associates with EDEM1 and OS-9 (step 1). The cytosolic tail of SEL1L or a SEL1L-associated protein binds the cytosolic ubiquitin-like protein LC3-I. The complex is released from the ER in vesicles (steps 3 and 4) that may eventually fuse with an ill-defined degradative compartment. ERAD tuning vesicles are co-opted by coronaviruses as replication and transcription platform vesicles.",
            "cite_spans": [],
            "ref_spans": [
                {
                    "start": 6,
                    "end": 14,
                    "text": "Figure 3",
                    "ref_id": null
                }
            ],
            "section": "OS-9 EDEM1"
        },
        {
            "text": "Trends in Biochemical Sciences October 2012, Vol. 37, No. 10 Glycans as docking signals for ERAD tuning Control of the luminal concentration and activity of ERAD factors is important for maintenance of cellular proteostasis. Misregulated ERAD might select on-pathway folding intermediates for degradation before they are given a sufficient opportunity to reach their native structure [45] . For example, aberrantly high levels of the ER E3 ligases HRD1 and gp78 cause the inappropriate degradation of individual gene products and are associated with rheumatoid arthritis and highly metastatic sarcoma, respectively [46, 47] . The concept of ERAD tuning [45] is based on emerging evidence showing that an increasing number of ERAD factors, including ER mannosidase I, HERP, gp78, JAMP, EDEM1, OS-9, and SEL1L, are constitutively removed from the unstressed ER [3, 37, [48] [49] [50] [51] [52] [53] [54] . Luminal expression of misfolded proteins might inactivate constitutive removal of select ERAD factors from the ER and stabilize complexes between ERAD regulatory components. This might enhance ERAD in the absence of unfolded protein response (UPR) activation. This implies the existence of ERAD substrate-dependent feedback mechanisms that rapidly adapt ERAD activity to the misfolded protein load [37] .",
            "cite_spans": [
                {
                    "start": 50,
                    "end": 53,
                    "text": "37,",
                    "ref_id": "BIBREF36"
                },
                {
                    "start": 54,
                    "end": 60,
                    "text": "No. 10",
                    "ref_id": "BIBREF9"
                },
                {
                    "start": 384,
                    "end": 388,
                    "text": "[45]",
                    "ref_id": "BIBREF44"
                },
                {
                    "start": 615,
                    "end": 619,
                    "text": "[46,",
                    "ref_id": "BIBREF45"
                },
                {
                    "start": 620,
                    "end": 623,
                    "text": "47]",
                    "ref_id": "BIBREF46"
                },
                {
                    "start": 653,
                    "end": 657,
                    "text": "[45]",
                    "ref_id": "BIBREF44"
                },
                {
                    "start": 859,
                    "end": 862,
                    "text": "[3,",
                    "ref_id": "BIBREF2"
                },
                {
                    "start": 863,
                    "end": 866,
                    "text": "37,",
                    "ref_id": "BIBREF36"
                },
                {
                    "start": 867,
                    "end": 871,
                    "text": "[48]",
                    "ref_id": "BIBREF47"
                },
                {
                    "start": 872,
                    "end": 876,
                    "text": "[49]",
                    "ref_id": "BIBREF48"
                },
                {
                    "start": 877,
                    "end": 881,
                    "text": "[50]",
                    "ref_id": "BIBREF49"
                },
                {
                    "start": 882,
                    "end": 886,
                    "text": "[51]",
                    "ref_id": "BIBREF50"
                },
                {
                    "start": 887,
                    "end": 891,
                    "text": "[52]",
                    "ref_id": "BIBREF51"
                },
                {
                    "start": 892,
                    "end": 896,
                    "text": "[53]",
                    "ref_id": "BIBREF52"
                },
                {
                    "start": 897,
                    "end": 901,
                    "text": "[54]",
                    "ref_id": "BIBREF53"
                },
                {
                    "start": 1302,
                    "end": 1306,
                    "text": "[37]",
                    "ref_id": "BIBREF36"
                }
            ],
            "ref_spans": [],
            "section": "Opinion"
        },
        {
            "text": "Association of EDEM1 and OS-9 with SEL1L regulates delivery of ERAD substrates to the HRD1 dislocon ( Figure 2 ). However, in the absence of ERAD substrates, the ERAD tuning pathways are activated. SEL1L is disengaged from inactive dislocons. Under these circumstances, the cytosolic tail of SEL1L (or a SEL1L-associated protein) recruits the ubiquitin-like protein LC3-I to build a membrane-bound receptor that regulates selective and constitutive clearance of SEL1L-associated OS-9 and EDEM1 from the unstressed ER ( Figure 3 ) [37] . These receptor:ligand complexes enter so-called ERAD tuning vesicles, which lack a coatomer coat and are larger than the COPII vesicles that ferry cargo proteins from the ER to the Golgi [37, 48, 49, 55] . ERAD tuning vesicles contain up to 80% of the cellular EDEM1 in unstressed cells [33, 48, 55] , but much less in cells expressing ERAD substrates, which substantially inhibit removal of ERAD factors from the ER [37] . They eventually deliver OS-9, EDEM1, possibly the short-living ER mannosidase I, and other SEL1L-interacting ERAD factors such as XTP3-B and EDEM3 to an ill-defined endolysosomal degradative organelle. In summary, the ER load of misfolded polypeptides might determine whether the lectin-glycan association with SEL1L drives ERAD substrate progression downstream through the ERAD pathway or directs the removal of ERAD lectins from the ER.",
            "cite_spans": [
                {
                    "start": 530,
                    "end": 534,
                    "text": "[37]",
                    "ref_id": "BIBREF36"
                },
                {
                    "start": 724,
                    "end": 728,
                    "text": "[37,",
                    "ref_id": "BIBREF36"
                },
                {
                    "start": 729,
                    "end": 732,
                    "text": "48,",
                    "ref_id": "BIBREF47"
                },
                {
                    "start": 733,
                    "end": 736,
                    "text": "49,",
                    "ref_id": "BIBREF48"
                },
                {
                    "start": 737,
                    "end": 740,
                    "text": "55]",
                    "ref_id": "BIBREF54"
                },
                {
                    "start": 824,
                    "end": 828,
                    "text": "[33,",
                    "ref_id": "BIBREF32"
                },
                {
                    "start": 829,
                    "end": 832,
                    "text": "48,",
                    "ref_id": "BIBREF47"
                },
                {
                    "start": 833,
                    "end": 836,
                    "text": "55]",
                    "ref_id": "BIBREF54"
                },
                {
                    "start": 954,
                    "end": 958,
                    "text": "[37]",
                    "ref_id": "BIBREF36"
                }
            ],
            "ref_spans": [
                {
                    "start": 102,
                    "end": 110,
                    "text": "Figure 2",
                    "ref_id": null
                },
                {
                    "start": 519,
                    "end": 527,
                    "text": "Figure 3",
                    "ref_id": null
                }
            ],
            "section": "Opinion"
        },
        {
            "text": "The role of oligosaccharides as folding and quality control tags that regulate protein biogenesis in the ER of eukaryotic cells has been studied extensively over the past two decades. The glycosidases and glycosyltransferases that process protein-bound oligosaccharides, the lectins engaged by the different oligosaccharide structures, and the role of each trimming intermediate in protein quality control have been characterized. In this Opinion article, we propose a new unified model for the role of glycans in protein quality control that combines components of the mannose timer and docking models. The mannose timer model shows how N-linked glycans can act as flags that signal terminally misfolded polypeptides for degradation by recruiting ERAD lectins. N-Linked glycans can also support lectin-oligosaccharides interactions between components of the ERAD machinery, as demonstrated in the docking model [24, 27, [34] [35] [36] [37] . These associations drive progression of substrates along the ERAD pathway or promote removal of ERAD factors from the ER lumen for ERAD tuning in the absence of misfolded polypeptides. On accumulation of terminally misfolded polypeptides and under stress conditions in which the UPR is activated, the formation and stability of active dislocation machineries would be favored to ensure rapid turnover of aberrant cargo. This implies a model of Nglycoprotein processing in the ER that includes regulatory tuning of ERAD components by a substrate-dependent feedback mechanism. A substrate-dependent feedback mechanism has been proposed in yeast, in which the activity of the EDEM1 ortholog Htm1p is enhanced on misfolded polypeptide-induced formation of a functional complex between the mannosidase and Pdi1p [17] .",
            "cite_spans": [
                {
                    "start": 912,
                    "end": 916,
                    "text": "[24,",
                    "ref_id": "BIBREF23"
                },
                {
                    "start": 917,
                    "end": 920,
                    "text": "27,",
                    "ref_id": "BIBREF26"
                },
                {
                    "start": 921,
                    "end": 925,
                    "text": "[34]",
                    "ref_id": "BIBREF33"
                },
                {
                    "start": 926,
                    "end": 930,
                    "text": "[35]",
                    "ref_id": "BIBREF34"
                },
                {
                    "start": 931,
                    "end": 935,
                    "text": "[36]",
                    "ref_id": "BIBREF35"
                },
                {
                    "start": 936,
                    "end": 940,
                    "text": "[37]",
                    "ref_id": "BIBREF36"
                },
                {
                    "start": 1750,
                    "end": 1754,
                    "text": "[17]",
                    "ref_id": "BIBREF16"
                }
            ],
            "ref_spans": [],
            "section": "Concluding remarks"
        },
        {
            "text": "A unified carbohydrate quality control model explains the recognition of oligosaccharides as flags and docking sites by ERAD lectins. With the exception of XTP3-B (which has two separate MRH domains), all other ERAD lectins or lectin-like proteins have only one oligosaccharide-binding domain and therefore cannot simultaneously recognize the flag that indicates the folding state of cargo and the glycosylated docking site on a protein such as SEL1L. It will be important to determine the quaternary structure of the ERAD lectin complexes. If organized in oligomers, the presence of multiple glycan-binding sites would support the recognition of oligosaccharide flags on Box 1. Outstanding questions Are the processes of protein folding, quality control, and degradation segregated into separate domains within the ER? If so, how are folding, quality control, and ERAD factors segregated and retained in sub-compartments (e.g., the ER quality control compartment, ERQC)? How are cargo proteins delivered to functionally distinct regions within the ER? How are non-native on-pathway folding intermediates that should be retained in the folding environment distinguished from terminally misfolded proteins that should be degraded? How many different ERAD pathways exist and what are the misfolded determinants of cargo proteins that elicit intervention of components of specific ERAD pathways? How are misfolded proteins delivered to and dislocated across the ER membrane? For example, is unfolding of ERAD substrates (e.g., reduction of disulfides, or cis to trans isomerization of peptidyl-prolyl bonds) required? What is the nature of the dislocation channel? Do members of the EDEM family of proteins act as mannosidases or lectins? How do they recognize substrates? Are EDEM2 and EDEM3 also found in complexes with chaperones? What is the composition of the individual glycans of ERAD factors such as SEL1L/Hrd3p, EDEMs, OS-9/Yos9p, and XTP3-B? Is their glycan composition regulated? How are ERAD tuning pathways regulated at the molecular level? How are ERAD tuning pathways hijacked by pathogens? What is the complete composition of ERAD tuning vesicles? Is there crosstalk between ERAD and autophagy, the two major cellular degradative pathways?",
            "cite_spans": [],
            "ref_spans": [],
            "section": "Concluding remarks"
        },
        {
            "text": "Trends in Biochemical Sciences October 2012, Vol. 37, No. 10 misfolded polypeptides and of docking oligosaccharides on the dislocation machinery at the ER membrane by individual ERAD lectin complexes. Resolution of this issue and other open questions (Box 1) might aid in the design of approaches to support interventions in protein misfolding diseases and in the optimization of the production of ectopic proteins used in clinics or industry.",
            "cite_spans": [],
            "ref_spans": [],
            "section": "Opinion"
        }
    ],
    "bib_entries": {
        "BIBREF0": {
            "ref_id": "b0",
            "title": "Precision mapping of an in vivo Nglycoproteome reveals rigid topological and sequence constraints",
            "authors": [
                {
                    "first": "D",
                    "middle": [
                        "F"
                    ],
                    "last": "Zielinska",
                    "suffix": ""
                }
            ],
            "year": 2010,
            "venue": "Cell",
            "volume": "141",
            "issn": "",
            "pages": "897--907",
            "other_ids": {}
        },
        "BIBREF1": {
            "ref_id": "b1",
            "title": "Roles of N-linked glycans in the endoplasmic reticulum",
            "authors": [
                {
                    "first": "A",
                    "middle": [],
                    "last": "Helenius",
                    "suffix": ""
                },
                {
                    "first": "M",
                    "middle": [],
                    "last": "Aebi",
                    "suffix": ""
                }
            ],
            "year": 2004,
            "venue": "Annu. Rev. Biochem",
            "volume": "73",
            "issn": "",
            "pages": "1019--1049",
            "other_ids": {}
        },
        "BIBREF2": {
            "ref_id": "b2",
            "title": "Glycoprotein folding, quality control and ERassociated degradation",
            "authors": [
                {
                    "first": "G",
                    "middle": [
                        "Z"
                    ],
                    "last": "Lederkremer",
                    "suffix": ""
                }
            ],
            "year": 2009,
            "venue": "Curr. Opin. Struct. Biol",
            "volume": "19",
            "issn": "",
            "pages": "515--523",
            "other_ids": {}
        },
        "BIBREF3": {
            "ref_id": "b3",
            "title": "ERAD substrates: which way out? Semin",
            "authors": [
                {
                    "first": "D",
                    "middle": [
                        "N"
                    ],
                    "last": "Hebert",
                    "suffix": ""
                }
            ],
            "year": 2010,
            "venue": "Cell Dev. Biol",
            "volume": "21",
            "issn": "",
            "pages": "526--532",
            "other_ids": {}
        },
        "BIBREF4": {
            "ref_id": "b4",
            "title": "N-Glycan structures: recognition and processing in the ER",
            "authors": [
                {
                    "first": "M",
                    "middle": [],
                    "last": "Aebi",
                    "suffix": ""
                }
            ],
            "year": 2010,
            "venue": "Trends Biochem. Sci",
            "volume": "35",
            "issn": "",
            "pages": "74--82",
            "other_ids": {}
        },
        "BIBREF5": {
            "ref_id": "b5",
            "title": "Road to ruin: targeting proteins for degradation in the endoplasmic reticulum",
            "authors": [
                {
                    "first": "M",
                    "middle": [
                        "H"
                    ],
                    "last": "Smith",
                    "suffix": ""
                }
            ],
            "year": 2011,
            "venue": "Science",
            "volume": "334",
            "issn": "",
            "pages": "1086--1090",
            "other_ids": {}
        },
        "BIBREF6": {
            "ref_id": "b6",
            "title": "Lectin chaperones help direct the maturation of glycoproteins in the endoplasmic reticulum",
            "authors": [
                {
                    "first": "B",
                    "middle": [
                        "R"
                    ],
                    "last": "Pearse",
                    "suffix": ""
                },
                {
                    "first": "D",
                    "middle": [
                        "N"
                    ],
                    "last": "Hebert",
                    "suffix": ""
                }
            ],
            "year": 2010,
            "venue": "Biochim. Biophys. Acta",
            "volume": "1803",
            "issn": "",
            "pages": "684--693",
            "other_ids": {}
        },
        "BIBREF7": {
            "ref_id": "b7",
            "title": "Malectin: a novel carbohydrate-binding protein of the endoplasmic reticulum and a candidate player in the early steps of protein N-glycosylation",
            "authors": [
                {
                    "first": "T",
                    "middle": [],
                    "last": "Schallus",
                    "suffix": ""
                }
            ],
            "year": 2008,
            "venue": "Mol. Biol. Cell",
            "volume": "19",
            "issn": "",
            "pages": "3404--3414",
            "other_ids": {}
        },
        "BIBREF8": {
            "ref_id": "b8",
            "title": "Malectin participates in a backup glycoprotein quality control pathway in the mammalian ER",
            "authors": [
                {
                    "first": "C",
                    "middle": [],
                    "last": "Galli",
                    "suffix": ""
                }
            ],
            "year": 2011,
            "venue": "PLoS ONE",
            "volume": "6",
            "issn": "",
            "pages": "",
            "other_ids": {}
        },
        "BIBREF9": {
            "ref_id": "b9",
            "title": "ERp57 is a multifunctional thiol-disulfide oxidoreductase",
            "authors": [
                {
                    "first": "E",
                    "middle": [
                        "M"
                    ],
                    "last": "Frickel",
                    "suffix": ""
                }
            ],
            "year": 2004,
            "venue": "J. Biol. Chem",
            "volume": "279",
            "issn": "",
            "pages": "18277--18287",
            "other_ids": {}
        },
        "BIBREF10": {
            "ref_id": "b10",
            "title": "Structural basis of cyclophilin B binding by the calnexin/calreticulin P-domain",
            "authors": [
                {
                    "first": "G",
                    "middle": [],
                    "last": "Kozlov",
                    "suffix": ""
                }
            ],
            "year": 2010,
            "venue": "J. Biol. Chem",
            "volume": "285",
            "issn": "",
            "pages": "35551--35557",
            "other_ids": {}
        },
        "BIBREF11": {
            "ref_id": "b11",
            "title": "Getting in and out from calnexin/calreticulin cycles",
            "authors": [
                {
                    "first": "J",
                    "middle": [
                        "J"
                    ],
                    "last": "Caramelo",
                    "suffix": ""
                },
                {
                    "first": "A",
                    "middle": [
                        "J"
                    ],
                    "last": "Parodi",
                    "suffix": ""
                }
            ],
            "year": 2008,
            "venue": "J. Biol. Chem",
            "volume": "283",
            "issn": "",
            "pages": "10221--10225",
            "other_ids": {}
        },
        "BIBREF12": {
            "ref_id": "b12",
            "title": "Substrate-specific requirements for UGT1-dependent release from calnexin",
            "authors": [
                {
                    "first": "T",
                    "middle": [],
                    "last": "Solda",
                    "suffix": ""
                }
            ],
            "year": 2007,
            "venue": "Mol. Cell",
            "volume": "27",
            "issn": "",
            "pages": "238--249",
            "other_ids": {}
        },
        "BIBREF13": {
            "ref_id": "b13",
            "title": "A cell-based reglucosylation assay demonstrates the role of GT1 in the quality control of a maturing glycoprotein",
            "authors": [
                {
                    "first": "B",
                    "middle": [
                        "R"
                    ],
                    "last": "Pearse",
                    "suffix": ""
                }
            ],
            "year": 2008,
            "venue": "J. Cell Biol",
            "volume": "181",
            "issn": "",
            "pages": "309--320",
            "other_ids": {}
        },
        "BIBREF14": {
            "ref_id": "b14",
            "title": "The role of UDP-Glc:glycoprotein glucosyltransferase 1 in the maturation of an obligate substrate prosaposin",
            "authors": [
                {
                    "first": "B",
                    "middle": [
                        "R"
                    ],
                    "last": "Pearse",
                    "suffix": ""
                }
            ],
            "year": 2010,
            "venue": "J. Cell Biol",
            "volume": "189",
            "issn": "",
            "pages": "829--841",
            "other_ids": {}
        },
        "BIBREF15": {
            "ref_id": "b15",
            "title": "The lectin ERGIC-53 is a cargo transport receptor for glycoproteins",
            "authors": [
                {
                    "first": "C",
                    "middle": [],
                    "last": "Appenzeller",
                    "suffix": ""
                }
            ],
            "year": 1999,
            "venue": "Nat. Cell Biol",
            "volume": "1",
            "issn": "",
            "pages": "330--334",
            "other_ids": {}
        },
        "BIBREF16": {
            "ref_id": "b16",
            "title": "A complex of pdi1p and the mannosidase htm1p initiates clearance of unfolded glycoproteins from the endoplasmic reticulum",
            "authors": [
                {
                    "first": "R",
                    "middle": [],
                    "last": "Gauss",
                    "suffix": ""
                }
            ],
            "year": 2011,
            "venue": "Mol. Cell",
            "volume": "42",
            "issn": "",
            "pages": "782--793",
            "other_ids": {}
        },
        "BIBREF17": {
            "ref_id": "b17",
            "title": "Htm1 protein generates the N-glycan signal for glycoprotein degradation in the endoplasmic reticulum",
            "authors": [
                {
                    "first": "S",
                    "middle": [],
                    "last": "Clerc",
                    "suffix": ""
                }
            ],
            "year": 2009,
            "venue": "J. Cell Biol",
            "volume": "184",
            "issn": "",
            "pages": "159--172",
            "other_ids": {}
        },
        "BIBREF18": {
            "ref_id": "b18",
            "title": "Defining the glycan destruction signal for endoplasmic reticulum-associated degradation",
            "authors": [
                {
                    "first": "E",
                    "middle": [
                        "M"
                    ],
                    "last": "Quan",
                    "suffix": ""
                }
            ],
            "year": 2008,
            "venue": "Mol. Cell",
            "volume": "32",
            "issn": "",
            "pages": "870--877",
            "other_ids": {}
        },
        "BIBREF19": {
            "ref_id": "b19",
            "title": "Human EDEM2, a novel homolog of family 47 glycosidases, is involved in ER-associated degradation of glycoproteins",
            "authors": [
                {
                    "first": "S",
                    "middle": [
                        "W"
                    ],
                    "last": "Mast",
                    "suffix": ""
                }
            ],
            "year": 2005,
            "venue": "Glycobiology",
            "volume": "15",
            "issn": "",
            "pages": "421--436",
            "other_ids": {}
        },
        "BIBREF20": {
            "ref_id": "b20",
            "title": "A novel stress-induced EDEM variant regulating endoplasmic reticulum-associated glycoprotein degradation",
            "authors": [
                {
                    "first": "S",
                    "middle": [],
                    "last": "Olivari",
                    "suffix": ""
                }
            ],
            "year": 2005,
            "venue": "J. Biol. Chem",
            "volume": "280",
            "issn": "",
            "pages": "2424--2428",
            "other_ids": {}
        },
        "BIBREF21": {
            "ref_id": "b21",
            "title": "EDEM1 regulates ER-associated degradation by accelerating de-mannosylation of folding-defective polypeptides and by inhibiting their covalent aggregation",
            "authors": [
                {
                    "first": "S",
                    "middle": [],
                    "last": "Olivari",
                    "suffix": ""
                }
            ],
            "year": 2006,
            "venue": "Biochem. Biophys. Res. Commun",
            "volume": "349",
            "issn": "",
            "pages": "1278--1284",
            "other_ids": {}
        },
        "BIBREF22": {
            "ref_id": "b22",
            "title": "EDEM3, a soluble EDEM homolog, enhances glycoprotein endoplasmic reticulum-associated degradation and mannose trimming",
            "authors": [
                {
                    "first": "K",
                    "middle": [],
                    "last": "Hirao",
                    "suffix": ""
                }
            ],
            "year": 2006,
            "venue": "J. Biol. Chem",
            "volume": "281",
            "issn": "",
            "pages": "9650--9658",
            "other_ids": {}
        },
        "BIBREF23": {
            "ref_id": "b23",
            "title": "EDEM1 recognition and delivery of misfolded proteins to the SEL1L-containing ERAD complex",
            "authors": [
                {
                    "first": "J",
                    "middle": [
                        "H"
                    ],
                    "last": "Cormier",
                    "suffix": ""
                }
            ],
            "year": 2009,
            "venue": "Mol. Cell",
            "volume": "34",
            "issn": "",
            "pages": "627--633",
            "other_ids": {}
        },
        "BIBREF24": {
            "ref_id": "b24",
            "title": "EDEM1 accelerates the trimming of alpha1,2-linked mannose on the C branch of N-glycans",
            "authors": [
                {
                    "first": "N",
                    "middle": [],
                    "last": "Hosokawa",
                    "suffix": ""
                }
            ],
            "year": 2010,
            "venue": "Glycobiology",
            "volume": "20",
            "issn": "",
            "pages": "567--575",
            "other_ids": {}
        },
        "BIBREF25": {
            "ref_id": "b25",
            "title": "How N-linked oligosaccharides affect glycoprotein folding in the endoplasmic reticulum",
            "authors": [
                {
                    "first": "A",
                    "middle": [],
                    "last": "Helenius",
                    "suffix": ""
                }
            ],
            "year": 1994,
            "venue": "Mol. Biol. Cell",
            "volume": "5",
            "issn": "",
            "pages": "253--265",
            "other_ids": {}
        },
        "BIBREF26": {
            "ref_id": "b26",
            "title": "OS-9 and GRP94 deliver mutant alpha1-antitrypsin to the Hrd1:SEL1L ubiquitin ligase complex for ERAD",
            "authors": [
                {
                    "first": "J",
                    "middle": [
                        "C"
                    ],
                    "last": "Christianson",
                    "suffix": ""
                }
            ],
            "year": 2008,
            "venue": "Nat. Cell Biol",
            "volume": "10",
            "issn": "",
            "pages": "272--282",
            "other_ids": {}
        },
        "BIBREF27": {
            "ref_id": "b27",
            "title": "A dual task for the Xbp1-responsive OS-9 variants in the mammalian endoplasmic reticulum: inhibiting secretion of misfolded protein conformers and enhancing their disposal",
            "authors": [
                {
                    "first": "R",
                    "middle": [],
                    "last": "Bernasconi",
                    "suffix": ""
                }
            ],
            "year": 2008,
            "venue": "J. Biol. Chem",
            "volume": "283",
            "issn": "",
            "pages": "16446--16454",
            "other_ids": {}
        },
        "BIBREF28": {
            "ref_id": "b28",
            "title": "Human OS-9, a lectin required for glycoprotein ERAD, recognizes mannose-trimmed N-glycans",
            "authors": [
                {
                    "first": "N",
                    "middle": [],
                    "last": "Hosokawa",
                    "suffix": ""
                }
            ],
            "year": 2009,
            "venue": "J. Biol. Chem",
            "volume": "284",
            "issn": "",
            "pages": "17061--17068",
            "other_ids": {}
        },
        "BIBREF29": {
            "ref_id": "b29",
            "title": "Human XTP3-B binds to alpha1-antitrypsin variant null (Hong Kong) via the C-terminal MRH domain in a glycan-dependent manner",
            "authors": [
                {
                    "first": "D",
                    "middle": [],
                    "last": "Yamaguchi",
                    "suffix": ""
                }
            ],
            "year": 2010,
            "venue": "Glycobiology",
            "volume": "20",
            "issn": "",
            "pages": "348--355",
            "other_ids": {}
        },
        "BIBREF30": {
            "ref_id": "b30",
            "title": "ERdj5 is required as a disulfide reductase for degradation of misfolded proteins in the ER",
            "authors": [
                {
                    "first": "R",
                    "middle": [],
                    "last": "Ushioda",
                    "suffix": ""
                }
            ],
            "year": 2008,
            "venue": "Science",
            "volume": "321",
            "issn": "",
            "pages": "569--572",
            "other_ids": {}
        },
        "BIBREF31": {
            "ref_id": "b31",
            "title": "Defining human ERAD networks through an integrative mapping strategy",
            "authors": [
                {
                    "first": "J",
                    "middle": [
                        "C"
                    ],
                    "last": "Christianson",
                    "suffix": ""
                }
            ],
            "year": 2012,
            "venue": "Nat. Cell Biol",
            "volume": "14",
            "issn": "",
            "pages": "93--105",
            "other_ids": {}
        },
        "BIBREF32": {
            "ref_id": "b32",
            "title": "Bypass of glycan-dependent glycoprotein delivery to ERAD by up-regulated EDEM1",
            "authors": [
                {
                    "first": "E",
                    "middle": [],
                    "last": "Ron",
                    "suffix": ""
                }
            ],
            "year": 2011,
            "venue": "Mol. Biol. Cell",
            "volume": "22",
            "issn": "",
            "pages": "3945--3954",
            "other_ids": {}
        },
        "BIBREF33": {
            "ref_id": "b33",
            "title": "Structural basis for oligosaccharide recognition of misfolded glycoproteins by OS-9 in ER-associated degradation",
            "authors": [
                {
                    "first": "T",
                    "middle": [],
                    "last": "Satoh",
                    "suffix": ""
                }
            ],
            "year": 2010,
            "venue": "Mol. Cell",
            "volume": "40",
            "issn": "",
            "pages": "905--916",
            "other_ids": {}
        },
        "BIBREF34": {
            "ref_id": "b34",
            "title": "Role of the endoplasmic reticulum-associated degradation (ERAD) pathway in degradation of hepatitis C virus envelope proteins and production of virus particles",
            "authors": [
                {
                    "first": "M",
                    "middle": [],
                    "last": "Saeed",
                    "suffix": ""
                }
            ],
            "year": 2011,
            "venue": "J. Biol. Chem",
            "volume": "286",
            "issn": "",
            "pages": "37264--37273",
            "other_ids": {}
        },
        "BIBREF35": {
            "ref_id": "b35",
            "title": "Structural and biochemical basis of Yos9 protein dimerization and possible contribution to self-association of 3-hydroxy-3-methylglutaryl-coenzyme A reductase degradation ubiquitin-ligase complex",
            "authors": [
                {
                    "first": "J",
                    "middle": [],
                    "last": "Hanna",
                    "suffix": ""
                }
            ],
            "year": 2012,
            "venue": "J. Biol. Chem",
            "volume": "287",
            "issn": "",
            "pages": "8633--8640",
            "other_ids": {}
        },
        "BIBREF36": {
            "ref_id": "b36",
            "title": "Role of the SEL1L:LC3-I complex as an ERAD tuning receptor in the mammalian ER",
            "authors": [
                {
                    "first": "R",
                    "middle": [],
                    "last": "Bernasconi",
                    "suffix": ""
                }
            ],
            "year": 2012,
            "venue": "Mol. Cell",
            "volume": "46",
            "issn": "",
            "pages": "809--819",
            "other_ids": {}
        },
        "BIBREF37": {
            "ref_id": "b37",
            "title": "SEL1L nucleates a protein complex required for dislocation of misfolded glycoproteins",
            "authors": [
                {
                    "first": "B",
                    "middle": [],
                    "last": "Mueller",
                    "suffix": ""
                }
            ],
            "year": 2008,
            "venue": "Proc. Natl. Acad. Sci. U.S.A",
            "volume": "105",
            "issn": "",
            "pages": "12325--12330",
            "other_ids": {}
        },
        "BIBREF38": {
            "ref_id": "b38",
            "title": "Characterization of early EDEM1 protein maturation events and their functional implications",
            "authors": [
                {
                    "first": "T",
                    "middle": [],
                    "last": "Tamura",
                    "suffix": ""
                }
            ],
            "year": 2011,
            "venue": "J. Biol. Chem",
            "volume": "286",
            "issn": "",
            "pages": "24906--24915",
            "other_ids": {}
        },
        "BIBREF39": {
            "ref_id": "b39",
            "title": "A luminal surveillance complex that selects misfolded glycoproteins for ER-associated degradation",
            "authors": [
                {
                    "first": "V",
                    "middle": [],
                    "last": "Denic",
                    "suffix": ""
                }
            ],
            "year": 2006,
            "venue": "Cell",
            "volume": "126",
            "issn": "",
            "pages": "349--359",
            "other_ids": {}
        },
        "BIBREF40": {
            "ref_id": "b40",
            "title": "The MRH protein erlectin is a member of the endoplasmic reticulum synexpression group and functions in N-glycan recognition",
            "authors": [
                {
                    "first": "C",
                    "middle": [
                        "M"
                    ],
                    "last": "Cruciat",
                    "suffix": ""
                }
            ],
            "year": 2006,
            "venue": "J. Biol. Chem",
            "volume": "281",
            "issn": "",
            "pages": "12986--12993",
            "other_ids": {}
        },
        "BIBREF41": {
            "ref_id": "b41",
            "title": "The sugar-binding ability of human OS-9 and its involvement in ER-associated degradation",
            "authors": [
                {
                    "first": "K",
                    "middle": [],
                    "last": "Mikami",
                    "suffix": ""
                }
            ],
            "year": 2010,
            "venue": "Glycobiology",
            "volume": "20",
            "issn": "",
            "pages": "310--321",
            "other_ids": {}
        },
        "BIBREF42": {
            "ref_id": "b42",
            "title": "A dual role for EDEM1 in the processing of rod opsin",
            "authors": [
                {
                    "first": "M",
                    "middle": [],
                    "last": "Kosmaoglou",
                    "suffix": ""
                }
            ],
            "year": 2009,
            "venue": "J. Cell Sci",
            "volume": "122",
            "issn": "",
            "pages": "4465--4472",
            "other_ids": {}
        },
        "BIBREF43": {
            "ref_id": "b43",
            "title": "Yos9p assists in the degradation of certain nonglycosylated proteins from the endoplasmic reticulum",
            "authors": [
                {
                    "first": "L",
                    "middle": [
                        "A"
                    ],
                    "last": "Jaenicke",
                    "suffix": ""
                }
            ],
            "year": 2011,
            "venue": "Mol. Biol. Cell",
            "volume": "22",
            "issn": "",
            "pages": "2937--2945",
            "other_ids": {}
        },
        "BIBREF44": {
            "ref_id": "b44",
            "title": "ERAD and ERAD tuning: disposal of cargo and of ERAD regulators from the mammalian ER",
            "authors": [
                {
                    "first": "R",
                    "middle": [],
                    "last": "Bernasconi",
                    "suffix": ""
                },
                {
                    "first": "M",
                    "middle": [],
                    "last": "Molinari",
                    "suffix": ""
                }
            ],
            "year": 2011,
            "venue": "Curr. Opin. Cell Biol",
            "volume": "23",
            "issn": "",
            "pages": "176--183",
            "other_ids": {}
        },
        "BIBREF45": {
            "ref_id": "b45",
            "title": "The ubiquitin ligase gp78 promotes sarcoma metastasis by targeting KAI1 for degradation",
            "authors": [
                {
                    "first": "Y",
                    "middle": [
                        "C"
                    ],
                    "last": "Tsai",
                    "suffix": ""
                }
            ],
            "year": 2007,
            "venue": "Nat. Med",
            "volume": "13",
            "issn": "",
            "pages": "1504--1509",
            "other_ids": {}
        },
        "BIBREF46": {
            "ref_id": "b46",
            "title": "Rheumatoid arthritis as a hyperendoplasmic-reticulum-associated degradation disease",
            "authors": [
                {
                    "first": "S",
                    "middle": [],
                    "last": "Yamasaki",
                    "suffix": ""
                }
            ],
            "year": 2005,
            "venue": "Arthritis Res. Ther",
            "volume": "7",
            "issn": "",
            "pages": "181--186",
            "other_ids": {}
        },
        "BIBREF47": {
            "ref_id": "b47",
            "title": "Segregation and rapid turnover of EDEM1 by an autophagy-like mechanism modulates standard ERAD and folding activities",
            "authors": [
                {
                    "first": "T",
                    "middle": [],
                    "last": "Cali",
                    "suffix": ""
                }
            ],
            "year": 2008,
            "venue": "Biochem. Biophys. Res. Commun",
            "volume": "371",
            "issn": "",
            "pages": "405--410",
            "other_ids": {}
        },
        "BIBREF48": {
            "ref_id": "b48",
            "title": "Coronaviruses hijack the LC3-I-positive EDEMosomes, ER-derived vesicles exporting short-lived ERAD regulators, for replication",
            "authors": [
                {
                    "first": "F",
                    "middle": [],
                    "last": "Reggiori",
                    "suffix": ""
                }
            ],
            "year": 2010,
            "venue": "Cell Host Microbe",
            "volume": "7",
            "issn": "",
            "pages": "500--508",
            "other_ids": {}
        },
        "BIBREF49": {
            "ref_id": "b49",
            "title": "Role of Herp in the endoplasmic reticulum stress response",
            "authors": [
                {
                    "first": "O",
                    "middle": [],
                    "last": "Hori",
                    "suffix": ""
                }
            ],
            "year": 2004,
            "venue": "Genes Cells",
            "volume": "9",
            "issn": "",
            "pages": "457--469",
            "other_ids": {}
        },
        "BIBREF50": {
            "ref_id": "b50",
            "title": "SEL1L, the homologue of yeast Hrd3p, is involved in protein dislocation from the mammalian ER",
            "authors": [
                {
                    "first": "B",
                    "middle": [],
                    "last": "Mueller",
                    "suffix": ""
                }
            ],
            "year": 2006,
            "venue": "J. Cell Biol",
            "volume": "175",
            "issn": "",
            "pages": "261--270",
            "other_ids": {}
        },
        "BIBREF51": {
            "ref_id": "b51",
            "title": "Human endoplasmic reticulum mannosidase I is subject to regulated proteolysis",
            "authors": [
                {
                    "first": "Y",
                    "middle": [],
                    "last": "Wu",
                    "suffix": ""
                }
            ],
            "year": 2007,
            "venue": "J. Biol. Chem",
            "volume": "282",
            "issn": "",
            "pages": "4841--4849",
            "other_ids": {}
        },
        "BIBREF52": {
            "ref_id": "b52",
            "title": "Targeting of gp78 for ubiquitin-mediated proteasomal degradation by Hrd1: cross-talk between E3s in the endoplasmic reticulum",
            "authors": [
                {
                    "first": "A",
                    "middle": [],
                    "last": "Shmueli",
                    "suffix": ""
                }
            ],
            "year": 2009,
            "venue": "Biochem. Biophys. Res. Commun",
            "volume": "390",
            "issn": "",
            "pages": "758--762",
            "other_ids": {}
        },
        "BIBREF53": {
            "ref_id": "b53",
            "title": "JAMP optimizes ERAD to protect cells from unfolded proteins",
            "authors": [
                {
                    "first": "M",
                    "middle": [],
                    "last": "Tcherpakov",
                    "suffix": ""
                }
            ],
            "year": 2008,
            "venue": "Mol. Biol. Cell",
            "volume": "19",
            "issn": "",
            "pages": "5019--5028",
            "other_ids": {}
        },
        "BIBREF54": {
            "ref_id": "b54",
            "title": "EDEM1 reveals a quality control vesicular transport pathway out of the endoplasmic reticulum not involving the COPII exit sites",
            "authors": [
                {
                    "first": "C",
                    "middle": [],
                    "last": "Zuber",
                    "suffix": ""
                }
            ],
            "year": 2007,
            "venue": "Proc. Natl. Acad. Sci. U.S.A",
            "volume": "104",
            "issn": "",
            "pages": "4407--4412",
            "other_ids": {}
        },
        "BIBREF55": {
            "ref_id": "b55",
            "title": "Role of 26S proteasome and HRD genes in the degradation of 3-hydroxy-3-methylglutaryl-CoA reductase, an integral endoplasmic reticulum membrane protein",
            "authors": [
                {
                    "first": "R",
                    "middle": [
                        "Y"
                    ],
                    "last": "Hampton",
                    "suffix": ""
                }
            ],
            "year": 1996,
            "venue": "Mol. Biol. Cell",
            "volume": "7",
            "issn": "",
            "pages": "2029--2044",
            "other_ids": {}
        },
        "BIBREF56": {
            "ref_id": "b56",
            "title": "N-linked glycan recognition and processing: the molecular basis of endoplasmic reticulum quality control",
            "authors": [
                {
                    "first": "K",
                    "middle": [
                        "W"
                    ],
                    "last": "Moremen",
                    "suffix": ""
                },
                {
                    "first": "M",
                    "middle": [],
                    "last": "Molinari",
                    "suffix": ""
                }
            ],
            "year": 2006,
            "venue": "Curr. Opin. Struct. Biol",
            "volume": "16",
            "issn": "",
            "pages": "592--599",
            "other_ids": {}
        },
        "BIBREF57": {
            "ref_id": "b57",
            "title": "The MRH domain suggests a shared ancestry for the mannose 6-phosphate receptors and other N-glycan-recognising proteins",
            "authors": [
                {
                    "first": "S",
                    "middle": [],
                    "last": "Munro",
                    "suffix": ""
                }
            ],
            "year": 2001,
            "venue": "Cur. Biol",
            "volume": "11",
            "issn": "",
            "pages": "499--501",
            "other_ids": {}
        },
        "BIBREF58": {
            "ref_id": "b58",
            "title": "The unfolded protein response: from stress pathway to homeostatic regulation",
            "authors": [
                {
                    "first": "P",
                    "middle": [],
                    "last": "Walter",
                    "suffix": ""
                },
                {
                    "first": "D",
                    "middle": [],
                    "last": "Ron",
                    "suffix": ""
                }
            ],
            "year": 2011,
            "venue": "Science",
            "volume": "334",
            "issn": "",
            "pages": "1081--1086",
            "other_ids": {}
        }
    },
    "ref_entries": {
        "FIGREF0": {
            "text": "N-Linked glycan structure. The Asn-linked glycan is composed of three glucoses (orange triangles), nine mannoses (blue circles) and two Nacetylglucosamines (green squares). The types of linkage between sugars are denoted and each residue is assigned a letter.",
            "latex": null,
            "type": "figure"
        }
    },
    "back_matter": []
}