{
    "paper_id": "0bc43a2499322cbf8f3a640b522c6206bf62a3de",
    "metadata": {
        "title": "Nosocomial Intravascular Catheter Infections with Extended- spectrum Beta-lactamase-producing Escherichia coli in Calves after Strain Introduction from a Commercial Herd",
        "authors": [
            {
                "first": "B",
                "middle": [],
                "last": "Pardon",
                "suffix": "",
                "affiliation": {
                    "laboratory": "",
                    "institution": "Ghent University",
                    "location": {
                        "settlement": "Merelbeke",
                        "country": "Belgium"
                    }
                },
                "email": "bart.pardon@ugent.be"
            },
            {
                "first": "A",
                "middle": [],
                "last": "Smet",
                "suffix": "",
                "affiliation": {
                    "laboratory": "",
                    "institution": "Ghent University",
                    "location": {
                        "settlement": "Merelbeke",
                        "country": "Belgium"
                    }
                },
                "email": ""
            },
            {
                "first": "P",
                "middle": [],
                "last": "Butaye",
                "suffix": "",
                "affiliation": {
                    "laboratory": "",
                    "institution": "Ghent University",
                    "location": {
                        "settlement": "Merelbeke",
                        "country": "Belgium"
                    }
                },
                "email": ""
            },
            {
                "first": "M",
                "middle": [
                    "A"
                ],
                "last": "Argud In",
                "suffix": "",
                "affiliation": {},
                "email": ""
            },
            {
                "first": "B",
                "middle": [],
                "last": "Valgaeren",
                "suffix": "",
                "affiliation": {
                    "laboratory": "",
                    "institution": "Ghent University",
                    "location": {
                        "settlement": "Merelbeke",
                        "country": "Belgium"
                    }
                },
                "email": ""
            },
            {
                "first": "B",
                "middle": [],
                "last": "Catry",
                "suffix": "",
                "affiliation": {
                    "laboratory": "",
                    "institution": "Scientific Institute of Public Health (WIV-ISP)",
                    "location": {
                        "settlement": "Brussels",
                        "country": "Belgium"
                    }
                },
                "email": ""
            },
            {
                "first": "F",
                "middle": [],
                "last": "Haesebrouck",
                "suffix": "",
                "affiliation": {
                    "laboratory": "",
                    "institution": "Ghent University",
                    "location": {
                        "settlement": "Merelbeke",
                        "country": "Belgium"
                    }
                },
                "email": ""
            },
            {
                "first": "P",
                "middle": [],
                "last": "Deprez",
                "suffix": "",
                "affiliation": {
                    "laboratory": "",
                    "institution": "Ghent University",
                    "location": {
                        "settlement": "Merelbeke",
                        "country": "Belgium"
                    }
                },
                "email": ""
            }
        ]
    },
    "abstract": [],
    "body_text": [
        {
            "text": "Broad-spectrum b-lactamases are enzymes which render Gram-negative bacteria, resistant to b-lactam antibiotics with extended spectrum (3rd-and 4th-generation cephalosporins in veterinary medicine) (Brolund, 2014) . In cattle, b-lactam antibiotics are frequently used for the treatment of common infections, such as mastitis or omphalitis, but also for life-threatening conditions such as pneumonia or blood stream infection (BSI) and for surgical prophylaxis (Chicoine et al., 2008; Pardon et al., 2012) . Scientific discussion on b-lactamase nomenclature is still ongoing, but at present, broad-spectrum b-lactamases are divided into three categories (Giske et al., 2009 ). The first group are the extended-spectrum beta-lactamases (ESBLs), consisting of CTX-M enzymes, which are most frequently found, SHV and TEM enzymes. These b-lactamases are horizontally transferable through plasmids and sensitive to clavulanic acid. A second group holds the AmpC gene, which confers resistance to clavulanic acid as well. The third group consists of the carbapenemases (e.g. metallo b-lactamases). Carbapenems are not registered for veterinary use, because they are used as last resort molecules for bacteria which show ESBL or AmpC resistance in humans. Important is the fact that broad-spectrum b-lactamase-producing Enterobacteriaceae often display multidrug-resistant phenotypes, further jeopardizing treatment options (Brolund, 2014) .",
            "cite_spans": [
                {
                    "start": 197,
                    "end": 212,
                    "text": "(Brolund, 2014)",
                    "ref_id": "BIBREF1"
                },
                {
                    "start": 459,
                    "end": 482,
                    "text": "(Chicoine et al., 2008;",
                    "ref_id": "BIBREF3"
                },
                {
                    "start": 483,
                    "end": 503,
                    "text": "Pardon et al., 2012)",
                    "ref_id": "BIBREF18"
                },
                {
                    "start": 652,
                    "end": 671,
                    "text": "(Giske et al., 2009",
                    "ref_id": "BIBREF9"
                },
                {
                    "start": 1415,
                    "end": 1430,
                    "text": "(Brolund, 2014)",
                    "ref_id": "BIBREF1"
                }
            ],
            "ref_spans": [],
            "section": "Introduction"
        },
        {
            "text": "In recent years, in the footsteps of a growing concern of the spread of ESBL/AmpC genes in the human population, ESBL genes have been found, with highly variable prevalence, in companion animals and in most food animals and derived products (Dierikx et al., 2012 (Dierikx et al., , 2013 . In cattle, ESBL-producing Escherichia coli strains are commonly found, predominantly in dairy cattle (Schmid et al., 2013) . Also in veal calves, an industry renowned for its intensive antimicrobial use, a worrisome increase in ESBL gene prevalence from 4% in 1998 to 39% in 2010 was observed (Pardon et al., 2012; Hordijk et al., 2013a,b) . A similarity in ESBL resistance genes and plasmids carrying these genes among isolates from animals and humans may suggest an exchange of resistance between different reservoirs (Dierikx et al., 2012; Madec et al., 2012) . Whereas in human medicine, numerous reports on clinical infections [mainly urinary tract infections (UTI) and BSI] exist; evidence on the clinical relevance of veterinary ESBL-producing isolates is limited to single papers on UTI in cats and dogs (Huber et al., 2013) or wound infections in horses (Smet et al., 2012) . In cattle, ESBL genes have been detected in mastitis pathogens (E. coli and Klebsiella pneumonia) (Ghatak et al., 2013; Ohnishi et al., 2013; Timofte et al., 2014) , but involvement in other diseases has not been documented.",
            "cite_spans": [
                {
                    "start": 241,
                    "end": 262,
                    "text": "(Dierikx et al., 2012",
                    "ref_id": null
                },
                {
                    "start": 263,
                    "end": 286,
                    "text": "(Dierikx et al., , 2013",
                    "ref_id": "BIBREF5"
                },
                {
                    "start": 390,
                    "end": 411,
                    "text": "(Schmid et al., 2013)",
                    "ref_id": "BIBREF23"
                },
                {
                    "start": 582,
                    "end": 603,
                    "text": "(Pardon et al., 2012;",
                    "ref_id": "BIBREF18"
                },
                {
                    "start": 604,
                    "end": 628,
                    "text": "Hordijk et al., 2013a,b)",
                    "ref_id": null
                },
                {
                    "start": 809,
                    "end": 831,
                    "text": "(Dierikx et al., 2012;",
                    "ref_id": null
                },
                {
                    "start": 832,
                    "end": 851,
                    "text": "Madec et al., 2012)",
                    "ref_id": "BIBREF15"
                },
                {
                    "start": 1101,
                    "end": 1121,
                    "text": "(Huber et al., 2013)",
                    "ref_id": "BIBREF13"
                },
                {
                    "start": 1152,
                    "end": 1171,
                    "text": "(Smet et al., 2012)",
                    "ref_id": "BIBREF25"
                },
                {
                    "start": 1272,
                    "end": 1293,
                    "text": "(Ghatak et al., 2013;",
                    "ref_id": "BIBREF8"
                },
                {
                    "start": 1294,
                    "end": 1315,
                    "text": "Ohnishi et al., 2013;",
                    "ref_id": "BIBREF17"
                },
                {
                    "start": 1316,
                    "end": 1337,
                    "text": "Timofte et al., 2014)",
                    "ref_id": "BIBREF26"
                }
            ],
            "ref_spans": [],
            "section": "Introduction"
        },
        {
            "text": "This article documents on the introduction and dissemination of an ESBL/AmpC-producing E. coli (blaCTX-M-14/AmpC) involved in intravascular catheter infections in calves in an animal teaching hospital.",
            "cite_spans": [],
            "ref_spans": [],
            "section": "Introduction"
        },
        {
            "text": "Study animals and case history Animals sampled were 1-3 weeks old Belgian Blue (BB) calves, hospitalized in a veterinary teaching hospital (n = 6), of which three developed phlebitis and a jugular abscess following long-term intravascular catheterization. Additionally, at the herd of origin of the initial case, six calves of the same age were sampled. Samples were taken from jugular abscesses in cases and from faeces in healthy animals.",
            "cite_spans": [],
            "ref_spans": [],
            "section": "Materials and Methods"
        },
        {
            "text": "The first case animals came from a 200 head, purebred BB beef farm, located in the south of Belgium (province of Hainaut). The herd had been sanitized for bovine viral diarrhoea virus, and at birth, every calf was still tested by PCR on an ear biopsy. Calves received 2-4 l of colostrum, enriched with 146 g of a colostrum supplement (Colostrival, Ecuphar, Oostkamp, Belgium). For 6 months, the farm experienced neonatal diarrhoea and sepsis problems, with a mortality rate of 20% in the first month of life. Empiric treatment with paromomycin, cefquinome, marbofloxacine and gentamicin did not resolve morbidity and mortality. Five diarrhoeic calves were admitted at the clinic for treatment and further diagnosis.",
            "cite_spans": [],
            "ref_spans": [],
            "section": "Materials and Methods"
        },
        {
            "text": "As part of the routine approach of diarrhoea cases in calves at the clinic, a commercially available lateral immunochromatography test for bovine coronavirus, rotavirus, Escherichia coli F5 and Cryptosporidium parvum was performed on faecal samples (Tetrastrips BIO K 156, Bio-X, Jemelle, Belgium). A faecal sample was inoculated on brilliant green agar for Salmonella spp. and on Columbia blood agar for Clostridium perfringens (anaerobic incubation).",
            "cite_spans": [],
            "ref_spans": [],
            "section": "Enteric pathogens diagnostics"
        },
        {
            "text": "Initially, samples from the jugular abscesses were inoculated on Columbia blood agar plates with 5% sheep blood (Oxoid Ltd., Basingstoke, Hampshire, UK) and aerobically incubated overnight at 37\u00b0C (Quinn et al., 1999) . After phenotypical identification of E. coli, one colony per plate was taken and purified for further testing.",
            "cite_spans": [
                {
                    "start": 197,
                    "end": 217,
                    "text": "(Quinn et al., 1999)",
                    "ref_id": "BIBREF19"
                }
            ],
            "ref_spans": [],
            "section": "Bacteriology, virulence factors and anti-microbial susceptibility testing"
        },
        {
            "text": "All E. coli isolates were tested by PCR for the presence of known virulence factors, namely verotoxin (VT1 & 2), EAE gen (E. coli attaching and effacing), fimbrial adhesins (F41, F5), thermostable enterotoxin (STA) and cytotoxic necrotizing factors (CNF1 and CNF2).",
            "cite_spans": [],
            "ref_spans": [],
            "section": "Bacteriology, virulence factors and anti-microbial susceptibility testing"
        },
        {
            "text": "The E. coli isolates were tested for resistance against blactams to confirm the presence of an ESBL or AmpC blactamase, as described previously (Smet et al., 2008) . Minimum inhibitory concentration (MIC) tests were carried out for 13 anti-microbials ( Fig. 3) on Mueller-Hinton agar plates (Oxoid, Erembodegem, Belgium) containing double dilutions of the anti-microbials. Concentrations of the antimicrobial compounds ranged from 0.03 to 1024 lg/ml. Antibiotic-free agar plates were included as a control for normal growth. E. coli ATCC 25922 and Staphylococcus aureus ATCC 29213 were used as a reference strain.",
            "cite_spans": [
                {
                    "start": 144,
                    "end": 163,
                    "text": "(Smet et al., 2008)",
                    "ref_id": "BIBREF24"
                }
            ],
            "ref_spans": [
                {
                    "start": 253,
                    "end": 260,
                    "text": "Fig. 3)",
                    "ref_id": null
                }
            ],
            "section": "Bacteriology, virulence factors and anti-microbial susceptibility testing"
        },
        {
            "text": "Inocula were prepared by suspending overnight cultures in phosphate-buffered saline (PBS) to a density of 0.5 on the McFarland scale and further diluted to 1/10. Approximately 1 9 10 5 colony-forming units of the strains were then inoculated on plates by means of a Densley multipoint inoculater (Mast, Sussex, UK). Plates were incubated aerobically at 35\u00b0C for 24 h. The MIC was defined as the lowest concentration of the anti-microbial agent that allowed no visible growth. Minimum inhibitory concentration (MIC) results were interpreted according to the clinical break points European Committee on Anti-microbial Susceptibility Testing (EUCAST, 2014). When no clinical breakpoints were available, wild-type populations (susceptibility) were based on the MIC distributions ECOFF (EUCAST, 2014).",
            "cite_spans": [],
            "ref_spans": [],
            "section": "Bacteriology, virulence factors and anti-microbial susceptibility testing"
        },
        {
            "text": "Genes encoding an extended-spectrum b-lactamase (ESBL) or AmpC b-lactamase were analysed by PCR and sequencing as previously described (Smet et al., 2008) . Briefly, DNA was extracted by inoculating a single colony of each isolate from a blood agar plate into 1 ml of Luria broth.",
            "cite_spans": [
                {
                    "start": 135,
                    "end": 154,
                    "text": "(Smet et al., 2008)",
                    "ref_id": "BIBREF24"
                }
            ],
            "ref_spans": [],
            "section": "Characterization of b-lactamases"
        },
        {
            "text": "After overnight incubation at 37\u00b0C, cells were harvested after centrifugation at 16 000 g for 5 min. The pellet was resuspended in 1 ml of distilled water, and cells were lysed by heating at 95\u00b0C for 5 min. Cellular debris was removed by centrifugation at 16 000 g for 5 min. PCR for the detection of genes encoding TEM-, SHV-, CTX-M-and CMYtype enzymes was performed. All PCR amplicons were sequenced, and the obtained nucleotide sequences were compared with those previously described for bla genes (BLAST database: http://www.ncbi.nlm.nih.gov/BLAST/).",
            "cite_spans": [],
            "ref_spans": [],
            "section": "Characterization of b-lactamases"
        },
        {
            "text": "To obtain further insights into the epidemiology (origin and spread) of broad-spectrum b-lactamase-producing E. coli strains at the hospital, strains were identified by XbaI macrorestriction followed by pulsed-field gel electrophoresis (PFGE) (Bertrand et al., 2006; Ribot et al., 2006) .",
            "cite_spans": [
                {
                    "start": 243,
                    "end": 266,
                    "text": "(Bertrand et al., 2006;",
                    "ref_id": "BIBREF0"
                },
                {
                    "start": 267,
                    "end": 286,
                    "text": "Ribot et al., 2006)",
                    "ref_id": "BIBREF21"
                }
            ],
            "ref_spans": [],
            "section": "Strain identification"
        },
        {
            "text": "In February-March 2012, five Belgian Blue calves, aged between 8 and 10 days and with an average weight of 52 kg [standard deviation (SD) = 2, 3], were admitted to a veterinary teaching clinic. At arrival, calves were markedly dehydrated, showed recumbency, depression, tachycardia and marked, profuse diarrhoea. Rectal temperature varied between 38.3\u00b0C and 39.5\u00b0C. One calf (case 1) had marked telogen effluvium, resulting in large zones of hair loss all over the body.",
            "cite_spans": [],
            "ref_spans": [],
            "section": "Clinical management and outcome"
        },
        {
            "text": "A permanent intravenous catheter (Cavafix Certo G14; B. Braun, Oss, the Netherlands) was placed in the jugular vein after clipping and catheter site skin preparation with 0.5% chlorhexidine and 90% alcohol. Dehydration and metabolic acidosis were corrected by continuous perfusion with NaCl 0.9% and 1 l of NaHCO 3 4.0%. All calves showed failure of passive transfer, meaning a lack of colostrum uptake, as evidenced by a total immunoglobulin level under 10 g/l on electrophoresis. Three of five calves were C. parvum positive.",
            "cite_spans": [],
            "ref_spans": [],
            "section": "Clinical management and outcome"
        },
        {
            "text": "Cefquinome (2 mg/kg IV, b.i.d., Cobactan 4.5%; MSD, Boxmeer, the Netherlands) was administered to prevent septicaemia. Flunixin meglumine (1.1 mg/kg, IV, emdofluxin, Emdoka, Hoogstraten, Belgium) was given for 3 days. A week later, 1 day after removal of the catheter, one calf demonstrated recurrent fever. A phlebitis of the left jugular vein was confirmed by ultrasound (5.4 mHz rectal transducer; Mylab Gold, Esaote, The Netherlands) (Fig. 1) . Therapy was changed to doxycycline (2.5 mg/kg PO, b.i.d, 3 days, Doxyral 50%; Emdoka). Fever persisted, and therapy was changed to penicillin (10 000 IU/kg IM) and neomycin (5 mg/kg IM, Neopen; MSD A.H.) for 7 days. Fever remained and the general condition of the calf deteriorated. An abscess developed on the jugular vein, and a bacterial culture on an aspiration of the abscess was performed (Case 1) (Fig. 2) . The calf died and necropsy showed a marked phlebitis of the left jugular vein with abscess formation and large thrombi in the vena cava cranialis, the heart and several pulmonary arteries. A purulent arthritis was present in both knee joints. Samples for bacteriology were taken from the jugular abscess, vena cava cranialis, heart and knee joint.",
            "cite_spans": [],
            "ref_spans": [
                {
                    "start": 438,
                    "end": 446,
                    "text": "(Fig. 1)",
                    "ref_id": "FIGREF0"
                },
                {
                    "start": 853,
                    "end": 861,
                    "text": "(Fig. 2)",
                    "ref_id": "FIGREF1"
                }
            ],
            "section": "Clinical management and outcome"
        },
        {
            "text": "In June and July, three other hospitalized calves from other owners developed phlebitis between 8 and 18 days after catheter placement. In two of these calves (Cases 2 and 3), there was abscess formation on the jugular vein, which was sampled for bacteriological examination. All calves completely recovered after treatment with 13.13 mg/ kg amoxicillin clavulanic acid for 15-21 days (Rodriguez-Bano et al., 2012) . Extra hygienic measures were taken at the clinic; cephalosporin use was limited and special attention was paid to aseptic placement of catheters according to published guidelines for human medicine (O'Grady et al., 2011) . No new cases occurred since.",
            "cite_spans": [
                {
                    "start": 385,
                    "end": 414,
                    "text": "(Rodriguez-Bano et al., 2012)",
                    "ref_id": null
                },
                {
                    "start": 615,
                    "end": 637,
                    "text": "(O'Grady et al., 2011)",
                    "ref_id": null
                }
            ],
            "ref_spans": [],
            "section": "Clinical management and outcome"
        },
        {
            "text": "An E. coli with an ESBL phenotype was retrieved in the jugular abscess of all three cases. Extended-spectrum blactamase-producing E. coli were also detected in the faeces of case 1 and in three other hospitalized calves tested at the same time. At necropsy, a pure culture of E. coli with an ESBL phenotype was isolated from all sampled body sites, suggesting a BSI originating from the catheter site (Fig. 3) . Subsequently, at the farm of origin, faecal samples were taken from six calves of the same age class, and ESBL-producing E. coli were found in all samples.",
            "cite_spans": [],
            "ref_spans": [
                {
                    "start": 401,
                    "end": 409,
                    "text": "(Fig. 3)",
                    "ref_id": null
                }
            ],
            "section": "Bacteriology, b-lactamases and strain identification"
        },
        {
            "text": "In total, 19 E. coli isolates with an ESBL phenotype were further characterized, all of which tested negative by PCR for genes encoding virulence factors. All strains were multiresistant and carried the bla CTX-M14 gene (Fig. 3) . Six of the 19 E. coli isolates showing a combined ESBL/AmpC phenotype and isolates from the jugular abscess of case 1 had mutations in the promoter region of their chromosomal Eleven unique [Dice similarity (DS) < 100%] PFGE subtypes existed among the 19 E. coli isolates. A dendrogram describing their relatedness is presented in Fig. 3 . The strain isolated from the jugular abscess of case 1 was also isolated from faecal samples from the calves at the herd of origin, evidencing introduction of the strain at the clinic (DS = 100%). A very similar strain (DS = 87.5%) was isolated months later. In case 1, two different strains were isolated at necropsy. One, identical to the first isolation from the abscess, was still found in the abscess and in the knee joint, whereas another one was found in the vena cava cranialis and the heart, suggestive for plasmid transfer. Similarly, two different strains were also isolated from the jugular abscess of case 2.",
            "cite_spans": [],
            "ref_spans": [
                {
                    "start": 220,
                    "end": 228,
                    "text": "(Fig. 3)",
                    "ref_id": null
                },
                {
                    "start": 562,
                    "end": 568,
                    "text": "Fig. 3",
                    "ref_id": null
                }
            ],
            "section": "Bacteriology, b-lactamases and strain identification"
        },
        {
            "text": "As in humans and other animal species, ESBL-producing Enterobacteriaceae have become widespread in cattle (Dierikx et al., 2012 (Dierikx et al., , 2013 . In particular, dairy cattle and veal calves are regarded as a reservoir (Hordijk et al., 2013a; Schmid et al., 2013; Haenni et al., 2014) . In human medicine, BSIs with ESBL-producing Enterobacteriaceae have been associated with treatment failure, prolonged hospitalization and an increased mortality risk (Brolund, 2014) . Isolation of ESBL-producing E. coli from a herd with increased mortality is reported in dairy cattle, but no direct evidence on the clinical relevance of Fig. 3 . Dendrogram showing the relatedness between macrorestriction and pulsed-field gel electrophoresis (PFGE) patterns generated from E. coli isolates. Isolate identification, corresponding clinical case or origin, herd of origin, source of the isolate, date of first isolation, the presence of ESBL genes, mutations (+) in the promoter region of the chromosomal AmpC and the minimal inhibitory concentration (mg/ml) of different antibiotics are showed at the right of the dendogram. Minimum inhibitory concentration (MIC) results in grey corresponded to resistance according to the clinical break points European Committee on Anti-microbial Susceptibility Testing (EUCAST, 2014) . When no clinical break points were available, wild-type populations (susceptibility) were based on the MIC distributions ECOFF (EUCAST, 2014) . AMP, ampicillin; CHL, chloramphenicol; CIP, ciprofloxacin; COL, colistin; FFN, florfenicol; FOT, cefotaxime; GEN, gentamicin; KAN, kanamycin; NAL, nalidixic acid; SMX, sulphonamide; STR, streptomycin; TAZ, ceftazidime; TET, tetracycline (NCLS, 2008) . this isolate could be provided (Liebana et al., 2006) . The present report demonstrates that ESBL-producing E. coli can cause treatment failure and mortality in calves as a consequence of septicaemic spread. Particularly important is that this infection occurred in calves with failure of passive transfer. Also in humans, especially immunocompromised persons such as infants are more susceptible to clinical infections with ESBL-producing Enterobacteriaceae (Rettedal et al., 2012) .",
            "cite_spans": [
                {
                    "start": 106,
                    "end": 127,
                    "text": "(Dierikx et al., 2012",
                    "ref_id": null
                },
                {
                    "start": 128,
                    "end": 151,
                    "text": "(Dierikx et al., , 2013",
                    "ref_id": "BIBREF5"
                },
                {
                    "start": 226,
                    "end": 249,
                    "text": "(Hordijk et al., 2013a;",
                    "ref_id": "BIBREF11"
                },
                {
                    "start": 250,
                    "end": 270,
                    "text": "Schmid et al., 2013;",
                    "ref_id": "BIBREF23"
                },
                {
                    "start": 271,
                    "end": 291,
                    "text": "Haenni et al., 2014)",
                    "ref_id": "BIBREF10"
                },
                {
                    "start": 460,
                    "end": 475,
                    "text": "(Brolund, 2014)",
                    "ref_id": "BIBREF1"
                },
                {
                    "start": 1300,
                    "end": 1314,
                    "text": "(EUCAST, 2014)",
                    "ref_id": null
                },
                {
                    "start": 1444,
                    "end": 1458,
                    "text": "(EUCAST, 2014)",
                    "ref_id": null
                },
                {
                    "start": 1461,
                    "end": 1477,
                    "text": "AMP, ampicillin;",
                    "ref_id": null
                },
                {
                    "start": 1478,
                    "end": 1499,
                    "text": "CHL, chloramphenicol;",
                    "ref_id": null
                },
                {
                    "start": 1500,
                    "end": 1519,
                    "text": "CIP, ciprofloxacin;",
                    "ref_id": null
                },
                {
                    "start": 1520,
                    "end": 1534,
                    "text": "COL, colistin;",
                    "ref_id": null
                },
                {
                    "start": 1535,
                    "end": 1552,
                    "text": "FFN, florfenicol;",
                    "ref_id": null
                },
                {
                    "start": 1553,
                    "end": 1569,
                    "text": "FOT, cefotaxime;",
                    "ref_id": null
                },
                {
                    "start": 1570,
                    "end": 1586,
                    "text": "GEN, gentamicin;",
                    "ref_id": null
                },
                {
                    "start": 1587,
                    "end": 1602,
                    "text": "KAN, kanamycin;",
                    "ref_id": null
                },
                {
                    "start": 1603,
                    "end": 1623,
                    "text": "NAL, nalidixic acid;",
                    "ref_id": null
                },
                {
                    "start": 1624,
                    "end": 1642,
                    "text": "SMX, sulphonamide;",
                    "ref_id": null
                },
                {
                    "start": 1643,
                    "end": 1661,
                    "text": "STR, streptomycin;",
                    "ref_id": null
                },
                {
                    "start": 1662,
                    "end": 1679,
                    "text": "TAZ, ceftazidime;",
                    "ref_id": null
                },
                {
                    "start": 1680,
                    "end": 1710,
                    "text": "TET, tetracycline (NCLS, 2008)",
                    "ref_id": null
                },
                {
                    "start": 1744,
                    "end": 1766,
                    "text": "(Liebana et al., 2006)",
                    "ref_id": "BIBREF14"
                },
                {
                    "start": 2172,
                    "end": 2195,
                    "text": "(Rettedal et al., 2012)",
                    "ref_id": "BIBREF20"
                }
            ],
            "ref_spans": [
                {
                    "start": 632,
                    "end": 638,
                    "text": "Fig. 3",
                    "ref_id": null
                }
            ],
            "section": "Discussion"
        },
        {
            "text": "The case strains did not have any of the tested virulence factors and were likely opportunists colonizing the catheter site. All isolated strains harboured the bla CTX-M14 gene, which is among the more frequent ESBL genes in cattle (Hordijk et al., 2013a,b) . Additionally, six strains also showed an AmpC phenotype, of which two were isolated from the herd of origin. These isolates overexpressed their chromosomal AmpC gene due to mutations in the promotor and attenuator region (Caroff et al., 2000) . The strains found in the faeces of case 1 and calves hospitalized at that time differed from the strain isolated from the abscess. Most likely, different strains had been introduced into the clinic by the calves from the problem herd, and cephalosporin use at the clinic further selected for different ESBLproducing strains. The presence of two different strains at necropsy in case 1 is suggestive for plasmid transfer.",
            "cite_spans": [
                {
                    "start": 232,
                    "end": 257,
                    "text": "(Hordijk et al., 2013a,b)",
                    "ref_id": null
                },
                {
                    "start": 481,
                    "end": 502,
                    "text": "(Caroff et al., 2000)",
                    "ref_id": "BIBREF2"
                }
            ],
            "ref_spans": [],
            "section": "Discussion"
        },
        {
            "text": "To the authors' knowledge, this is the first report on a nosocomial infection with ESBL/AmpC-producing E. coli in animals, with evidence on the route of introduction. The presence of this bacteria resulted in a prolonged hospitalization, increased anti-microbial use and mortality. Particularly interesting is that clear evidence is provided on the source of the strain, namely a beef farm experiencing diarrhoea and high neonatal mortality. Cephalosporins were used on this particular farm and possibly selected for ESBLs and AmpC. These findings underscore the risk of introducing an ESBL strain into the own herd when purchasing animals, admitting them to a clinic or even just visiting other herds without substantial biosecurity measures. In spite of speculative, it is not unlikely that the increased mortality in the herd of origin is related to the ESBL-producing E. coli, as over 30% of diarrhoea cases in calves are septicaemic and failure of passive transfer is the main risk factor (Fecteau et al., 1997) . Possibly, the economic and ethical consequences of infections with ESBL-producing E. coli might be worse and more widespread than currently perceived in practice.",
            "cite_spans": [
                {
                    "start": 994,
                    "end": 1016,
                    "text": "(Fecteau et al., 1997)",
                    "ref_id": "BIBREF7"
                }
            ],
            "ref_spans": [],
            "section": "Discussion"
        },
        {
            "text": "The strains isolated from the first case and the following cases were very similar, suggesting that the strain became nosocomial. Extended-spectrum b-lactamase epidemiology is very complex. Over time different strains come and go in a population as a consequence of horizontal gene transfer and clonal spread, particularly when anti-microbial use is continued (Liebana et al., 2006) . Under these conditions, a multiresistant plasmid might have become endemic, rather than one particular E. coli strain.",
            "cite_spans": [
                {
                    "start": 360,
                    "end": 382,
                    "text": "(Liebana et al., 2006)",
                    "ref_id": "BIBREF14"
                }
            ],
            "ref_spans": [],
            "section": "Discussion"
        },
        {
            "text": "The presence of the ESBL-producing E. coli could have been confirmed earlier by culturing the insertion site and the hub of the catheter after removal. For economic reasons, the same catheter remained in place relatively long, which is contraindicated in case of phlebitis. Revision of the catheterization protocol and adaptation according to published guidelines (O' Grady et al., 2011) together with a limitation of cephalosporin use was sufficient to control the problem. Despite the absence of new cases, persistence of the initial strain or its plasmid cannot be excluded.",
            "cite_spans": [
                {
                    "start": 364,
                    "end": 387,
                    "text": "(O' Grady et al., 2011)",
                    "ref_id": null
                }
            ],
            "ref_spans": [],
            "section": "Discussion"
        },
        {
            "text": "In summary, this report documents on intravascular catheter infections by an ESBL/AmpC-producing E. coli in calves, which resulted in prolonged hospitalization, treatment failure and mortality. Evidence that the strain originated from a beef farm experiencing increased mortality and using cephalosporins is provided. Based on the similarity of the strains between subsequent cases, the infection became nosocomial at an animal teaching hospital. This article points towards the potential dangers of the emergence of broad-spectrum b-lactamases in susceptible food animals and warns farmers and veterinarians for the facility by which they are introduced into another environment.",
            "cite_spans": [],
            "ref_spans": [],
            "section": "Discussion"
        }
    ],
    "bib_entries": {
        "BIBREF0": {
            "ref_id": "b0",
            "title": "Clonal emergence of extended-spectrum beta-lactamase (CTX-M-2)-producing Salmonella enterica serovar Virchow isolates with reduced susceptibilities to ciprofloxacin among poultry and humans in Belgium and France",
            "authors": [
                {
                    "first": "S",
                    "middle": [],
                    "last": "Bertrand",
                    "suffix": ""
                },
                {
                    "first": "F",
                    "middle": [
                        "X"
                    ],
                    "last": "Weill",
                    "suffix": ""
                },
                {
                    "first": "A",
                    "middle": [],
                    "last": "Cloeckaert",
                    "suffix": ""
                },
                {
                    "first": "M",
                    "middle": [],
                    "last": "Vrints",
                    "suffix": ""
                },
                {
                    "first": "E",
                    "middle": [],
                    "last": "Mairiaux",
                    "suffix": ""
                },
                {
                    "first": "K",
                    "middle": [],
                    "last": "Praud",
                    "suffix": ""
                },
                {
                    "first": "K",
                    "middle": [],
                    "last": "Dierick",
                    "suffix": ""
                },
                {
                    "first": "C",
                    "middle": [],
                    "last": "Wildemauve",
                    "suffix": ""
                },
                {
                    "first": "C",
                    "middle": [],
                    "last": "Godard",
                    "suffix": ""
                },
                {
                    "first": "P",
                    "middle": [],
                    "last": "Butaye",
                    "suffix": ""
                },
                {
                    "first": "H",
                    "middle": [],
                    "last": "Imbrechts",
                    "suffix": ""
                },
                {
                    "first": "P",
                    "middle": [
                        "A"
                    ],
                    "last": "Grimont",
                    "suffix": ""
                },
                {
                    "first": "J",
                    "middle": [
                        "M"
                    ],
                    "last": "Collard",
                    "suffix": ""
                }
            ],
            "year": 2000,
            "venue": "J. Clin. Microbiol",
            "volume": "44",
            "issn": "",
            "pages": "2897--2903",
            "other_ids": {}
        },
        "BIBREF1": {
            "ref_id": "b1",
            "title": "Overview of ESBL-producing Enterobacteriaceae from a Nordic perspective",
            "authors": [
                {
                    "first": "A",
                    "middle": [],
                    "last": "Brolund",
                    "suffix": ""
                }
            ],
            "year": 2014,
            "venue": "Infect. Ecol. Epidemiol",
            "volume": "4",
            "issn": "",
            "pages": "",
            "other_ids": {
                "DOI": [
                    "10.3402/ee.v4.24555"
                ]
            }
        },
        "BIBREF2": {
            "ref_id": "b2",
            "title": "Analysis of the effects of -42 and -32 ampC promoter mutations in clinical isolates of Escherichia coli hyperproducing AmpC",
            "authors": [
                {
                    "first": "N",
                    "middle": [],
                    "last": "Caroff",
                    "suffix": ""
                },
                {
                    "first": "E",
                    "middle": [],
                    "last": "Espaze",
                    "suffix": ""
                },
                {
                    "first": "D",
                    "middle": [],
                    "last": "Gautreau",
                    "suffix": ""
                },
                {
                    "first": "H",
                    "middle": [],
                    "last": "Richet",
                    "suffix": ""
                },
                {
                    "first": "A",
                    "middle": [],
                    "last": "Reynaud",
                    "suffix": ""
                }
            ],
            "year": 2000,
            "venue": "J. Antimicrob. Chemother",
            "volume": "45",
            "issn": "",
            "pages": "783--788",
            "other_ids": {}
        },
        "BIBREF3": {
            "ref_id": "b3",
            "title": "A survey of antimicrobial use during bovine abdominal surgery by western Canadian veterinarians",
            "authors": [
                {
                    "first": "A",
                    "middle": [
                        "L"
                    ],
                    "last": "Chicoine",
                    "suffix": ""
                },
                {
                    "first": "P",
                    "middle": [
                        "M"
                    ],
                    "last": "Dowling",
                    "suffix": ""
                },
                {
                    "first": "J",
                    "middle": [
                        "O"
                    ],
                    "last": "Boison",
                    "suffix": ""
                },
                {
                    "first": "S",
                    "middle": [],
                    "last": "Parker",
                    "suffix": ""
                }
            ],
            "year": 2008,
            "venue": "Can. Vet. J",
            "volume": "49",
            "issn": "",
            "pages": "1105--1109",
            "other_ids": {}
        },
        "BIBREF4": {
            "ref_id": "b4",
            "title": "2012: Occurrence and characteristics of extended-spectrum-betalactamase-and AmpC-producing clinical isolates derived from companion animals and horses",
            "authors": [
                {
                    "first": "C",
                    "middle": [
                        "M"
                    ],
                    "last": "Dierikx",
                    "suffix": ""
                },
                {
                    "first": "E",
                    "middle": [],
                    "last": "Van Duijkeren",
                    "suffix": ""
                },
                {
                    "first": "A",
                    "middle": [
                        "H"
                    ],
                    "last": "Schoormans",
                    "suffix": ""
                },
                {
                    "first": "A",
                    "middle": [],
                    "last": "Van Essen-Zandbergen",
                    "suffix": ""
                },
                {
                    "first": "K",
                    "middle": [],
                    "last": "Veldman",
                    "suffix": ""
                },
                {
                    "first": "A",
                    "middle": [],
                    "last": "Kant",
                    "suffix": ""
                },
                {
                    "first": "X",
                    "middle": [
                        "W"
                    ],
                    "last": "Hujsdens",
                    "suffix": ""
                },
                {
                    "first": "K",
                    "middle": [],
                    "last": "Van Der Zwaluw",
                    "suffix": ""
                },
                {
                    "first": "J",
                    "middle": [
                        "A"
                    ],
                    "last": "Wagenaar",
                    "suffix": ""
                },
                {
                    "first": "D",
                    "middle": [
                        "J"
                    ],
                    "last": "Mevius",
                    "suffix": ""
                }
            ],
            "year": null,
            "venue": "J. Antimicrob. Chemother",
            "volume": "67",
            "issn": "",
            "pages": "1368--1374",
            "other_ids": {}
        },
        "BIBREF5": {
            "ref_id": "b5",
            "title": "Extended-spectrum-beta-lactamase-and AmpC-beta-lactamase-producing Escherichia coli in Dutch broilers and broiler farmers",
            "authors": [
                {
                    "first": "C",
                    "middle": [],
                    "last": "Dierikx",
                    "suffix": ""
                },
                {
                    "first": "J",
                    "middle": [],
                    "last": "Van Der Goot",
                    "suffix": ""
                },
                {
                    "first": "T",
                    "middle": [],
                    "last": "Fabri",
                    "suffix": ""
                },
                {
                    "first": "A",
                    "middle": [],
                    "last": "Van Essen-Zandbergen",
                    "suffix": ""
                },
                {
                    "first": "H",
                    "middle": [],
                    "last": "Smith",
                    "suffix": ""
                },
                {
                    "first": "D",
                    "middle": [],
                    "last": "Mevius",
                    "suffix": ""
                }
            ],
            "year": 2013,
            "venue": "J. Antimicrob. Chemother",
            "volume": "68",
            "issn": "",
            "pages": "60--67",
            "other_ids": {}
        },
        "BIBREF6": {
            "ref_id": "b6",
            "title": "EUCAST) 2014: Breakpoint tables for interpretation of MICs and zone diameters",
            "authors": [],
            "year": 2015,
            "venue": "European Committee on Antimicrobial Susceptibility Testing",
            "volume": "",
            "issn": "",
            "pages": "",
            "other_ids": {}
        },
        "BIBREF7": {
            "ref_id": "b7",
            "title": "Use of a clinical sepsis score for predicting bacteremia in neonatal dairy calves on a rearing farm",
            "authors": [
                {
                    "first": "G",
                    "middle": [],
                    "last": "Fecteau",
                    "suffix": ""
                },
                {
                    "first": "J",
                    "middle": [],
                    "last": "Par E",
                    "suffix": ""
                },
                {
                    "first": "D",
                    "middle": [
                        "C"
                    ],
                    "last": "Van Metre",
                    "suffix": ""
                },
                {
                    "first": "B",
                    "middle": [
                        "P"
                    ],
                    "last": "Smith",
                    "suffix": ""
                },
                {
                    "first": "C",
                    "middle": [
                        "A"
                    ],
                    "last": "Holmberg",
                    "suffix": ""
                },
                {
                    "first": "W",
                    "middle": [],
                    "last": "Guterbock",
                    "suffix": ""
                },
                {
                    "first": "S",
                    "middle": [],
                    "last": "Jang",
                    "suffix": ""
                }
            ],
            "year": 1997,
            "venue": "Can. Vet. J",
            "volume": "38",
            "issn": "",
            "pages": "101--104",
            "other_ids": {}
        },
        "BIBREF8": {
            "ref_id": "b8",
            "title": "Detection of New Dehli metallo-beta-lactamase and extended-spectrum beta-lactamase genes in Escherichia coli isolated from mastitic milk samples",
            "authors": [
                {
                    "first": "S",
                    "middle": [],
                    "last": "Ghatak",
                    "suffix": ""
                },
                {
                    "first": "A",
                    "middle": [],
                    "last": "Singha",
                    "suffix": ""
                },
                {
                    "first": "A",
                    "middle": [],
                    "last": "Sen",
                    "suffix": ""
                },
                {
                    "first": "C",
                    "middle": [],
                    "last": "Guha",
                    "suffix": ""
                },
                {
                    "first": "A",
                    "middle": [],
                    "last": "Ahuja",
                    "suffix": ""
                },
                {
                    "first": "U",
                    "middle": [],
                    "last": "Bhattacharjee",
                    "suffix": ""
                },
                {
                    "first": "S",
                    "middle": [],
                    "last": "Das",
                    "suffix": ""
                },
                {
                    "first": "N",
                    "middle": [
                        "R"
                    ],
                    "last": "Pradhan",
                    "suffix": ""
                },
                {
                    "first": "K",
                    "middle": [],
                    "last": "Puro",
                    "suffix": ""
                },
                {
                    "first": "C",
                    "middle": [],
                    "last": "Jana",
                    "suffix": ""
                },
                {
                    "first": "T",
                    "middle": [
                        "K"
                    ],
                    "last": "Dey",
                    "suffix": ""
                },
                {
                    "first": "K",
                    "middle": [
                        "L"
                    ],
                    "last": "Prashantkumar",
                    "suffix": ""
                },
                {
                    "first": "A",
                    "middle": [],
                    "last": "Das",
                    "suffix": ""
                },
                {
                    "first": "I",
                    "middle": [],
                    "last": "Shakuntala",
                    "suffix": ""
                },
                {
                    "first": "U",
                    "middle": [],
                    "last": "Biswas",
                    "suffix": ""
                },
                {
                    "first": "P",
                    "middle": [
                        "S"
                    ],
                    "last": "Jana",
                    "suffix": ""
                }
            ],
            "year": 2013,
            "venue": "Transbound. Emerg. Dis",
            "volume": "60",
            "issn": "",
            "pages": "385--389",
            "other_ids": {}
        },
        "BIBREF9": {
            "ref_id": "b9",
            "title": "Redefining extended-spectrum beta-lactamases: balancing science and clinical need",
            "authors": [
                {
                    "first": "C",
                    "middle": [
                        "G"
                    ],
                    "last": "Giske",
                    "suffix": ""
                },
                {
                    "first": "A",
                    "middle": [
                        "S"
                    ],
                    "last": "Sundsfjord",
                    "suffix": ""
                },
                {
                    "first": "G",
                    "middle": [],
                    "last": "Kahlmeter",
                    "suffix": ""
                },
                {
                    "first": "N",
                    "middle": [],
                    "last": "Woodford",
                    "suffix": ""
                },
                {
                    "first": "P",
                    "middle": [],
                    "last": "Nordmann",
                    "suffix": ""
                },
                {
                    "first": "D",
                    "middle": [
                        "L"
                    ],
                    "last": "Paterson",
                    "suffix": ""
                },
                {
                    "first": "R",
                    "middle": [],
                    "last": "Canton",
                    "suffix": ""
                },
                {
                    "first": "T",
                    "middle": [
                        "R"
                    ],
                    "last": "Walsh",
                    "suffix": ""
                }
            ],
            "year": 2009,
            "venue": "J. Antimicrob. Chemother",
            "volume": "63",
            "issn": "",
            "pages": "1--4",
            "other_ids": {}
        },
        "BIBREF10": {
            "ref_id": "b10",
            "title": "Comparative prevalence and characterization of ESBL-producing Enterobacteriaceae in dominant versus subdominant enteritc flora in veal calves at slaughterhouse",
            "authors": [
                {
                    "first": "M",
                    "middle": [],
                    "last": "Haenni",
                    "suffix": ""
                },
                {
                    "first": "P",
                    "middle": [],
                    "last": "Ch\u00e2tre",
                    "suffix": ""
                },
                {
                    "first": "V",
                    "middle": [],
                    "last": "Etayer",
                    "suffix": ""
                },
                {
                    "first": "M",
                    "middle": [],
                    "last": "Bour",
                    "suffix": ""
                },
                {
                    "first": "E",
                    "middle": [],
                    "last": "Signol",
                    "suffix": ""
                },
                {
                    "first": "J",
                    "middle": [
                        "Y"
                    ],
                    "last": "Madec",
                    "suffix": ""
                },
                {
                    "first": "E",
                    "middle": [],
                    "last": "Gay",
                    "suffix": ""
                }
            ],
            "year": 2014,
            "venue": "Vet. Microbiol",
            "volume": "171",
            "issn": "",
            "pages": "321--327",
            "other_ids": {}
        },
        "BIBREF11": {
            "ref_id": "b11",
            "title": "Increasing prevalence and diversity of ESBL/AmpCtype beta-lactamase genes in Escherichia coli isolated from veal calves from 1997 to 2010",
            "authors": [
                {
                    "first": "J",
                    "middle": [],
                    "last": "Hordijk",
                    "suffix": ""
                },
                {
                    "first": "J",
                    "middle": [
                        "A"
                    ],
                    "last": "Wagenaar",
                    "suffix": ""
                },
                {
                    "first": "A",
                    "middle": [],
                    "last": "Van De Giessen",
                    "suffix": ""
                },
                {
                    "first": "C",
                    "middle": [],
                    "last": "Dierikx",
                    "suffix": ""
                },
                {
                    "first": "A",
                    "middle": [],
                    "last": "Van Essen-Zandbergen",
                    "suffix": ""
                },
                {
                    "first": "K",
                    "middle": [],
                    "last": "Veldman",
                    "suffix": ""
                },
                {
                    "first": "A",
                    "middle": [],
                    "last": "Kant",
                    "suffix": ""
                },
                {
                    "first": "D",
                    "middle": [],
                    "last": "Mevius",
                    "suffix": ""
                }
            ],
            "year": 2013,
            "venue": "J. Antimicrob. Chemother",
            "volume": "68",
            "issn": "",
            "pages": "1970--1973",
            "other_ids": {}
        },
        "BIBREF12": {
            "ref_id": "b12",
            "title": "Crosssectional study on prevalence and molecular characteristics of plasmid mediated ESBL/AmpC-producing Escherichia coli isolated from veal calves at slaughter",
            "authors": [
                {
                    "first": "J",
                    "middle": [],
                    "last": "Hordijk",
                    "suffix": ""
                },
                {
                    "first": "J",
                    "middle": [
                        "A"
                    ],
                    "last": "Wagenaar",
                    "suffix": ""
                },
                {
                    "first": "A",
                    "middle": [],
                    "last": "Kant",
                    "suffix": ""
                },
                {
                    "first": "A",
                    "middle": [],
                    "last": "Van Essen-Zandbergen",
                    "suffix": ""
                },
                {
                    "first": "C",
                    "middle": [],
                    "last": "Dierikx",
                    "suffix": ""
                },
                {
                    "first": "K",
                    "middle": [],
                    "last": "Veldman",
                    "suffix": ""
                },
                {
                    "first": "B",
                    "middle": [],
                    "last": "Wit",
                    "suffix": ""
                },
                {
                    "first": "D",
                    "middle": [],
                    "last": "Mevius",
                    "suffix": ""
                }
            ],
            "year": 2013,
            "venue": "PLoS One",
            "volume": "8",
            "issn": "",
            "pages": "",
            "other_ids": {}
        },
        "BIBREF13": {
            "ref_id": "b13",
            "title": "ESBL-producing uropathogenic Escherichia coli isolated from dogs and cats in Switzerland",
            "authors": [
                {
                    "first": "H",
                    "middle": [],
                    "last": "Huber",
                    "suffix": ""
                },
                {
                    "first": "C",
                    "middle": [],
                    "last": "Zweifel",
                    "suffix": ""
                },
                {
                    "first": "M",
                    "middle": [
                        "M"
                    ],
                    "last": "Wittenbrink",
                    "suffix": ""
                },
                {
                    "first": "R",
                    "middle": [],
                    "last": "Stephan",
                    "suffix": ""
                }
            ],
            "year": 2013,
            "venue": "Vet. Microbiol",
            "volume": "162",
            "issn": "",
            "pages": "992--996",
            "other_ids": {}
        },
        "BIBREF14": {
            "ref_id": "b14",
            "title": "Longitudinal farm study of extended spectrum beta-lactamase-mediated resistance",
            "authors": [
                {
                    "first": "E",
                    "middle": [],
                    "last": "Liebana",
                    "suffix": ""
                },
                {
                    "first": "M",
                    "middle": [],
                    "last": "Batchelor",
                    "suffix": ""
                },
                {
                    "first": "K",
                    "middle": [
                        "L"
                    ],
                    "last": "Hopkins",
                    "suffix": ""
                },
                {
                    "first": "F",
                    "middle": [
                        "A"
                    ],
                    "last": "Clifton-Hadley",
                    "suffix": ""
                },
                {
                    "first": "C",
                    "middle": [
                        "J"
                    ],
                    "last": "Teale",
                    "suffix": ""
                },
                {
                    "first": "A",
                    "middle": [],
                    "last": "Foster",
                    "suffix": ""
                },
                {
                    "first": "L",
                    "middle": [],
                    "last": "Barker",
                    "suffix": ""
                },
                {
                    "first": "E",
                    "middle": [
                        "J"
                    ],
                    "last": "Threlfall",
                    "suffix": ""
                },
                {
                    "first": "R",
                    "middle": [
                        "H"
                    ],
                    "last": "Davies",
                    "suffix": ""
                }
            ],
            "year": 2006,
            "venue": "J. Clin. Microbiol",
            "volume": "44",
            "issn": "",
            "pages": "1630--1634",
            "other_ids": {}
        },
        "BIBREF15": {
            "ref_id": "b15",
            "title": "Non-ST131 Escherichia coli from cattle harbouring human-like bla(CTX-M-15)-carrying plasmids",
            "authors": [
                {
                    "first": "J",
                    "middle": [
                        "Y"
                    ],
                    "last": "Madec",
                    "suffix": ""
                },
                {
                    "first": "L",
                    "middle": [],
                    "last": "Poirel",
                    "suffix": ""
                },
                {
                    "first": "E",
                    "middle": [],
                    "last": "Saras",
                    "suffix": ""
                },
                {
                    "first": "A",
                    "middle": [],
                    "last": "Gourquechon",
                    "suffix": ""
                },
                {
                    "first": "D",
                    "middle": [],
                    "last": "Girlich",
                    "suffix": ""
                },
                {
                    "first": "P",
                    "middle": [],
                    "last": "Nordmann",
                    "suffix": ""
                },
                {
                    "first": "M",
                    "middle": [],
                    "last": "Haenni",
                    "suffix": ""
                }
            ],
            "year": 2008,
            "venue": "Performance Standards for Antimicrobial Disk and Dilution Susceptibility Tests for Bacteria Isolated from Animals-Third Edition: Approved Standard M31-A3. CLSI",
            "volume": "67",
            "issn": "",
            "pages": "578--581",
            "other_ids": {}
        },
        "BIBREF16": {
            "ref_id": "b16",
            "title": "S. Saint, and the Healthcare Infection Control Practices Advisory Committee (HICPAC) 2011: Guidelines for the prevention of intravascular catheter-related infections",
            "authors": [
                {
                    "first": "N",
                    "middle": [
                        "P"
                    ],
                    "last": "O&apos;grady",
                    "suffix": ""
                },
                {
                    "first": "M",
                    "middle": [],
                    "last": "Alexander",
                    "suffix": ""
                },
                {
                    "first": "L",
                    "middle": [
                        "A"
                    ],
                    "last": "Burns",
                    "suffix": ""
                },
                {
                    "first": "E",
                    "middle": [
                        "P"
                    ],
                    "last": "Dellinger",
                    "suffix": ""
                },
                {
                    "first": "J",
                    "middle": [],
                    "last": "Garland",
                    "suffix": ""
                },
                {
                    "first": "S",
                    "middle": [
                        "O"
                    ],
                    "last": "Heard",
                    "suffix": ""
                },
                {
                    "first": "P",
                    "middle": [
                        "A"
                    ],
                    "last": "Lipsett",
                    "suffix": ""
                },
                {
                    "first": "H",
                    "middle": [],
                    "last": "Masur",
                    "suffix": ""
                },
                {
                    "first": "L",
                    "middle": [
                        "A"
                    ],
                    "last": "Mermel",
                    "suffix": ""
                },
                {
                    "first": "M",
                    "middle": [
                        "L"
                    ],
                    "last": "Pearson",
                    "suffix": ""
                },
                {
                    "first": "I",
                    "middle": [
                        "I"
                    ],
                    "last": "Raad",
                    "suffix": ""
                },
                {
                    "first": "A",
                    "middle": [],
                    "last": "Randolph",
                    "suffix": ""
                },
                {
                    "first": "M",
                    "middle": [
                        "E"
                    ],
                    "last": "Rupp",
                    "suffix": ""
                }
            ],
            "year": 2015,
            "venue": "",
            "volume": "",
            "issn": "",
            "pages": "",
            "other_ids": {}
        },
        "BIBREF17": {
            "ref_id": "b17",
            "title": "Genetic characteristics of CTX-M-type extended-spectrum-b-lactamase (ESBL)-producing enterobacteriaceae involved in mastitis cases on Japanese dairy farms",
            "authors": [
                {
                    "first": "M",
                    "middle": [],
                    "last": "Ohnishi",
                    "suffix": ""
                },
                {
                    "first": "A",
                    "middle": [
                        "T"
                    ],
                    "last": "Okatani",
                    "suffix": ""
                },
                {
                    "first": "K",
                    "middle": [],
                    "last": "Harada",
                    "suffix": ""
                },
                {
                    "first": "T",
                    "middle": [],
                    "last": "Sawada",
                    "suffix": ""
                },
                {
                    "first": "K",
                    "middle": [],
                    "last": "Marumo",
                    "suffix": ""
                },
                {
                    "first": "M",
                    "middle": [],
                    "last": "Murakami",
                    "suffix": ""
                },
                {
                    "first": "R",
                    "middle": [],
                    "last": "Sato",
                    "suffix": ""
                },
                {
                    "first": "H",
                    "middle": [],
                    "last": "Esaki",
                    "suffix": ""
                },
                {
                    "first": "K",
                    "middle": [],
                    "last": "Shimura",
                    "suffix": ""
                },
                {
                    "first": "H",
                    "middle": [],
                    "last": "Kato",
                    "suffix": ""
                },
                {
                    "first": "N",
                    "middle": [],
                    "last": "Uchida",
                    "suffix": ""
                },
                {
                    "first": "T",
                    "middle": [],
                    "last": "Takahashi",
                    "suffix": ""
                }
            ],
            "year": 2007,
            "venue": "J. Clin. Microbiol",
            "volume": "51",
            "issn": "",
            "pages": "3117--3122",
            "other_ids": {}
        },
        "BIBREF18": {
            "ref_id": "b18",
            "title": "Prospective study on quantitative and qualitative antimicrobial and anti-inflammatory drug use in white veal calves",
            "authors": [
                {
                    "first": "B",
                    "middle": [],
                    "last": "Pardon",
                    "suffix": ""
                },
                {
                    "first": "B",
                    "middle": [],
                    "last": "Catry",
                    "suffix": ""
                },
                {
                    "first": "J",
                    "middle": [],
                    "last": "Dewulf",
                    "suffix": ""
                },
                {
                    "first": "D",
                    "middle": [],
                    "last": "Persoons",
                    "suffix": ""
                },
                {
                    "first": "M",
                    "middle": [],
                    "last": "Hostens",
                    "suffix": ""
                },
                {
                    "first": "K",
                    "middle": [],
                    "last": "De",
                    "suffix": ""
                },
                {
                    "first": "P",
                    "middle": [],
                    "last": "Bleecker",
                    "suffix": ""
                },
                {
                    "first": "",
                    "middle": [],
                    "last": "Deprez",
                    "suffix": ""
                }
            ],
            "year": 2012,
            "venue": "J. Antimicrob. Chemotherap",
            "volume": "67",
            "issn": "",
            "pages": "1027--1038",
            "other_ids": {}
        },
        "BIBREF19": {
            "ref_id": "b19",
            "title": "Clinical Veterinary Microbiology",
            "authors": [
                {
                    "first": "P",
                    "middle": [
                        "J"
                    ],
                    "last": "Quinn",
                    "suffix": ""
                },
                {
                    "first": "M",
                    "middle": [
                        "E"
                    ],
                    "last": "Carter",
                    "suffix": ""
                },
                {
                    "first": "B",
                    "middle": [
                        "K"
                    ],
                    "last": "Markey",
                    "suffix": ""
                },
                {
                    "first": "G",
                    "middle": [
                        "R"
                    ],
                    "last": "Carter",
                    "suffix": ""
                }
            ],
            "year": 1999,
            "venue": "",
            "volume": "",
            "issn": "",
            "pages": "209--236",
            "other_ids": {}
        },
        "BIBREF20": {
            "ref_id": "b20",
            "title": "First outbreak of extended-spectrum-blactamase-producing Klebsiella pneumoniae in a Norwegian neonatal intensive care unit; associated with contaminated breast milk and resolved by strict cohorting",
            "authors": [
                {
                    "first": "S",
                    "middle": [],
                    "last": "Rettedal",
                    "suffix": ""
                },
                {
                    "first": "I",
                    "middle": [
                        "H"
                    ],
                    "last": "L\u20ac Ohr",
                    "suffix": ""
                },
                {
                    "first": "O",
                    "middle": [],
                    "last": "Natas",
                    "suffix": ""
                },
                {
                    "first": "C",
                    "middle": [
                        "G"
                    ],
                    "last": "Giske",
                    "suffix": ""
                },
                {
                    "first": "A",
                    "middle": [],
                    "last": "Sundsfjord",
                    "suffix": ""
                },
                {
                    "first": "K",
                    "middle": [],
                    "last": "Oymar",
                    "suffix": ""
                }
            ],
            "year": 2012,
            "venue": "APMIS",
            "volume": "120",
            "issn": "",
            "pages": "612--621",
            "other_ids": {}
        },
        "BIBREF21": {
            "ref_id": "b21",
            "title": "Standardization of pulsed-field gel electrophoresis protocols for the subtyping of Escherichia coli O157:H7, Salmonella, and Shigella for PulseNet",
            "authors": [
                {
                    "first": "E",
                    "middle": [
                        "M"
                    ],
                    "last": "Ribot",
                    "suffix": ""
                },
                {
                    "first": "M",
                    "middle": [
                        "A"
                    ],
                    "last": "Fair",
                    "suffix": ""
                },
                {
                    "first": "R",
                    "middle": [],
                    "last": "Gautom",
                    "suffix": ""
                },
                {
                    "first": "D",
                    "middle": [
                        "N"
                    ],
                    "last": "Cameron",
                    "suffix": ""
                },
                {
                    "first": "S",
                    "middle": [
                        "B"
                    ],
                    "last": "Hunter",
                    "suffix": ""
                },
                {
                    "first": "B",
                    "middle": [],
                    "last": "Swaminathan",
                    "suffix": ""
                },
                {
                    "first": "T",
                    "middle": [
                        "J"
                    ],
                    "last": "Barrett",
                    "suffix": ""
                }
            ],
            "year": 2006,
            "venue": "",
            "volume": "3",
            "issn": "",
            "pages": "59--67",
            "other_ids": {}
        },
        "BIBREF22": {
            "ref_id": "b22",
            "title": "2012: Beta-Lactam/beta-lactam inhibitor combinations for the treatment of bacteremia due to extended-spectrum beta-lactamase-producing Escherichia coli: a post hoc analysis of prospective cohorts",
            "authors": [
                {
                    "first": "J",
                    "middle": [],
                    "last": "Rodriguez-Bano",
                    "suffix": ""
                },
                {
                    "first": "M",
                    "middle": [
                        "D"
                    ],
                    "last": "Navarro",
                    "suffix": ""
                },
                {
                    "first": "P",
                    "middle": [],
                    "last": "Retamar",
                    "suffix": ""
                },
                {
                    "first": "E",
                    "middle": [],
                    "last": "Picon",
                    "suffix": ""
                },
                {
                    "first": "A",
                    "middle": [],
                    "last": "Pascual",
                    "suffix": ""
                }
            ],
            "year": null,
            "venue": "Clin. Infect. Dis",
            "volume": "54",
            "issn": "",
            "pages": "167--174",
            "other_ids": {}
        },
        "BIBREF23": {
            "ref_id": "b23",
            "title": "Prevalence of extended-spectrum beta-lactamase-producing Escherichia coli on bavarian dairy and beef cattle farms",
            "authors": [
                {
                    "first": "A",
                    "middle": [],
                    "last": "Schmid",
                    "suffix": ""
                },
                {
                    "first": "S",
                    "middle": [],
                    "last": "Hormansdorfer",
                    "suffix": ""
                },
                {
                    "first": "U",
                    "middle": [],
                    "last": "Messelhausser",
                    "suffix": ""
                },
                {
                    "first": "A",
                    "middle": [],
                    "last": "Asbohrer",
                    "suffix": ""
                },
                {
                    "first": "C",
                    "middle": [],
                    "last": "Sauter-Louis",
                    "suffix": ""
                },
                {
                    "first": "R",
                    "middle": [],
                    "last": "Mansfeld",
                    "suffix": ""
                }
            ],
            "year": 2013,
            "venue": "Appl. Environ. Microbiol",
            "volume": "79",
            "issn": "",
            "pages": "3027--3032",
            "other_ids": {}
        },
        "BIBREF24": {
            "ref_id": "b24",
            "title": "Diversity of extended-spectrum b-lactamases and class c blactamases among cloacal Escherichia coli isolates in Belgian broiler farms",
            "authors": [
                {
                    "first": "A",
                    "middle": [],
                    "last": "Smet",
                    "suffix": ""
                },
                {
                    "first": "A",
                    "middle": [],
                    "last": "Martel",
                    "suffix": ""
                },
                {
                    "first": "D",
                    "middle": [],
                    "last": "Persoons",
                    "suffix": ""
                },
                {
                    "first": "J",
                    "middle": [],
                    "last": "Dewulf",
                    "suffix": ""
                },
                {
                    "first": "M",
                    "middle": [],
                    "last": "Heyndrickx",
                    "suffix": ""
                },
                {
                    "first": "B",
                    "middle": [],
                    "last": "Catry",
                    "suffix": ""
                },
                {
                    "first": "L",
                    "middle": [],
                    "last": "Herman",
                    "suffix": ""
                },
                {
                    "first": "F",
                    "middle": [],
                    "last": "Haesebrouck",
                    "suffix": ""
                },
                {
                    "first": "P",
                    "middle": [],
                    "last": "Butaye",
                    "suffix": ""
                }
            ],
            "year": 2008,
            "venue": "Antimicrob. Agents Chemother",
            "volume": "52",
            "issn": "",
            "pages": "1238--1243",
            "other_ids": {}
        },
        "BIBREF25": {
            "ref_id": "b25",
            "title": "Emergence of CTX-M-2-producing Escherichia coli in diseased horses: evidence of exchanges of bla(CTX-M-2) linked to ISCR1",
            "authors": [
                {
                    "first": "A",
                    "middle": [],
                    "last": "Smet",
                    "suffix": ""
                },
                {
                    "first": "F",
                    "middle": [],
                    "last": "Boyen",
                    "suffix": ""
                },
                {
                    "first": "B",
                    "middle": [],
                    "last": "Flahou",
                    "suffix": ""
                },
                {
                    "first": "B",
                    "middle": [],
                    "last": "Doublet",
                    "suffix": ""
                },
                {
                    "first": "K",
                    "middle": [],
                    "last": "Praud",
                    "suffix": ""
                },
                {
                    "first": "A",
                    "middle": [],
                    "last": "Martens",
                    "suffix": ""
                },
                {
                    "first": "P",
                    "middle": [],
                    "last": "Butaye",
                    "suffix": ""
                },
                {
                    "first": "A",
                    "middle": [],
                    "last": "Cloeckaert",
                    "suffix": ""
                },
                {
                    "first": "F",
                    "middle": [],
                    "last": "Haesebrouck",
                    "suffix": ""
                }
            ],
            "year": 2012,
            "venue": "J. Antimicrob. Chemother",
            "volume": "67",
            "issn": "",
            "pages": "1289--1291",
            "other_ids": {}
        },
        "BIBREF26": {
            "ref_id": "b26",
            "title": "Detection and molecular characterization of Escherichia coli CTX-M-15 and Klebsiella pneumonia SHV-12 b-lactamases from bovine mastitis isolates in the United Kingdom",
            "authors": [
                {
                    "first": "D",
                    "middle": [],
                    "last": "Timofte",
                    "suffix": ""
                },
                {
                    "first": "I",
                    "middle": [
                        "E"
                    ],
                    "last": "Maciuca",
                    "suffix": ""
                },
                {
                    "first": "N",
                    "middle": [
                        "J"
                    ],
                    "last": "Evans",
                    "suffix": ""
                },
                {
                    "first": "H",
                    "middle": [],
                    "last": "Williams",
                    "suffix": ""
                },
                {
                    "first": "A",
                    "middle": [],
                    "last": "Walttret",
                    "suffix": ""
                },
                {
                    "first": "J",
                    "middle": [
                        "C"
                    ],
                    "last": "Fick",
                    "suffix": ""
                },
                {
                    "first": "N",
                    "middle": [
                        "J"
                    ],
                    "last": "Williams",
                    "suffix": ""
                }
            ],
            "year": 2014,
            "venue": "Antimicrob. Agents Chemother",
            "volume": "58",
            "issn": "",
            "pages": "789--794",
            "other_ids": {}
        }
    },
    "ref_entries": {
        "FIGREF0": {
            "text": "Ultrasonographic image of a phlebitis of the left jugular vein of case 2 caused by an extended-spectrum b-lactamase (ESBL)-producing Escherichia coli. 1. Tracheal rings; 2. a. carotis communis; 3. Total obstruction of the lumen of the v. jugularis due to phlebitis and thrombus formation.",
            "latex": null,
            "type": "figure"
        },
        "FIGREF1": {
            "text": "Jugular abscess formation in association with a phlebitis caused by an ESBL-producing E. coli in a 28 days old Belgian Blue (BB) calf (Case 2). [Colour figure can be viewed at wileyonlinelibrary.com].",
            "latex": null,
            "type": "figure"
        }
    },
    "back_matter": [
        {
            "text": "This work was supported by internal funding. M. A. Argud \u0131n is supported by a research grant from the Fundaci on Alfonso Mart \u0131n Escudero.",
            "cite_spans": [],
            "ref_spans": [],
            "section": "Acknowledgements"
        },
        {
            "text": "None to declare.",
            "cite_spans": [],
            "ref_spans": [],
            "section": "Conflict of interest"
        }
    ]
}