{"paper_id": "0bc69cf4c0bb5adcc8ec0797489ca9daf3dcfc69", "metadata": {"title": "Antibodies in infectious diseases: polyclonals, monoclonals and niche biotechnology", "authors": [{"first": "Jody", "middle": ["D"], "last": "Berry", "suffix": "", "affiliation": {"laboratory": "", "institution": "Cangene Corporation", "location": {"addrLine": "155 Innovation Drive", "postCode": "R3T 5Y3", "settlement": "Winnipeg", "region": "Man", "country": "Canada"}}, "email": ""}, {"first": "Ryan", "middle": ["G"], "last": "Gaudet", "suffix": "", "affiliation": {"laboratory": "", "institution": "University of Toronto", "location": {}}, "email": ""}]}, "abstract": [], "body_text": [{"text": "Anti-infective antibodies: new opportunities for a proven technology", "cite_spans": [], "ref_spans": [], "section": ""}, {"text": "In the late 1890s Behring and Kitasato developed the first widely available and effective antimicrobial treatment by showing that transfer of immune sera could provide passive immunity to diphtheria [1] . In the next 50 years, serum transfer was used as a successful treatment of many infections including, pneumococcal pneumonia, meningococcal meningitis, and streptococcal infection [2] . However, due to both safety concerns and the discovery of antibiotics, serum therapy was largely abandoned by the late 1940s with the exception of a limited number of toxinand viral-mediated diseases, which continued to rely on serum due to a lack of alternative options. The mainstream human immunoglobulin preparations used today are not recognizable as the old serum therapies. These products are highly purified, treated and filtered to ensure viral inactivation and removal, and use highly reproducible release assays to avoid the historical problems associated with polyclonal antibody (Ab) such as impurities, resident viruses, and lot variation. Two troubling developments in infectious diseases have led to a necessary resurgence in the development of antibody-based therapeutics. First, the rampant emergence of multi-drug resistant forms of new and old pathogens; second, the recent explosion of the world's immunocompromised population has provided an unprotected population from which combinations of complex infections are emerging. New adjunctive antibody therapeutics to every major disease of infection type may be the best strategy in both treating and preventing the new wave of drug resistant infectious diseases.", "cite_spans": [{"start": 199, "end": 202, "text": "[1]", "ref_id": "BIBREF0"}, {"start": 385, "end": 388, "text": "[2]", "ref_id": "BIBREF1"}], "ref_spans": [], "section": ""}, {"text": "The pathogenesis of infectious organisms can be very complex. The co-evolution of host and pathogen over evolutionary time has resulted in many types of inflammatory response. A fine balance exists between protective versus over zealous host responses, either through deregulation or through subversion by the pathogen. Although Ab therapies are either in development or in use to many viral, bacterial, fungal, and prion-mediated infections (Tables 1-3) these pathogens exhibit huge differences in pathology and virulence. In general, highly virulent and acute infections are more likely to require the immediate protection provided by antibody treatments. Moreover, in outbreak situations, the early implementation of public health measures may help to limit spread when no vaccine is available, as was shown with SARS [3, 4] . During stretches of a dramatically increased risk of exposure, immunotherapy may provide a means of protection preferable over conventional vaccines [3] . The half-life of passive antibody therapeutics obviates the use of these types of products except when needed.", "cite_spans": [{"start": 821, "end": 824, "text": "[3,", "ref_id": "BIBREF2"}, {"start": 825, "end": 827, "text": "4]", "ref_id": "BIBREF3"}, {"start": 979, "end": 982, "text": "[3]", "ref_id": "BIBREF2"}], "ref_spans": [{"start": 442, "end": 454, "text": "(Tables 1-3)", "ref_id": "TABREF0"}], "section": "Pathogenesis is linked to treatability"}, {"text": "Not all infections are suitable for antibody therapies. The development of a therapeutic can cost hundreds of millions of dollars and take years to find its way through the various stages of research and development, clinical development, and the government regulatory approval processes. At the end of this process the manufacturing costs factor into the cost per dose of the final product (Table 4 ). Cheaper to manufacture antibiotics have an advantage in the post development and FDA approval processes. Until antibody products produced via novel recombinant expression systems gain regulatory approval, monoclonal antibody (mAb) manufacturing remains limited cell culture. Currently every FDA approved mAb has been manufactured using classical mammalian cell culture expression systems.", "cite_spans": [], "ref_spans": [{"start": 391, "end": 399, "text": "(Table 4", "ref_id": "TABREF4"}], "section": "Pathogenesis is linked to treatability"}, {"text": "To be considered viable for the development of an antibody therapy, an infectious disease pathogen needs very specific attributes. The antibody must show efficacy in vivo; such as help clear the infection, reduce the infectious burden, reduce the time to heal, or prevent infection/intoxication from occurring. However, before addressing the biology of the antibody, numerous issues around the target market drive commercial interests. The continued development of antibody therapeutics, due to their inherent narrow specificity and high cost of production, is largely dependent on competing antimicrobial therapies and vaccines. For example, despite significant investment in the development of protective mAbs against Clostridium difficile toxins [5] , of which several are in clinical trials, a novel toxoid vaccine from Sanofi Pasteur may convert the relatively large and growing market for C. difficile treatment to niche market for breakthrough infections, unimmunized, or the immunocompromised. By contrast, the advent of a C. difficile specific antibiotic such as fidaxomicin (under development by Optimer Pharmaceuticals), which purportedly leaves the normal gut flora intact while clearing C. difficile, would probably leave the anti-toxin therapeutic market intact as the immunotherapeutic could still be administered as an adjunctive therapy to specifically remove the effects of the toxin. A summary of the characteristics that determine the pros and cons of the various classes of competing antimicrobial drugs is shown in Table 4 .", "cite_spans": [{"start": 749, "end": 752, "text": "[5]", "ref_id": "BIBREF4"}], "ref_spans": [{"start": 1537, "end": 1544, "text": "Table 4", "ref_id": "TABREF4"}], "section": "Pathogenesis is linked to treatability"}, {"text": "Monoclonal antibody is a unique class of drugs in that numerous biological effects, depending upon the isotype, can be induced through binding to a single microbial epitope (Fig. 1 ). Many good reviews exist which discuss contemporary mAb development [6] and more specifically for infectious agents [7] . Many of these effects are dependent on other components of the immune system; including antibody dependent cellular cytotoxicity (ADCC), complement dependent cytotoxicity (CDC), opsonization, and immunomodulation. Virus neutralization can be achieved by interfering with one of the various methods used by viruses to enter host cells. In the case of human immunodeficiency virus (HIV), Abs can prevent viral attachment to the host cell by binding to either the envelope protein of the virus, or a host receptor such as CD4 or CCR5 [8, 3] . Antibodies may also neutralize the influenza A virus by preventing the low pH induced conformational change required in hemagglutinin [9] or by preventing the release of progeny virions from infected cells [10] . Interestingly, antibodies can also be directly antimicrobial, as has been described in Candida albicans [11] , and Cryptococcus neoformans [12] . In the latter, IgG1 and IgM mAbs induce fungal gene expression and metabolic changes in an animal model of cryptococcus [12] .", "cite_spans": [{"start": 251, "end": 254, "text": "[6]", "ref_id": "BIBREF5"}, {"start": 299, "end": 302, "text": "[7]", "ref_id": "BIBREF6"}, {"start": 836, "end": 839, "text": "[8,", "ref_id": "BIBREF7"}, {"start": 840, "end": 842, "text": "3]", "ref_id": "BIBREF2"}, {"start": 979, "end": 982, "text": "[9]", "ref_id": "BIBREF8"}, {"start": 1051, "end": 1055, "text": "[10]", "ref_id": "BIBREF9"}, {"start": 1162, "end": 1166, "text": "[11]", "ref_id": "BIBREF10"}, {"start": 1197, "end": 1201, "text": "[12]", "ref_id": "BIBREF11"}, {"start": 1324, "end": 1328, "text": "[12]", "ref_id": "BIBREF11"}], "ref_spans": [{"start": 173, "end": 180, "text": "(Fig. 1", "ref_id": "FIGREF4"}], "section": "One target, numerous biological effects"}, {"text": "Anti-infective antibodies: monoclonal or polyclonal?", "cite_spans": [], "ref_spans": [], "section": "One target, numerous biological effects"}, {"text": "Immunoglobulin from high titer plasma of immune individuals (poly Ig) and bulk intravenous immune globulin (IVIG) remain predominant therapeutics used today in passive antibody therapy for treating infectious diseases. Unlike the modest antigenic differences between normal and tumor cells which warrant a monospecific approach to treating cancer, infectious agents are generally foreign to the immune system allowing the less specific and more readily available polyclonal approach to become the norm in treating infectious disease. IVIG treatment of disease has been reviewed recently and is recommended in the treatment of Kawasaki's dis-ease, cytomegalovirus (CMV)-induced pneumonitis, neonatal sepsis, rotaviral enterocolitis, and staphylococcal toxic shock syndrome [13, 14] . As a high titer alternative, poly Ig is used clinically in the prevention of infections caused by CMV, hepatitis A and B viruses (HBV), rabies, varicella, and measles virus while anti-tetanus Ig is used to treat tetanus [14] ; rabies hepatitis B and tetanus donors are usually vaccinated, and CMV, measles, varicella are typically screened for high titer. In this regard, stimulation of human donors with vaccines has been used to develop effective polyclonal anthrax immune globulin (AIG) for passive therapy [15] . Poly Ig is also used to prevent mother-to-child transmission of HBV and varicella-zoster virus [16] . Conversely, only a single mAb to RSV is currently licensed for the prophylactic treatment of an infectious disease [17] . Both polyclonal and monoclonal IgG preparations have been successfully used for infectious disease prevention with the majority of experience being with purified polyclonal IgG. Advances in mAb technology necessitate a movement towards the more defined but expensive to manufacture mAb-based therapy. The ability to reproduce mAb therapeutics in scalable quantities to meet demand represents a significant difference from the harvesting processes for poly Ig preparations. Furthermore, although human IgG preparations used today have the highest safety record of all biologics and a clear pathway with the FDA, there are still some lingering fears regarding the chance of human poly Ig to transmit an infection, even if exceedingly low [18] . For example, UK citizens are still not allowed to donate their blood in the USA or the UK as a fall out of the prion incidents in the early 1990s, despite the fact that resins and complexing agents which remove prions, are well entrenched in poly IgG purification protocols from the plasma supply [19] . Although those concerns could be reduced through the use of mAbs produced via tissue culture or microbial expression systems, the cost per dose of mAbs is significantly higher and may not warrant development for many niche market products (Table 4 ). Indeed, it is not always obvious what models are relevant in qualifying a treatment or which antigens are going to be protective, so in many cases poly Ig proceeds as a cheaper alternative to mAbs. In such cases, where a vaccine is not at least through phase 1 and available, harvesting poly Ig from endemic regions may alleviate concerns of the low titer of some IVIG reagents. For instance IVIG with a titer to West Nile virus is collected from selected Israeli donors to treat infection [13] . Furthermore, mAbs typically are limited in both specificity and functionality, are fragile macromolecules which are expensive to produce, and can take considerably longer to isolate and optimize than poly Ig or IVIG. The current status of research aimed at expanding the limits of mAbs in terms of specificity and functionality, in particular to deal with infectious agents, is discussed below.", "cite_spans": [{"start": 772, "end": 776, "text": "[13,", "ref_id": "BIBREF12"}, {"start": 777, "end": 780, "text": "14]", "ref_id": "BIBREF13"}, {"start": 1003, "end": 1007, "text": "[14]", "ref_id": "BIBREF13"}, {"start": 1293, "end": 1297, "text": "[15]", "ref_id": "BIBREF14"}, {"start": 1395, "end": 1399, "text": "[16]", "ref_id": "BIBREF15"}, {"start": 1517, "end": 1521, "text": "[17]", "ref_id": "BIBREF16"}, {"start": 2260, "end": 2264, "text": "[18]", "ref_id": "BIBREF17"}, {"start": 2564, "end": 2568, "text": "[19]", "ref_id": "BIBREF18"}, {"start": 3312, "end": 3316, "text": "[13]", "ref_id": "BIBREF12"}], "ref_spans": [{"start": 2810, "end": 2818, "text": "(Table 4", "ref_id": "TABREF4"}], "section": "One target, numerous biological effects"}, {"text": "Inherent in the use of a single designed antibody to a protective target with a chosen isotype is that the effector functions mediated by the single isotype must alone combat the infection. A polyclonal IgG preparation is relatively resistant to antigenic variation through targeting a range of epitopes. It also has widened biological effector functions as it consists of multiple classes of antibody (which comprises typically IgG1 > IgG2 > IgG3 > IgG4). The ability to induce ADCC or CDC is dependent on both the isotype and glycosylation status of the antibody [20] , thus the variability inherent in polyclonal preparations should in many cases provide added benefit and a protective advantage. Each isotype has characteristics that make it more or less desirable during an immune response [21] and many new recombinant Fc scaffolds have been designed in recent years [22] . Among IgG isotypes, IgG1 has long been the isotype of choice for mAb cancer therapy due to its long half life, partiality for protein antigens, ability to activate complement, and affinity for Fc receptors (FcgI, II, and IIIa/b) [21] . Synagis 1 , a mAb for the prevention of severe RSV in infants, remains the sole mAb for infectious agents marketed for use in humans and is an IgG1/k, and no other mAb isotype has been approved for infectious diseases to date [2] . However, although IgG1 is effective at inducing ADCC by natural killer (NK) cells, it is a considerably less potent activator of polymorphonuclear cells (PMN) [23, 24] . Furthermore, the activation of inflammatory pathways by IgG1 can be detrimental depending on the immune status of the individual [25] . The IgG2 class has relatively inert effector functions; however, it is generated in response to stimulation by inherently inflammatory bacterial cell wall polysaccharides making it important in protection against bacterial infection [26] . Moreover, two IgG2 formatted mAbs have been approved for use in human chronic diseases and at least eight more are currently in clinical development [21] owing to the longest half-life, fewest allotypes, and inability to activate complement. The IgG3 class has similar biological functions as IgG1 but has received little use to date as a recombinant mAb due to a considerably shorter half-life and extensive polymorphism [27] . The IgG4 class is unique in its inability to cross-link antigens in vitro, and is generated in response to persistent antigen stimulation, making it important for chronic viral and bacterial infections [28] . At least two IgG4 class mAbs are on the market with at least another nine in different phases of research and development for chronic disease indications [21] . In natural infections, the IgM class antibodies are generally produced the earliest in response to T-dependent antigens, and can persist in response to T-cell-independent antigens, such as lipopolysaccharides (LPS). The pentameric form of IgM makes it highly avid, although atypical to commercially purify, and the most potent inducer of CDC [29] . A human IgM mAb from Kenta Biotech, KBPA101, has been under development for some time and targets ", "cite_spans": [{"start": 565, "end": 569, "text": "[20]", "ref_id": "BIBREF19"}, {"start": 795, "end": 799, "text": "[21]", "ref_id": "BIBREF20"}, {"start": 873, "end": 877, "text": "[22]", "ref_id": "BIBREF21"}, {"start": 1109, "end": 1113, "text": "[21]", "ref_id": "BIBREF20"}, {"start": 1342, "end": 1345, "text": "[2]", "ref_id": "BIBREF1"}, {"start": 1507, "end": 1511, "text": "[23,", "ref_id": "BIBREF22"}, {"start": 1512, "end": 1515, "text": "24]", "ref_id": "BIBREF23"}, {"start": 1647, "end": 1651, "text": "[25]", "ref_id": "BIBREF24"}, {"start": 1887, "end": 1891, "text": "[26]", "ref_id": "BIBREF25"}, {"start": 2043, "end": 2047, "text": "[21]", "ref_id": "BIBREF20"}, {"start": 2316, "end": 2320, "text": "[27]", "ref_id": "BIBREF26"}, {"start": 2525, "end": 2529, "text": "[28]", "ref_id": "BIBREF27"}, {"start": 2686, "end": 2690, "text": "[21]", "ref_id": "BIBREF20"}, {"start": 3035, "end": 3039, "text": "[29]", "ref_id": "BIBREF28"}], "ref_spans": [], "section": "One isotype, one function"}, {"text": "Murine mAb E3 against the gp43 protein R -mAbs show protection in vivo via reduction in fungal burden and less inflammation in murine models; gp43 is a protective antigen [130] Cryptococcus neoformans", "cite_spans": [{"start": 171, "end": 176, "text": "[130]", "ref_id": "BIBREF117"}], "ref_spans": [], "section": "Paracoccidioides brasiliensis"}, {"text": "Murine mAb 2G8 anti b-glucan R -MAb caused a reduction in the fungal burden in the brains and livers of mice systemically infected with a highly virulent, encapsulated C. neoformans strain [60] Cryptococcus neoformans", "cite_spans": [{"start": 189, "end": 193, "text": "[60]", "ref_id": "BIBREF59"}], "ref_spans": [], "section": "Paracoccidioides brasiliensis"}, {"text": "Murine 3E5 MAb anti-capsular ps R -IgG1, IgG2a, and IgG2b switch variants prolong the survival of lethally infected mice, whereas the IgG3 MAb does not; all protect in c' deficient mice.", "cite_spans": [], "ref_spans": [], "section": "Paracoccidioides brasiliensis"}, {"text": "[131]", "cite_spans": [], "ref_spans": [], "section": "Paracoccidioides brasiliensis"}, {"text": "Murine MAb A9 anti-cell wall surface of hyphae R -murine model of invasive aspergillosis [132] Candida spp. Efungumab (Mycograb) is a hu-mAb against HSP 90 C -Novartis; prevents a conformational change needed for fungal viability; shows efficacy in humans and lowered mortality; abandoned in 2010 [133] Pneumocystis carnii", "cite_spans": [{"start": 89, "end": 94, "text": "[132]", "ref_id": "BIBREF119"}, {"start": 297, "end": 302, "text": "[133]", "ref_id": "BIBREF120"}], "ref_spans": [], "section": "Asperigillius fumigatus"}, {"text": "Murine anti-kex1 mAb 4F11 and its F(ab 0 )2 derivative R -reduced infectious burden in an intranasal immunoprophylaxis model [134] M -marketed; R -research; C -commercial, under development. [30] . Provided expression of the native pentamer can be achieved at commercial scale, as has been described recently in human PER.C6 1 cells [31] , polymeric IgM may prove to be the isotype of choice for the treatment of many bacteria, particularly for local infections at mucosal surfaces. Human IgA1 has unique O-linked glycoforms but the relatively short half-life of both IgA1 and IgA2 may also be best suited to be used locally. Indeed, intranasal administration of an IgA mAb pre-or post-infection protected mice from a sublethal challenge of H5N1 influenza virus [32] . Even IgD binds respiratory Gram-negative bacteria Moraxella catarrhalis and Haemophilus influenza, mediates internalization by mast cells and basophiles, and triggers innate antimicrobial responses [33] . Clearly the choice of mAb isotype is a crucial decision that will ultimately determine its function in vivo. Other factors such as dose, route of administration, half-life, and site of infection also require attention. The choice of isotype, however, is often not crystal clear as illustrated by the recent observation that despite the potent CDC and ADCC inducing ability of IgG1 in C. neoformans mouse models, only human IgG2 and IgG4 were able to protect mice from infection when antibodies carrying the same variable region but different constant regions were passively administered [34] . Also, passively administered serum IgG has shown protection in pig-tailed macaques from rotavirus infection in a mucosal gut model [35] . These findings point out the still empirical nature of designing therapeutic antibody to treat infectious diseases.", "cite_spans": [{"start": 125, "end": 130, "text": "[134]", "ref_id": "BIBREF121"}, {"start": 191, "end": 195, "text": "[30]", "ref_id": "BIBREF29"}, {"start": 333, "end": 337, "text": "[31]", "ref_id": "BIBREF30"}, {"start": 762, "end": 766, "text": "[32]", "ref_id": "BIBREF31"}, {"start": 967, "end": 971, "text": "[33]", "ref_id": "BIBREF32"}, {"start": 1561, "end": 1565, "text": "[34]", "ref_id": "BIBREF33"}, {"start": 1699, "end": 1703, "text": "[35]", "ref_id": "BIBREF34"}], "ref_spans": [], "section": "Asperigillius fumigatus"}, {"text": "The inherent flexibility of recombinant mAb approaches permits the modification of immunoglobulin to fit specific needs. To address the problem posed by the use of a single isotype, it is possible to engineer the Fc region to increase its biological function. Targeted amino acid substitutions increase the affinity of the Fc region for FcgRIIIa and increase ADCC by natural killer cells 2 fold [36] and the glycosylation patterns of the Fc region can be further altered to increase ADCC [37] . A different approach is to engineer a bispecific mAb where one half of the Fab binds to the Antibody effector mechanisms used to combat microorganisms mediated by the various isotypes of human immunoglobulin.", "cite_spans": [{"start": 395, "end": 399, "text": "[36]", "ref_id": "BIBREF35"}, {"start": 488, "end": 492, "text": "[37]", "ref_id": "BIBREF36"}], "ref_spans": [], "section": "Asperigillius fumigatus"}, {"text": "microbe, and the other recognizes a host receptor. Examples include mAbs specific for either P. aeruginosa [38] , or bacteriophage [39] that also bind a host complement receptor through the other Fab domain. Other groups have taken lessons learned from clinical trials involving immunotoxin based therapies in oncology, and applied them successfully to infectious disease. MAbs conjugated to radioisotopes have been used to treat experimental infections by C. neoformans [40] , Histoplasma capsulatum [41] , Streptococcus pneumoniae [42] , and HIV [43] .", "cite_spans": [{"start": 107, "end": 111, "text": "[38]", "ref_id": "BIBREF37"}, {"start": 131, "end": 135, "text": "[39]", "ref_id": "BIBREF38"}, {"start": 471, "end": 475, "text": "[40]", "ref_id": "BIBREF39"}, {"start": 501, "end": 505, "text": "[41]", "ref_id": "BIBREF40"}, {"start": 533, "end": 537, "text": "[42]", "ref_id": "BIBREF41"}, {"start": 548, "end": 552, "text": "[43]", "ref_id": "BIBREF42"}], "ref_spans": [], "section": "Asperigillius fumigatus"}, {"text": "Monoclonal specificity: pro or con?", "cite_spans": [], "ref_spans": [], "section": "Asperigillius fumigatus"}, {"text": "The exquisite specificity of mAbs may be both its biggest advantage, and biggest disadvantage. The high specificity of mAb therapy results in little cross reactivity with both host cells and normal flora, which is important considering the link between chronic diseases and certain types of cancer with the use of broad spectrum antibiotics (Table 4 ) [2, 44, 45] . Furthermore, mAb therapy is unlikely to select for drug resistance in extraneous microbes due to the lack of intra-microbe cross reactivity [2] . Unlike poly IgG, which carries many irrelevant specificities, mAbs can be developed which target specific microbial epitopes important in pathogenesis, thereby theoretically increasing the potency of the specific biological activity per dose, in particular if the target epitope is highly protective. Polyclonals also can have isoagglutinins (anti A and anti B) which can be undesirable in some cases. Nevertheless, the high specificity also implies that as a narrow-spectrum antimicrobial drug, a quick and accurate diagnosis is required before therapy. The resulting small market for anti-infective mAbs may limit the economical feasibility of a mAb based approach in certain instances [14] and can be overshadowed by the breadth of reactivity of poly IgG which comes from targeting multiple epitopes with multiple IgG isotypes. Many cutting edge strategies are being developed to address the narrow specificity of mAb therapy, such as broadening the utility and pathogen range and are summarized in Fig. 2 . Typically the selection of Ab to protective antigens is the key criterion in the development of an effective passive immunization strategy. Highly conserved antigens are the most valuable targets for passive immunotherapeutics as they reduce both the number of mAbs needed to make an effective cocktail and the chance of escape from antibody. These can generally be placed into several key themes.", "cite_spans": [{"start": 352, "end": 355, "text": "[2,", "ref_id": "BIBREF1"}, {"start": 356, "end": 359, "text": "44,", "ref_id": "BIBREF43"}, {"start": 360, "end": 363, "text": "45]", "ref_id": "BIBREF44"}, {"start": 506, "end": 509, "text": "[2]", "ref_id": "BIBREF1"}, {"start": 1200, "end": 1204, "text": "[14]", "ref_id": "BIBREF13"}], "ref_spans": [{"start": 341, "end": 349, "text": "(Table 4", "ref_id": "TABREF4"}, {"start": 1514, "end": 1520, "text": "Fig. 2", "ref_id": "FIGREF6"}], "section": "Asperigillius fumigatus"}, {"text": "Certain types of infection consistently involve a predictable cadre of infectious agents. These may be associated with a particular injury (e.g. post burn infections), environmental exposure (e.g. contaminated food) or intentional biothreat release (e.g. hemorrhagic viruses). Chemically programmed mAbs, in which the unlimited chemical diversity of synthetic molecules is coupled with the effector functions of antibodies provides a means in which a single mAb may can have specificity for multiple epitopes [47, 48] . In this fashion, effector functions can be brought in by pre-immunized circulating antibody to ''tags'' on the small molecule adapters. These small molecule [48] , or single chain variable fragment (scFv) [49] adapters can be expressed cheaply in Escherichia coli and are significantly less expensive to manufacture than full-length mAbs.", "cite_spans": [{"start": 509, "end": 513, "text": "[47,", "ref_id": "BIBREF46"}, {"start": 514, "end": 517, "text": "48]", "ref_id": "BIBREF47"}, {"start": 677, "end": 681, "text": "[48]", "ref_id": "BIBREF47"}, {"start": 725, "end": 729, "text": "[49]", "ref_id": "BIBREF48"}], "ref_spans": [], "section": "The creation of antibody cocktails to target groups of infectious agents"}, {"text": "Targeting virulence factor associated antigens/epitopes Current trends for bacterial immunotherapeutics target virulence associated factors and are promising candidates for several reasons: First, they prevent direct damage to the host caused by large bacterial exotoxins and LPS through cytolysis or inflammation; second, virulence factors lend resistance to harsh immunological conditions as seen with capsules, spores, or antigenic variation; Third, virulence factors allow adhesion and or entry into host cell environments leading to evasion and chronic infection. Targeting a single virulence factor can be very effective where disease symptoms and pathogenesis are interrupted. For example, in gastro-intestinal tract infections with C. difficile, two large cytotoxins, TcdA and Tcd B cause the associated disease and diarrhea. Recently, Merck published clinical data showing that a cocktail of two mAbs (one to TcdA another to TcdB) at 10 mg/kg can greatly reduce reoccurrence rates compared to controls, probably due to reduced damage to the intestinal lining [5] . The concept of targeting virulence factors is confounded in some cases where a bacterium expresses a plethora of virulence factors which collectively contribute to disease. For example, Staphylococcus aureas produces a broad range of virulence factors and toxins, which may have temporal roles in specific types of infection. Other approaches target antigenically variable capsules [50] clumping factor (ClfA) [51] [52] [53] , alpha hemolysin and finally Panton-Valentine leukocidin (PVL) [54] . In these cases, removal of one virulence factor seems to be compensated by another. When this occurs, targeting surface structures or housekeeping proteins such as lsaA [55] , as discussed below, may be more appropriate.", "cite_spans": [{"start": 1068, "end": 1071, "text": "[5]", "ref_id": "BIBREF4"}, {"start": 1456, "end": 1460, "text": "[50]", "ref_id": "BIBREF49"}, {"start": 1484, "end": 1488, "text": "[51]", "ref_id": "BIBREF50"}, {"start": 1489, "end": 1493, "text": "[52]", "ref_id": "BIBREF51"}, {"start": 1494, "end": 1498, "text": "[53]", "ref_id": "BIBREF52"}, {"start": 1563, "end": 1567, "text": "[54]", "ref_id": "BIBREF53"}, {"start": 1739, "end": 1743, "text": "[55]", "ref_id": "BIBREF54"}], "ref_spans": [], "section": "The creation of antibody cocktails to target groups of infectious agents"}, {"text": "A related strategy is to target bacterial proteins that have an indirect role in pathogenesis; hence are subject to less selective pressure for antigenic variation. Broadly protective antibodies are not common treatments for many bacteria, including one of the most disconcerting modern infections, methicillin-resistant S. aureus (MRSA). Recently Dr. Gerald Pier and Alopexx developed a human mAb against the carbohydrate backbone of poly Nacetylglucosamine (PNAG) in S. aureus [56] . The mAb was effective initially in models of MRSA by inducing opsonization and CDC. These mAbs are a promising immunotherapy for both prophylaxis and adjunctive treatment of MRSA. In a related study, mAbs targeting the housekeeping protein lsaA, a suggested lytic transglycosylase in S. aureus provided protection in a mouse model by promoting opsonization and inducing highly reactive oxygen species [55] . MAbs against quorum sensing auto-inducers protect mice from lethal challenge from S. aureus, albeit using a clinically irrelevant dosage [57] , and mAbs specific for type III secretion system components from gram-negative bacteria Yersinia species [58] , P. aeruginosa [59] , and Aeromonas salmonicida [46] have all shown protection in animal models as well. MAbs have also been used against multi-drug efflux pumps of C. difficile, and Enterococcus species as part of a combination therapy with small molecule pump inhibitors [46] . Fungal infections may be a more promising area for mAb therapy due to the presence of conserved epitopes between species. Therapy with an IgG2 mAb specific for laminarin (beta-glucan) was effective at inducing fungal phagocytosis by monocytes and preventing infection from C. neoformans, C. albicans, and Aspergillis spp. [60, 61] .", "cite_spans": [{"start": 479, "end": 483, "text": "[56]", "ref_id": "BIBREF55"}, {"start": 887, "end": 891, "text": "[55]", "ref_id": "BIBREF54"}, {"start": 1031, "end": 1035, "text": "[57]", "ref_id": "BIBREF56"}, {"start": 1142, "end": 1146, "text": "[58]", "ref_id": "BIBREF57"}, {"start": 1163, "end": 1167, "text": "[59]", "ref_id": "BIBREF58"}, {"start": 1196, "end": 1200, "text": "[46]", "ref_id": "BIBREF45"}, {"start": 1421, "end": 1425, "text": "[46]", "ref_id": "BIBREF45"}, {"start": 1750, "end": 1754, "text": "[60,", "ref_id": "BIBREF59"}, {"start": 1755, "end": 1758, "text": "61]", "ref_id": "BIBREF60"}], "ref_spans": [], "section": "Protection mediated by mAbs to indirect virulence factors"}, {"text": "The incredible variability of viruses poses a significant challenge to mAb therapy. One way this can be countered is by using recombinant technology to derive an antibody specific for an epitope conserved among different viral strains [62] . Using phage display, Sui et al. selected hemagglutinin-5 specific mAbs capable of neutralizing both H5N1, and H1N1 [63] . A similar approach has been used to select cross protective mAbs against SARS coronavirus [64, 65] and Dengue virus type 1 [66] . Although potentially advantageous under outbreak conditions in which diagnoses are delayed, treatment of viruses capable of great antigenic variation using a single mAb is not ideal for the reasons discussed below.", "cite_spans": [{"start": 235, "end": 239, "text": "[62]", "ref_id": "BIBREF61"}, {"start": 357, "end": 361, "text": "[63]", "ref_id": "BIBREF62"}, {"start": 454, "end": 458, "text": "[64,", "ref_id": "BIBREF63"}, {"start": 459, "end": 462, "text": "65]", "ref_id": "BIBREF64"}, {"start": 487, "end": 491, "text": "[66]", "ref_id": "BIBREF65"}], "ref_spans": [], "section": "Antibody to conserved viral targets and host receptors"}, {"text": "As an alternative to targeting the viral proteome, several mAbs have been developed that target host proteins that double as virus receptors and co-receptors. These mAbs inhibit entry of a diverse range of virus subtypes including New World arenaviruses through anti-transferrin receptor 1 mAbs [67] , HCV through anti-claudin-1 mAbs [68] , and several R tropic viruses through anti-CCR5 mAbs [3] . While showing potential, mAbs against host proteins are a long way from clinical use, largely due to complications inherent in blocking host receptors. For example, blocking the CCR5 receptor may impair the host's ability fight off other viral infections, such as West Nile virus, as CCR5 is involved in lymphocyte traffic to the brain [3, 69] . Lastly, one particularly promising area of research is the use of an anti-phospholipid mAb capable of identifying virally infected cells and inducing ADCC [70] . The mAb designated Bavituximab (Peregrine Pharmaceuticals) functions by recognizing phosphatidylserine, which is normally inaccessible to serum antibodies. Upon virus-induced cell activation, phosphatidylserine is exposed on the cell surface due to a loss in lipid symmetry, allowing the mAb to bind [70, 46] . This mAb has prevented CMV and Pichinde arenavirus infection in mice, and clinical trials are currently underway for the treatment of HCV and HIV.", "cite_spans": [{"start": 295, "end": 299, "text": "[67]", "ref_id": "BIBREF66"}, {"start": 334, "end": 338, "text": "[68]", "ref_id": "BIBREF67"}, {"start": 393, "end": 396, "text": "[3]", "ref_id": "BIBREF2"}, {"start": 735, "end": 738, "text": "[3,", "ref_id": "BIBREF2"}, {"start": 739, "end": 742, "text": "69]", "ref_id": "BIBREF68"}, {"start": 900, "end": 904, "text": "[70]", "ref_id": "BIBREF69"}, {"start": 1207, "end": 1211, "text": "[70,", "ref_id": "BIBREF69"}, {"start": 1212, "end": 1215, "text": "46]", "ref_id": "BIBREF45"}], "ref_spans": [], "section": "Antibody to conserved viral targets and host receptors"}, {"text": "The potent neutralizing ability of mAbs can inadvertently result in increased antigenic escape in experimental infection with highly variant RNA viruses. Indeed, treatment with a single mAb has culminated in escape variants in the treatment of HIV, hepatitis C virus (HCV), and influenza A [71] [72] [73] [74] . To coun- Exploiting recombinant technology to address monospecificity issues surrounding mAb therapy for the treatment/prevention of infectious diseases.", "cite_spans": [{"start": 290, "end": 294, "text": "[71]", "ref_id": "BIBREF70"}, {"start": 295, "end": 299, "text": "[72]", "ref_id": "BIBREF71"}, {"start": 300, "end": 304, "text": "[73]", "ref_id": "BIBREF72"}, {"start": 305, "end": 309, "text": "[74]", "ref_id": "BIBREF73"}], "ref_spans": [], "section": "Design of mAb cocktails to reduce antigenic escape"}, {"text": "ter this, scientists have devised mixtures of two or more mAbs specific for distinct protective epitopes that can greatly prevent the rise of escape mutants in models of infection [74] . Indeed, development of such cocktails is being explored for H5N1 influenza A [75] , SARS coronavirus [76] , lymphocytic choriomeningitis virus [77] , HCV [78] , HBV [79] , and rabies virus [80] [81] [82] . These so called ''cocktails'' of mAbs address two major problems posed by targeting a single epitope. First, by targeting at minimum two neutralizing epitopes, escape mutants generated from each mAb are cleared by the complementing antibody [75] . Second, by increasing the antibody density (valency) on the viral surface, which may be the most important factor in virus neutralization [83] , the neutralizing ability of the antibody is amplified considerably [3] . A promising recent development concerns antibody to the hepatitis C virus (HCV), the leading cause of liver disease leading to transplantation in the U.S.A. Antigenic variation of HCV remains a serious challenge in antibody therapy and active vaccine design. Poly Ig for HCV is one means by which this might be dealt with, as antibody would be prepared from immunizations with distinct HCV virus vaccines. To date there has been no active vaccine available for HCV so this has not been a possible route for a therapeutic. Law et al. instead identified human mAbs that neutralize genetically diverse HCV isolates using phage display [84] . The mAbs were isolated using recombinant HCV E2A glycoprotein from a Fab phage library developed from the bone marrow RNA of a donor chronically infected with HCV. These mAbs were elegantly shown to bind discontinuous epitopes that cluster in three distinct antigenic regions in the E2A protein; one of which (antigenic region 3) appears to be highly conserved among HCV genotypes. Furthermore, the mAbs show protection against heterologous HCV quasispecies challenge in a human liver-chimeric mouse model. This represents a major advancement as the lack of a suitable model has for years prevented advancement on this field. The results provide strong evidence that broadly neutralizing antibodies to HCV can protect against heterologous HCV virus infection and furthermore, suggest that a prophylactic vaccine against HCV may be achievable and may avoid any potential antibody enhancement of infectivity effects which may be due to irrelevant antibody in a poly IgG preparation. Advent of an approved phase 1 vaccine would lead rapidly to potential donor stimulation program and the development of a human polyclonal therapeutic for testing. Immunotherapy is also one of the more promising approaches for the treatment of prion diseases. White et al. were the first to show that mAbs could both inhibit prion replication and delay disease development [85] . More recently, a camelid antibody with specificity for both PrP C and PrP Sc demonstrated the ability to cross the blood brain barrier, reduce prion replication in vivo, and eliminate prion replication in N2a neuroblastoma cells in vitro [86] .", "cite_spans": [{"start": 180, "end": 184, "text": "[74]", "ref_id": "BIBREF73"}, {"start": 264, "end": 268, "text": "[75]", "ref_id": "BIBREF74"}, {"start": 288, "end": 292, "text": "[76]", "ref_id": "BIBREF75"}, {"start": 330, "end": 334, "text": "[77]", "ref_id": "BIBREF76"}, {"start": 341, "end": 345, "text": "[78]", "ref_id": "BIBREF77"}, {"start": 352, "end": 356, "text": "[79]", "ref_id": "BIBREF78"}, {"start": 376, "end": 380, "text": "[80]", "ref_id": "BIBREF79"}, {"start": 381, "end": 385, "text": "[81]", "ref_id": "BIBREF80"}, {"start": 386, "end": 390, "text": "[82]", "ref_id": "BIBREF81"}, {"start": 634, "end": 638, "text": "[75]", "ref_id": "BIBREF74"}, {"start": 779, "end": 783, "text": "[83]", "ref_id": "BIBREF82"}, {"start": 853, "end": 856, "text": "[3]", "ref_id": "BIBREF2"}, {"start": 1491, "end": 1495, "text": "[84]", "ref_id": "BIBREF83"}, {"start": 2851, "end": 2855, "text": "[85]", "ref_id": "BIBREF84"}, {"start": 3096, "end": 3100, "text": "[86]", "ref_id": "BIBREF85"}], "ref_spans": [], "section": "Design of mAb cocktails to reduce antigenic escape"}, {"text": "It is becoming evident that treatment of an infectious disease with multiple mAbs is most probably required to provide optimal protection. While mAb cocktails are being developed to address this problem, another approach may be to couple antibody therapy with existing antimicrobials. Protocols for clinical development of new antibody therapies for infectious diseases will require clinicians to include the current standard of care which in many cases are antibiotics or antivirals. Antibody acts in synergy with antibiotics and with antivirals to provide increased protection against infection (Table 5) . Indeed, naturally resistant bacteria can be rendered susceptible to antibiotics by mAb therapy, and antivirals can increase the efficacy of anti-viral mAbs by inhibiting viral replication, thereby decreasing the likelihood of escape mutants [14] .", "cite_spans": [{"start": 850, "end": 854, "text": "[14]", "ref_id": "BIBREF13"}], "ref_spans": [{"start": 597, "end": 606, "text": "(Table 5)", "ref_id": null}], "section": "Forthcoming developments"}, {"text": "Niche markets prevail in antibody therapy for infectious diseases as disease pathogens with large potential markets are generally approached from the vaccine or antibiotic standpoint. The development of immunotherapies for the prevention of severe RSV infections in young children exemplifies the complexity of developing treatments for infectious diseases which tend to have very specific target populations. Originally a poly Ig product Respigam 1 , was developed by MedImmune and approved for prophylactic use in infants. While efficacious, a humanized IgG1 mAb product called Synagis 1 (palivizumab) was designed to replace Respigam 1 . Synagis 1 remains the only mAb approved for infectious disease in humans [17] , the cost effectiveness relative to Respigam 1 is still under analysis [87] ; however, it is a more defined product and can be produced in tissue culture infinitely. Despite focused efforts by MedImmune/AstraZeneca to gain regulatory approval for a third generation fully human mAb treatment, Numax (motavizumab) a higher affinity fully human replacement for Synagis 1 , has long been underway. However, AstraZeneca recently announced it was discontinuing the development of Numax, despite the $445 million dollar investment, due to unforeseen complications that arose during the clinical testing and regulatory approval process. Thus, niche markets require a very different approach to biotechnology and the investment of time, expenses, and research opportunity costs. Few niche market companies in infectious disease biotechnology could endure this risk and many might have instead simply continued to manufacture more doses of the earlier generation Respigam 1 or Synagis 1 , rather than boldly attempt to bring forward a new product with seemingly incremental improvement. In summary, recent developments in broadening both the utility and pathogen range of mAb therapeutics, multi-drug resistance, and the expected future efficiencies in mAb production methods [88] [89] [90] [91] , combined with rational use of proven polyclonal Ig methods, enable us to predict that Ab therapy for infectious pathogens will continue to be a leading treatment for emerging, difficult to contain infectious diseases.", "cite_spans": [{"start": 714, "end": 718, "text": "[17]", "ref_id": "BIBREF16"}, {"start": 791, "end": 795, "text": "[87]", "ref_id": "BIBREF86"}, {"start": 1987, "end": 1991, "text": "[88]", "ref_id": "BIBREF87"}, {"start": 1992, "end": 1996, "text": "[89]", "ref_id": "BIBREF88"}, {"start": 1997, "end": 2001, "text": "[90]", "ref_id": "BIBREF89"}, {"start": 2002, "end": 2006, "text": "[91]", "ref_id": "BIBREF90"}], "ref_spans": [], "section": "Forthcoming developments"}], "bib_entries": {"BIBREF0": {"ref_id": "b0", "title": "Milestones in Microbiology: 1556 to 1940", "authors": [{"first": "T", "middle": ["D"], "last": "Brock", "suffix": ""}], "year": 1998, "venue": "", "volume": "", "issn": "", "pages": "", "other_ids": {}}, "BIBREF1": {"ref_id": "b1", "title": "Monoclonal antibody-based therapies for microbial diseases", "authors": [{"first": "C", "middle": [], "last": "Saylor", "suffix": ""}], "year": 2009, "venue": "Vaccine", "volume": "27", "issn": "", "pages": "38--46", "other_ids": {}}, "BIBREF2": {"ref_id": "b2", "title": "The growth and potential of human antiviral monoclonal antibody therapeutics", "authors": [{"first": "W", "middle": ["A"], "last": "Marasco", "suffix": ""}, {"first": "J", "middle": [], "last": "Sui", "suffix": ""}], "year": 2007, "venue": "Nat. Biotechnol", "volume": "25", "issn": "", "pages": "1421--1434", "other_ids": {}}, "BIBREF3": {"ref_id": "b3", "title": "SARS a Case Study in Emerging Infections", "authors": [{"first": "A", "middle": ["R"], "last": "Mclean", "suffix": ""}], "year": 2005, "venue": "", "volume": "", "issn": "", "pages": "", "other_ids": {}}, "BIBREF4": {"ref_id": "b4", "title": "Treatment with monoclonal antibodies against Clostridium difficile toxins", "authors": [{"first": "I", "middle": [], "last": "Lowy", "suffix": ""}], "year": 2010, "venue": "N. Engl. J. Med", "volume": "362", "issn": "", "pages": "197--205", "other_ids": {}}, "BIBREF5": {"ref_id": "b5", "title": "Mining human antibody repertoires", "authors": [{"first": "R", "middle": ["R"], "last": "Beerli", "suffix": ""}, {"first": "C", "middle": [], "last": "Rader", "suffix": ""}], "year": 2010, "venue": "MAbs", "volume": "2", "issn": "", "pages": "365--378", "other_ids": {}}, "BIBREF6": {"ref_id": "b6", "title": "Rational monoclonal antibody development to emerging pathogens, biothreat agents and foreign animal disease: the antigen scale", "authors": [{"first": "J", "middle": ["D"], "last": "Berry", "suffix": ""}], "year": 2005, "venue": "Vet. J", "volume": "170", "issn": "", "pages": "193--211", "other_ids": {}}, "BIBREF7": {"ref_id": "b7", "title": "A model for neutralization of viruses based on antibody coating of the virion surface", "authors": [{"first": "D", "middle": ["R"], "last": "Burton", "suffix": ""}], "year": 2001, "venue": "Curr. Top. Microbiol. Immunol", "volume": "260", "issn": "", "pages": "109--143", "other_ids": {}}, "BIBREF8": {"ref_id": "b8", "title": "Fusion of influenza virus with the endosomal membrane is inhibited by monoclonal antibodies to defined epitopes on the hemagglutinin", "authors": [{"first": "M", "middle": [], "last": "Imai", "suffix": ""}], "year": 1998, "venue": "Virus Res", "volume": "53", "issn": "", "pages": "129--139", "other_ids": {}}, "BIBREF9": {"ref_id": "b9", "title": "Preparation and properties of antibody directed specifically against the neuraminidase of influenza virus", "authors": [{"first": "R", "middle": ["G"], "last": "Webster", "suffix": ""}, {"first": "W", "middle": ["G"], "last": "Laver", "suffix": ""}], "year": 1967, "venue": "J. Immunol", "volume": "99", "issn": "", "pages": "49--55", "other_ids": {}}, "BIBREF10": {"ref_id": "b10", "title": "A monoclonal antibody directed against a Candida albicans cell wall mannoprotein exerts three anti-C. albicans activities", "authors": [{"first": "M", "middle": ["D"], "last": "Moragues", "suffix": ""}], "year": 2003, "venue": "Infect. Immun", "volume": "71", "issn": "", "pages": "5273--5279", "other_ids": {}}, "BIBREF11": {"ref_id": "b11", "title": "Ab binding alters gene expression in Cryptococcus neoformans and directly modulates fungal metabolism", "authors": [{"first": "E", "middle": ["E"], "last": "Mcclelland", "suffix": ""}], "year": 2010, "venue": "J. Clin. Invest", "volume": "120", "issn": "", "pages": "1355--1361", "other_ids": {}}, "BIBREF12": {"ref_id": "b12", "title": "Use of intravenous immunoglobulin in human disease: a review of evidence by members of the primary immunodeficiency committee of the American academy of allergy, asthma and immunology", "authors": [{"first": "J", "middle": ["S"], "last": "Orange", "suffix": ""}], "year": 2006, "venue": "J. Allergy Clin. Immunol", "volume": "117", "issn": "", "pages": "524--553", "other_ids": {}}, "BIBREF13": {"ref_id": "b13", "title": "Monoclonal antibodies for prophylaxis and therapy of infectious diseases", "authors": [{"first": "J", "middle": [], "last": "Ter Meulen", "suffix": ""}], "year": 2007, "venue": "Expert Opin. Emerg. Drugs", "volume": "12", "issn": "", "pages": "525--540", "other_ids": {}}, "BIBREF14": {"ref_id": "b14", "title": "Countering anthrax: vaccines and immunoglobulins", "authors": [{"first": "S", "middle": [], "last": "Plotkin", "suffix": ""}], "year": 2008, "venue": "Clin. Infect. Dis", "volume": "46", "issn": "", "pages": "129--136", "other_ids": {}}, "BIBREF15": {"ref_id": "b15", "title": "Prophylaxis and therapy for Chikungunya virus infection", "authors": [{"first": "T", "middle": [], "last": "Couderc", "suffix": ""}], "year": 2009, "venue": "J Infect Dis", "volume": "200", "issn": "", "pages": "516--523", "other_ids": {}}, "BIBREF16": {"ref_id": "b16", "title": "Immunoprophylaxis of RSV infection: advancing from RSV-IVIG to palivizumab and motavizumab", "authors": [{"first": "H", "middle": [], "last": "Wu", "suffix": ""}], "year": 2008, "venue": "Curr. Top. Microbiol. Immunol", "volume": "317", "issn": "", "pages": "103--123", "other_ids": {}}, "BIBREF17": {"ref_id": "b17", "title": "Return to the past: the case for antibodybased therapies in infectious diseases", "authors": [{"first": "A", "middle": [], "last": "Casadevall", "suffix": ""}, {"first": "M", "middle": ["D"], "last": "Scharff", "suffix": ""}], "year": 1995, "venue": "Clin. Infect. Dis", "volume": "21", "issn": "", "pages": "150--161", "other_ids": {}}, "BIBREF18": {"ref_id": "b18", "title": "Clearance of prions during plasma protein manufacture", "authors": [{"first": "M", "middle": ["D"], "last": "Burdick", "suffix": ""}], "year": 2006, "venue": "Transfus Med. Rev", "volume": "20", "issn": "", "pages": "57--62", "other_ids": {}}, "BIBREF19": {"ref_id": "b19", "title": "Glycosylation of recombinant antibody therapeutics", "authors": [{"first": "R", "middle": [], "last": "Jefferis", "suffix": ""}], "year": 2005, "venue": "Biotechnol. Progress", "volume": "21", "issn": "", "pages": "11--16", "other_ids": {}}, "BIBREF20": {"ref_id": "b20", "title": "Isotype selection in antibody engineering", "authors": [{"first": "J", "middle": ["G"], "last": "Salfeld", "suffix": ""}], "year": 2007, "venue": "Nat. Biotechnol", "volume": "25", "issn": "", "pages": "1369--1372", "other_ids": {}}, "BIBREF21": {"ref_id": "b21", "title": "Development of a humanized monoclonal antibody (MEDI-493) with potent in vitro and in vivo activity against respiratory syncytial virus", "authors": [{"first": "S", "middle": [], "last": "Johnson", "suffix": ""}], "year": 2010, "venue": "J. Infect. Dis", "volume": "176", "issn": "", "pages": "1215--1224", "other_ids": {}}, "BIBREF22": {"ref_id": "b22", "title": "Therapeutic antibodies and related products: choosing the right structure for success", "authors": [{"first": "A", "middle": [], "last": "Beck", "suffix": ""}], "year": 2009, "venue": "Med. Sci", "volume": "12", "issn": "", "pages": "1024--1032", "other_ids": {}}, "BIBREF23": {"ref_id": "b23", "title": "Chimeric IgA antibodies against HLA class II effectively trigger lymphoma cell killing", "authors": [{"first": "M", "middle": [], "last": "Dechant", "suffix": ""}], "year": 2002, "venue": "Blood", "volume": "100", "issn": "", "pages": "4574--4580", "other_ids": {}}, "BIBREF24": {"ref_id": "b24", "title": "Mechanism for the isotype dependence of antibodymediated toxicity in Cryptococcus neoformans-infected mice", "authors": [{"first": "N", "middle": [], "last": "Lendvai", "suffix": ""}], "year": 2000, "venue": "J. Immunol", "volume": "164", "issn": "", "pages": "4367--4374", "other_ids": {}}, "BIBREF25": {"ref_id": "b25", "title": "Effect of Gm allotypes on IgG2 antibody responses and IgG2 concentrations in children and adults", "authors": [{"first": "H", "middle": [], "last": "Sarvas", "suffix": ""}], "year": 1990, "venue": "Infect. Immunol", "volume": "2", "issn": "", "pages": "317--332", "other_ids": {}}, "BIBREF26": {"ref_id": "b26", "title": "Antibody therapeutics: isotype and glycoform selection", "authors": [{"first": "R", "middle": [], "last": "Jefferis", "suffix": ""}], "year": 2007, "venue": "Expert Opin. Biol. Ther", "volume": "7", "issn": "", "pages": "1401--1413", "other_ids": {}}, "BIBREF27": {"ref_id": "b27", "title": "Serologic aspects of IgG4 antibodies. II. IgG4 antibodies form small, nonprecipitating immune complexes due to functional monovalency", "authors": [{"first": "J", "middle": ["S"], "last": "Van Der Zee", "suffix": ""}], "year": 1986, "venue": "J. Immunol", "volume": "137", "issn": "", "pages": "3566--3571", "other_ids": {}}, "BIBREF28": {"ref_id": "b28", "title": "Biological role of different antibody classes", "authors": [{"first": "H", "middle": ["L"], "last": "Spiegelberg", "suffix": ""}], "year": 1989, "venue": "Int. Arch. Allergy Appl. Immunol", "volume": "90", "issn": "", "pages": "22--57", "other_ids": {}}, "BIBREF29": {"ref_id": "b29", "title": "Preclinical in vitro and in vivo characterization of the fully human monoclonal IgM antibody KBPA101 specific for Pseudomonas aeruginosa serotype IATS-O11", "authors": [{"first": "M", "middle": ["P"], "last": "Horn", "suffix": ""}], "year": 2010, "venue": "Antimicrob. Agents Chemother", "volume": "54", "issn": "", "pages": "2338--2344", "other_ids": {}}, "BIBREF30": {"ref_id": "b30", "title": "High level expression of functional human IgMs in human PER", "authors": [{"first": "A", "middle": [], "last": "Tchoudakova", "suffix": ""}], "year": 2009, "venue": "C6 1 cells. MAbs", "volume": "1", "issn": "", "pages": "1--9", "other_ids": {}}, "BIBREF31": {"ref_id": "b31", "title": "Intranasal delivery of an IgA monoclonal antibody effective against sublethal H5N1 influenza virus infection in mice", "authors": [{"first": "J", "middle": [], "last": "Ye", "suffix": ""}], "year": 2010, "venue": "Clin. Vaccine Immunol", "volume": "17", "issn": "", "pages": "1363--1370", "other_ids": {}}, "BIBREF32": {"ref_id": "b32", "title": "Immunoglobulin D enhances immune surveillance by activating antimicrobial, proinflammatory and B cell-stimulating programs in basophils", "authors": [{"first": "K", "middle": [], "last": "Chen", "suffix": ""}], "year": 2009, "venue": "Nat. Immunol", "volume": "10", "issn": "", "pages": "889--898", "other_ids": {}}, "BIBREF33": {"ref_id": "b33", "title": "Human immunoglobulin G2 (IgG2) and IgG4, but not IgG1 or IgG3 protect mice against Cryptococcus neoformans", "authors": [{"first": "D", "middle": ["O"], "last": "Beenhouwer", "suffix": ""}], "year": 2007, "venue": "Infect. Immun", "volume": "75", "issn": "", "pages": "1424--1435", "other_ids": {}}, "BIBREF34": {"ref_id": "b34", "title": "Serum IgG mediates mucosal immunity against rotavirus infection", "authors": [{"first": "F", "middle": ["E"], "last": "Westerman", "suffix": ""}], "year": 2005, "venue": "Proc. Natl. Acad. Sci. U.S.A", "volume": "102", "issn": "", "pages": "7268--7273", "other_ids": {}}, "BIBREF35": {"ref_id": "b35", "title": "Engineered antibody Fc variants with enhanced effector function", "authors": [{"first": "G", "middle": ["A"], "last": "Lazar", "suffix": ""}], "year": 2006, "venue": "Proc. Natl. Acad. Sci. U.S.A", "volume": "103", "issn": "", "pages": "4005--4010", "other_ids": {}}, "BIBREF36": {"ref_id": "b36", "title": "Glycosylation as a strategy to improve antibody-based therapeutics", "authors": [{"first": "R", "middle": [], "last": "Jefferis", "suffix": ""}], "year": 2009, "venue": "Nat. Rev. Drug Discov", "volume": "8", "issn": "", "pages": "226--234", "other_ids": {}}, "BIBREF37": {"ref_id": "b37", "title": "Bispecific monoclonal antibody complexes facilitate erythrocyte binding and liver clearance of a prototype particulate pathogen in a monkey model", "authors": [{"first": "R", "middle": ["P"], "last": "Taylor", "suffix": ""}], "year": 1997, "venue": "J. Immunol", "volume": "159", "issn": "", "pages": "4035--4044", "other_ids": {}}, "BIBREF38": {"ref_id": "b38", "title": "Targeting of Pseudomonas aeruginosa in the bloodstream with bispecific monoclonal antibodies", "authors": [{"first": "M", "middle": ["A"], "last": "Lindorfer", "suffix": ""}], "year": 2001, "venue": "J. Immunol", "volume": "167", "issn": "", "pages": "2240--2249", "other_ids": {}}, "BIBREF39": {"ref_id": "b39", "title": "Ionizing radiation delivered by specific antibody is therapeutic against a fungal infection", "authors": [{"first": "E", "middle": [], "last": "Dadachova", "suffix": ""}], "year": 2003, "venue": "Proc. Natl. Acad. Sci. U.S.A", "volume": "100", "issn": "", "pages": "10942--10947", "other_ids": {}}, "BIBREF40": {"ref_id": "b40", "title": "Susceptibility of the human pathogenic fungi Cryptococcus neoformans and Histoplasma capsulatum to gamma-radiation versus radioimmunotherapy with alpha-and beta-emitting radioisotopes", "authors": [{"first": "E", "middle": [], "last": "Dadachova", "suffix": ""}], "year": 2004, "venue": "J. Nucl. Med", "volume": "45", "issn": "", "pages": "313--320", "other_ids": {}}, "BIBREF41": {"ref_id": "b41", "title": "Feasibility of radioimmunotherapy of experimental pneumococcal infection", "authors": [{"first": "E", "middle": [], "last": "Dadachova", "suffix": ""}], "year": 2004, "venue": "Antimicrob. Agents Chemother", "volume": "48", "issn": "", "pages": "1624--1629", "other_ids": {}}, "BIBREF42": {"ref_id": "b42", "title": "Antiretroviral-drug resistance among patients recently infected with HIV", "authors": [{"first": "S", "middle": ["J"], "last": "Little", "suffix": ""}], "year": 2002, "venue": "N. Engl. J. Med", "volume": "347", "issn": "", "pages": "385--394", "other_ids": {}}, "BIBREF43": {"ref_id": "b43", "title": "Antibiotic use in relation to the risk of breast cancer", "authors": [{"first": "C", "middle": ["M"], "last": "Velicer", "suffix": ""}], "year": 2004, "venue": "JAMA", "volume": "291", "issn": "", "pages": "827--835", "other_ids": {}}, "BIBREF44": {"ref_id": "b44", "title": "Increased risk of childhood asthma from antibiotic use in early life", "authors": [{"first": "A", "middle": ["J"], "last": "Kozyrsky", "suffix": ""}], "year": 2007, "venue": "Chest", "volume": "131", "issn": "", "pages": "1753--1759", "other_ids": {}}, "BIBREF45": {"ref_id": "b45", "title": "Progress towards recombinant anti-infective antibodies", "authors": [{"first": "J", "middle": ["C"], "last": "Pai", "suffix": ""}], "year": 2009, "venue": "Recent Pat. Antiinfect. Drug Discov", "volume": "4", "issn": "", "pages": "1--17", "other_ids": {}}, "BIBREF46": {"ref_id": "b46", "title": "Breaking the one antibody-one target axiom", "authors": [{"first": "F", "middle": [], "last": "Guo", "suffix": ""}], "year": 2006, "venue": "Proc. Natl. Acad. Sci. U.S.A", "volume": "29", "issn": "", "pages": "11009--11014", "other_ids": {}}, "BIBREF47": {"ref_id": "b47", "title": "Instant immunity through chemically programmable vaccination and covalent self-assembly", "authors": [{"first": "M", "middle": [], "last": "Popkov", "suffix": ""}], "year": 2009, "venue": "Proc. Natl. Acad. Sci. U.S.A", "volume": "106", "issn": "", "pages": "4378--4383", "other_ids": {}}, "BIBREF48": {"ref_id": "b48", "title": "Efficient serum clearance of botulinum neurotoxin achieved using a pool of small antitoxin binding agents", "authors": [{"first": "J", "middle": [], "last": "Sepulveda", "suffix": ""}], "year": 2010, "venue": "Infect. Immun", "volume": "78", "issn": "", "pages": "756--763", "other_ids": {}}, "BIBREF49": {"ref_id": "b49", "title": "Safety and immunogenicity of a booster dose of Staphylococcus aureus types 5 and 8 capsular polysaccharide conjugate vaccine (StaphVAX) in a hemodialysis patient", "authors": [{"first": "A", "middle": ["S"], "last": "Fattom", "suffix": ""}], "year": 2004, "venue": "Vaccine", "volume": "23", "issn": "", "pages": "656--663", "other_ids": {}}, "BIBREF50": {"ref_id": "b50", "title": "Veronate (Inhibitex)", "authors": [{"first": "D", "middle": [], "last": "Kaufman", "suffix": ""}], "year": 2006, "venue": "Curr. Opin. Invest. Drugs", "volume": "7", "issn": "", "pages": "172--179", "other_ids": {}}, "BIBREF51": {"ref_id": "b51", "title": "Characterization of a protective monoclonal antibody recognizing Staphylococcus aureus MSCRAMM protein clumping factor A", "authors": [{"first": "A", "middle": ["E"], "last": "Hall", "suffix": ""}], "year": 2003, "venue": "Infect. Immun", "volume": "71", "issn": "", "pages": "6864--6870", "other_ids": {}}, "BIBREF52": {"ref_id": "b52", "title": "Anti-clumping factor A immunoglobulin reduces the duration of methicillin-resistant Staphylococcus aureus bacteremia in an experimental model of infective endocarditis", "authors": [{"first": "J", "middle": [], "last": "Vernachio", "suffix": ""}], "year": 2003, "venue": "Antimicrob. Agents Chemother", "volume": "47", "issn": "", "pages": "3400--3406", "other_ids": {}}, "BIBREF53": {"ref_id": "b53", "title": "Poring over pores: alpha-hemolysin and Panton-Valentine leukocidin in Staphylococcus aureus pneumonia", "authors": [{"first": "J", "middle": [], "last": "Bubeck Wardenburg", "suffix": ""}], "year": 2007, "venue": "Nat. Med", "volume": "13", "issn": "", "pages": "1405--1406", "other_ids": {}}, "BIBREF54": {"ref_id": "b54", "title": "Functional antibodies targeting IsaA of Staphylococcus aureus augment host immune response and open new perspectives for antibacterial therapy", "authors": [{"first": "U", "middle": [], "last": "Lorenz", "suffix": ""}], "year": 2011, "venue": "Antimicrob. Agents Chemother", "volume": "55", "issn": "", "pages": "165--173", "other_ids": {}}, "BIBREF55": {"ref_id": "b55", "title": "Characterization of the opsonic and protective activity against Staphylococcus aureus of fully human monoclonal antibodies specific for the bacterial surface polysaccharide poly-N-acetylglucosamine", "authors": [{"first": "C", "middle": [], "last": "Kelly-Quintos", "suffix": ""}], "year": 2006, "venue": "Infect. Immun", "volume": "74", "issn": "", "pages": "2742--2750", "other_ids": {}}, "BIBREF56": {"ref_id": "b56", "title": "Infection control by antibody disruption of bacterial quorum sensing signalling", "authors": [{"first": "J", "middle": [], "last": "Park", "suffix": ""}], "year": 2008, "venue": "Chem. Biol", "volume": "14", "issn": "", "pages": "1119--1127", "other_ids": {}}, "BIBREF57": {"ref_id": "b57", "title": "Passive anti-pcrv treatment protects burned mice against Pseudomonas aeruginosa challenge", "authors": [{"first": "A", "middle": ["N"], "last": "Neely", "suffix": ""}], "year": 2005, "venue": "Burns", "volume": "31", "issn": "", "pages": "153--158", "other_ids": {}}, "BIBREF58": {"ref_id": "b58", "title": "Effect of anti-pcrv antibody in a murine chronic airway Pseudomonas aeruginosa infection model", "authors": [{"first": "Y", "middle": [], "last": "Imamura", "suffix": ""}], "year": 2007, "venue": "Eur. Respir. J", "volume": "29", "issn": "", "pages": "965--968", "other_ids": {}}, "BIBREF59": {"ref_id": "b59", "title": "An anti-beta-glucan monoclonal antibody inhibits growth and capsule formation of Cryptococcus neoformans in vitro and exerts therapeutic, anticryptococcal activity in vivo", "authors": [{"first": "A", "middle": [], "last": "Rachini", "suffix": ""}], "year": 2007, "venue": "Infect. Immun", "volume": "75", "issn": "", "pages": "5085--5094", "other_ids": {}}, "BIBREF60": {"ref_id": "b60", "title": "A novel glyco-conjugate vaccine against fungal pathogens", "authors": [{"first": "A", "middle": [], "last": "Torosantucci", "suffix": ""}], "year": 2005, "venue": "J. Exp. Med", "volume": "202", "issn": "", "pages": "597--606", "other_ids": {}}, "BIBREF61": {"ref_id": "b61", "title": "Heterosubtypic neutralizing monoclonal antibodies cross-protective against H5N1 and H1N1 recovered from human IgM+ memory B cells", "authors": [{"first": "M", "middle": [], "last": "Throsby", "suffix": ""}], "year": 2008, "venue": "PLoS One", "volume": "4", "issn": "", "pages": "", "other_ids": {}}, "BIBREF62": {"ref_id": "b62", "title": "Structural and functional bases for broad-spectrum neutralization of avian and human influenza A viruses", "authors": [{"first": "J", "middle": [], "last": "Sui", "suffix": ""}], "year": 2009, "venue": "Nat. Struct. Mol. Biol", "volume": "16", "issn": "", "pages": "265--273", "other_ids": {}}, "BIBREF63": {"ref_id": "b63", "title": "Broadening of neutralization activity to directly block a dominant antibody-driven SARS-coronavirus evolution pathway", "authors": [{"first": "J", "middle": [], "last": "Sui", "suffix": ""}], "year": 2008, "venue": "PLoS Pathog", "volume": "4", "issn": "", "pages": "", "other_ids": {}}, "BIBREF64": {"ref_id": "b64", "title": "Structural basis for potent cross-neutralizing human monoclonal antibody protection against lethal human and zoonotic severe acute respiratory syndrome coronavirus challenge", "authors": [{"first": "B", "middle": [], "last": "Rockx", "suffix": ""}], "year": 2008, "venue": "J. Virol", "volume": "82", "issn": "", "pages": "3220--3235", "other_ids": {}}, "BIBREF65": {"ref_id": "b65", "title": "The development of therapeutic antibodies that neuralize homologous and heterologous genotypes of dengue virus type 1", "authors": [{"first": "B", "middle": [], "last": "Shrestha", "suffix": ""}], "year": 2010, "venue": "PLoS Pathog", "volume": "6", "issn": "", "pages": "", "other_ids": {}}, "BIBREF66": {"ref_id": "b66", "title": "Transferrin receptor 1 is a cellular receptor for New World haemorrhagic fever arenaviruses", "authors": [{"first": "S", "middle": ["R"], "last": "Radoshitzky", "suffix": ""}], "year": 2007, "venue": "Nature", "volume": "446", "issn": "", "pages": "92--96", "other_ids": {}}, "BIBREF67": {"ref_id": "b67", "title": "Claudin-1 is a hepatitis C virus co-receptor required for a late step in entry", "authors": [{"first": "M", "middle": ["J"], "last": "Evans", "suffix": ""}], "year": 2007, "venue": "Nature", "volume": "446", "issn": "", "pages": "801--805", "other_ids": {}}, "BIBREF68": {"ref_id": "b68", "title": "Chemokine receptor CCR5 promotes leukocyte trafficking to the brain and survival in West Nile virus infection", "authors": [{"first": "W", "middle": ["G"], "last": "Glass", "suffix": ""}], "year": 2005, "venue": "J. Exp. Med", "volume": "202", "issn": "", "pages": "1087--1098", "other_ids": {}}, "BIBREF69": {"ref_id": "b69", "title": "Targeting inside-out phosphatidylserine as a therapeutic strategy for viral diseases", "authors": [{"first": "M", "middle": ["M"], "last": "Soares", "suffix": ""}], "year": 2008, "venue": "Nat. Med", "volume": "14", "issn": "", "pages": "1357--1362", "other_ids": {}}, "BIBREF70": {"ref_id": "b70", "title": "Characterization of the HIV-1 neutralization escape mutants", "authors": [{"first": "J", "middle": ["A"], "last": "Mckeating", "suffix": ""}], "year": 1989, "venue": "AIDS", "volume": "3", "issn": "", "pages": "777--784", "other_ids": {}}, "BIBREF71": {"ref_id": "b71", "title": "Mutations in hepatitis C virus E2 located outsie the CD81 binding sites lead to escape from broadly neutralizing antibodies but compromise virus infectivity", "authors": [{"first": "Z", "middle": ["Y"], "last": "Keck", "suffix": ""}], "year": 2009, "venue": "J. Virol", "volume": "83", "issn": "", "pages": "6149--6160", "other_ids": {}}, "BIBREF72": {"ref_id": "b72", "title": "Influenza type A virus escape mutants emerge in vivo in the presence of antibodies to the ectodomain of matrix protein 2", "authors": [{"first": "D", "middle": [], "last": "Zharikova", "suffix": ""}], "year": 2005, "venue": "J. Virol", "volume": "79", "issn": "", "pages": "6644--6654", "other_ids": {}}, "BIBREF73": {"ref_id": "b73", "title": "Antibody cocktails: next-generation biopharmaceuticals with improved potency", "authors": [{"first": "T", "middle": [], "last": "Logtenberg", "suffix": ""}], "year": 2007, "venue": "Trends Biotechnol", "volume": "25", "issn": "", "pages": "390--394", "other_ids": {}}, "BIBREF74": {"ref_id": "b74", "title": "Combination therapy using chimeric monoclonal antibodies protects mice from lethal H5N1 infection and prevents formation of escape mutants", "authors": [{"first": "M", "middle": [], "last": "Prabakaran", "suffix": ""}], "year": 2009, "venue": "PLoS One", "volume": "4", "issn": "", "pages": "", "other_ids": {}}, "BIBREF75": {"ref_id": "b75", "title": "Human monoclonal antibody combination against SARS coronavirus: synergy and coverage of escape mutants", "authors": [{"first": "J", "middle": ["T"], "last": "Meulen", "suffix": ""}], "year": 2006, "venue": "PLoS Med", "volume": "3", "issn": "", "pages": "", "other_ids": {}}, "BIBREF76": {"ref_id": "b76", "title": "In vivo selection of neutralization-resistant virus variants but no evidence of B cell tolerance in lymphocyttic choriomeningitis virus carrier mice expressing a transgenic virus-neutralizing antibody", "authors": [{"first": "P", "middle": [], "last": "Seiler", "suffix": ""}], "year": 2009, "venue": "J. Immunol", "volume": "162", "issn": "", "pages": "4536--4541", "other_ids": {}}, "BIBREF77": {"ref_id": "b77", "title": "Study of XTL6865 in Patients With Chronic Hepatitis C Virus Infection", "authors": [], "year": 2007, "venue": "", "volume": "", "issn": "", "pages": "", "other_ids": {}}, "BIBREF78": {"ref_id": "b78", "title": "Recombinant human polyclonal antibodies: a new class of therapeutic antibodies against viral infections", "authors": [{"first": "S", "middle": [], "last": "Bregenholt", "suffix": ""}], "year": 2007, "venue": "Curr. Pharm. Des", "volume": "12", "issn": "", "pages": "2007--2015", "other_ids": {}}, "BIBREF79": {"ref_id": "b79", "title": "Novel human monoclonal antibody combination effectively neutralizing natural rabies virus variants and individual in vitro escape mutants", "authors": [{"first": "A", "middle": ["B H"], "last": "Bakker", "suffix": ""}], "year": 2005, "venue": "J. Virol", "volume": "79", "issn": "", "pages": "9062--9068", "other_ids": {}}, "BIBREF80": {"ref_id": "b80", "title": "A human monoclonal antibody cocktail as a novel component of rabies postexposure prophylaxis", "authors": [{"first": "J", "middle": [], "last": "De Kruif", "suffix": ""}], "year": 2007, "venue": "Annu. Rev. Med", "volume": "58", "issn": "", "pages": "359--368", "other_ids": {}}, "BIBREF81": {"ref_id": "b81", "title": "Comparison of an anti-rabies human monoclonal antibody combination with human polyclonal anti-rabies immune globulin", "authors": [{"first": "J", "middle": [], "last": "Goudsmit", "suffix": ""}], "year": 2006, "venue": "J. Infect. Dis", "volume": "193", "issn": "", "pages": "796--801", "other_ids": {}}, "BIBREF82": {"ref_id": "b82", "title": "HIV vaccine design and the neutralizing antibody problem", "authors": [{"first": "D", "middle": ["R"], "last": "Burton", "suffix": ""}], "year": 2004, "venue": "Nat. Immunol", "volume": "5", "issn": "", "pages": "233--236", "other_ids": {}}, "BIBREF83": {"ref_id": "b83", "title": "Broadly neutralizing antibodies protect against hepatitis C virus quasispecies challenge", "authors": [{"first": "M", "middle": [], "last": "Law", "suffix": ""}], "year": 2008, "venue": "Nat. Med", "volume": "14", "issn": "", "pages": "25--27", "other_ids": {}}, "BIBREF84": {"ref_id": "b84", "title": "Monoclonal antibodies inhibit prion replication and delay the development of prion disease", "authors": [{"first": "A", "middle": ["R"], "last": "White", "suffix": ""}], "year": 2003, "venue": "Nature", "volume": "422", "issn": "", "pages": "80--83", "other_ids": {}}, "BIBREF85": {"ref_id": "b85", "title": "A camelid anti-PrP antibody abrogates PrP Sc replication in prion-permissive neuroblastoma cell lines", "authors": [{"first": "Rhys", "middle": [], "last": "Jones", "suffix": ""}, {"first": "D", "middle": [], "last": "", "suffix": ""}], "year": 2010, "venue": "PLoS One", "volume": "5", "issn": "", "pages": "", "other_ids": {}}, "BIBREF86": {"ref_id": "b86", "title": "Cost effectiveness of respiratory syncytial virus prophylaxis: a critical and systematic review", "authors": [{"first": "W", "middle": ["A"], "last": "Prescott", "suffix": ""}, {"first": "", "middle": [], "last": "Jr", "suffix": ""}], "year": 2010, "venue": "Pharmacoeconomics", "volume": "28", "issn": "", "pages": "279--293", "other_ids": {}}, "BIBREF87": {"ref_id": "b87", "title": "Single-batch production of recombinant human polyclonal antibodies", "authors": [{"first": "L", "middle": ["S"], "last": "Nielsen", "suffix": ""}], "year": 2010, "venue": "Mol. Biotechnol", "volume": "45", "issn": "", "pages": "257--266", "other_ids": {}}, "BIBREF88": {"ref_id": "b88", "title": "Production of pharmaceutical-grade recombinant aprotinin and a monoclonal antibody product using plant-based transient expression systems", "authors": [{"first": "G", "middle": ["P"], "last": "Pogue", "suffix": ""}], "year": 2010, "venue": "Plant Biotechnol. J", "volume": "8", "issn": "", "pages": "638--654", "other_ids": {}}, "BIBREF89": {"ref_id": "b89", "title": "Antigen-specific human polyclonal antibodies from hyperimmunized cattle", "authors": [{"first": "Y", "middle": [], "last": "Kuroiwa", "suffix": ""}], "year": 2009, "venue": "Nat. Biotechnol", "volume": "27", "issn": "", "pages": "173--181", "other_ids": {}}, "BIBREF90": {"ref_id": "b90", "title": "A single-use purification process for the production of a monoclonal antibody produced in a PER.C6 human cell line", "authors": [{"first": "M", "middle": [], "last": "Kuczewski", "suffix": ""}], "year": 2011, "venue": "Biotechnol. J", "volume": "6", "issn": "", "pages": "56--65", "other_ids": {}}, "BIBREF91": {"ref_id": "b91", "title": "An engineered human antibody fab fragment specific for Pseudomonas aeruginosa PcrV antigen has potent antibacterial activity", "authors": [{"first": "M", "middle": [], "last": "Baer", "suffix": ""}], "year": 2009, "venue": "Infect. Immun", "volume": "77", "issn": "", "pages": "1083--1090", "other_ids": {}}, "BIBREF92": {"ref_id": "b92", "title": "Generation and characterization of a protective monoclonal antibody to Pseudomonas aeruginosa PcrV", "authors": [{"first": "D", "middle": ["W"], "last": "Frank", "suffix": ""}], "year": 2002, "venue": "J. Infect. Dis", "volume": "186", "issn": "", "pages": "64--73", "other_ids": {}}, "BIBREF93": {"ref_id": "b93", "title": "Characterization of a novel protective monoclonal antibody that recognizes an epitope common to Vibrio cholerae Ogawa and Inaba serotypes", "authors": [{"first": "M", "middle": ["N"], "last": "Dharmasena", "suffix": ""}], "year": 2009, "venue": "Microbiology", "volume": "155", "issn": "", "pages": "2353--2364", "other_ids": {}}, "BIBREF94": {"ref_id": "b94", "title": "Human anti-plague monoclonal antibodies protect mice from Yersinia pestis in a bubonic plague model", "authors": [{"first": "X", "middle": [], "last": "Xiao", "suffix": ""}], "year": 2010, "venue": "PLoS One", "volume": "5", "issn": "", "pages": "", "other_ids": {}}, "BIBREF95": {"ref_id": "b95", "title": "Passive protection of purified yolk immunoglobulin administered against Shiga toxin 1 in mouse models", "authors": [{"first": "Q", "middle": [], "last": "Wang", "suffix": ""}], "year": 2010, "venue": "Can. J. Microbiol", "volume": "56", "issn": "", "pages": "1003--1010", "other_ids": {}}, "BIBREF96": {"ref_id": "b96", "title": "Oropharyngeal aspiration of ricin as a lung challenge model for evaluation of the therapeutic index of antibodies against ricin A-chain for post-exposure treatment", "authors": [{"first": "T", "middle": ["S"], "last": "Pratt", "suffix": ""}], "year": 2007, "venue": "Exp. Lung Res", "volume": "33", "issn": "", "pages": "459--481", "other_ids": {}}, "BIBREF97": {"ref_id": "b97", "title": "Raxibacumab for the treatment of inhalational anthrax", "authors": [{"first": "T", "middle": ["S"], "last": "Migone", "suffix": ""}], "year": 2009, "venue": "N. Engl. J. Med", "volume": "361", "issn": "", "pages": "135--144", "other_ids": {}}, "BIBREF98": {"ref_id": "b98", "title": "A high-affinity monoclonal antibody to anthrax protective antigen passively protects rabbits before and after aerosolized Bacillus anthracis spore challenge", "authors": [{"first": "N", "middle": [], "last": "Mohamed", "suffix": ""}], "year": 2005, "venue": "Infect. Immun", "volume": "73", "issn": "", "pages": "795--802", "other_ids": {}}, "BIBREF99": {"ref_id": "b99", "title": "Prophylaxis and therapy of inhalational anthrax by a novel monoclonal antibody to protective antigen that mimics vaccine-induced immunity", "authors": [{"first": "L", "middle": [], "last": "Vitale", "suffix": ""}], "year": 2006, "venue": "Infect. Immun", "volume": "74", "issn": "", "pages": "5840--5847", "other_ids": {}}, "BIBREF100": {"ref_id": "b100", "title": "Protective efficacy of major outer membrane proteinspecific immunoglobulin A (IgA) and IgG monoclonal antibodies in a murine model of Chlamydia trachomatis genital tract infection", "authors": [{"first": "T", "middle": ["W"], "last": "Cotter", "suffix": ""}], "year": 1995, "venue": "Infect. Immun", "volume": "63", "issn": "", "pages": "4704--4714", "other_ids": {}}, "BIBREF101": {"ref_id": "b101", "title": "Investigational heptavalent botulinum antitoxin (HBAT) to replace licensed botulinum antitoxin AB and investigational botulinum antitoxin", "authors": [], "year": 2010, "venue": "Centers for Disease Control and Prevention (CDC)", "volume": "59", "issn": "", "pages": "", "other_ids": {}}, "BIBREF102": {"ref_id": "b102", "title": "Neutralizing human monoclonal antibodies binding multiple serotypes of botulinum neurotoxin", "authors": [{"first": "C", "middle": [], "last": "Garcia-Rodriguez", "suffix": ""}], "year": 2010, "venue": "Protein Eng. Des. Sel", "volume": "13", "issn": "", "pages": "1--11", "other_ids": {}}, "BIBREF103": {"ref_id": "b103", "title": "A meta-analysis of the effect of antibody therapy for the prevention of severe respiratory syncytial virus infection", "authors": [{"first": "S", "middle": ["K"], "last": "Morris", "suffix": ""}], "year": 2009, "venue": "BMC Infect. Dis", "volume": "9", "issn": "", "pages": "", "other_ids": {}}, "BIBREF104": {"ref_id": "b104", "title": "A new product (VariZIG) for postexposure prophylaxis of varicella available under an investigational new drug application expanded access protocol", "authors": [], "year": 2006, "venue": "Centers for Disease Control and Prevention (CDC)", "volume": "55", "issn": "", "pages": "209--210", "other_ids": {}}, "BIBREF105": {"ref_id": "b105", "title": "Vaccinia immune globulin: current policies, preparedness, and product safety and efficacy", "authors": [{"first": "R", "middle": [], "last": "Wittek", "suffix": ""}], "year": 2006, "venue": "Int. J. Infect. Dis", "volume": "10", "issn": "", "pages": "193--201", "other_ids": {}}, "BIBREF106": {"ref_id": "b106", "title": "Neutralization epitopes of the F glycoprotein of respiratory syncytial virus: effect of mutation upon fusion function", "authors": [{"first": "J", "middle": ["A"], "last": "Beeler", "suffix": ""}, {"first": "K", "middle": [], "last": "Van Wyke Coelingh", "suffix": ""}], "year": 2009, "venue": "J. Virol", "volume": "63", "issn": "", "pages": "2941--2950", "other_ids": {}}, "BIBREF107": {"ref_id": "b107", "title": "On a mouse monoclonal antibody that neutralizes all four dengue virus serotypes", "authors": [{"first": "R", "middle": [], "last": "Rajamanonmani", "suffix": ""}], "year": 2009, "venue": "J. Gen. Virol", "volume": "90", "issn": "", "pages": "799--809", "other_ids": {}}, "BIBREF108": {"ref_id": "b108", "title": "The development of therapeutic antibodies that neutralize homologous and heterologous genotypes of dengue virus type 1", "authors": [{"first": "B", "middle": [], "last": "Shrestha", "suffix": ""}], "year": 2010, "venue": "PLoS Pathog", "volume": "6", "issn": "", "pages": "", "other_ids": {}}, "BIBREF109": {"ref_id": "b109", "title": "Broadly neutralizing monoclonal antibodies 2F5 and 4E10, directed against the human immunodeficiency virus type 1 (HIV-1) gp41 membrane proximal external region (MPER), protect against SHIV Ba-L mucosal challenge", "authors": [{"first": "A", "middle": ["J"], "last": "Hessell", "suffix": ""}], "year": 2009, "venue": "J. Virol", "volume": "84", "issn": "", "pages": "1302--1313", "other_ids": {}}, "BIBREF110": {"ref_id": "b110", "title": "Broadly neutralizing human anti-HIV antibody 2G12 is effective in protection against mucosal SHIV challenge even at low serum neutralizing titers", "authors": [{"first": "A", "middle": ["J"], "last": "Hessell", "suffix": ""}], "year": 2009, "venue": "PLoS Pathog", "volume": "5", "issn": "", "pages": "", "other_ids": {}}, "BIBREF111": {"ref_id": "b111", "title": "Effective, low-titer antibody protection against low-dose repeated mucosal SHIV challenge in macaques", "authors": [{"first": "A", "middle": ["J"], "last": "Hessell", "suffix": ""}], "year": 2009, "venue": "Nat. Med", "volume": "15", "issn": "", "pages": "951--956", "other_ids": {}}, "BIBREF112": {"ref_id": "b112", "title": "Epitopes involved in antibody-mediated protection from Ebola virus", "authors": [{"first": "J", "middle": ["A"], "last": "Wilson", "suffix": ""}], "year": 2000, "venue": "Science", "volume": "287", "issn": "", "pages": "1664--1666", "other_ids": {}}, "BIBREF113": {"ref_id": "b113", "title": "Antibody-mediated neutralization of Ebola virus can occur by two distinct mechanisms", "authors": [{"first": "D", "middle": ["J"], "last": "Shedlock", "suffix": ""}], "year": 2010, "venue": "Virology", "volume": "401", "issn": "", "pages": "228--235", "other_ids": {}}, "BIBREF114": {"ref_id": "b114", "title": "Exceptionally potent cross-reactive neutralization of Nipah and Hendra viruses by a human monoclonal antibody", "authors": [{"first": "Z", "middle": [], "last": "Zhu", "suffix": ""}], "year": 2008, "venue": "J. Infect. Dis", "volume": "197", "issn": "", "pages": "846--853", "other_ids": {}}, "BIBREF115": {"ref_id": "b115", "title": "Therapeutic potential of a fully human monoclonal antibody against influenza A virus M2 protein", "authors": [{"first": "R", "middle": [], "last": "Wang", "suffix": ""}], "year": 2008, "venue": "Antiviral Res", "volume": "80", "issn": "", "pages": "168--177", "other_ids": {}}, "BIBREF116": {"ref_id": "b116", "title": "Prophylactic and therapeutic activity of fully human monoclonal antibodies directed against influenza A M2 protein", "authors": [{"first": "R", "middle": ["R"], "last": "Beerli", "suffix": ""}], "year": 2009, "venue": "Virol. J", "volume": "6", "issn": "", "pages": "", "other_ids": {}}, "BIBREF117": {"ref_id": "b117", "title": "The monoclonal antibody against the major diagnostic antigen of Paracoccidioides brasiliensis mediates immune protection in infected BALB/c mice challenged intratracheally with the fungus", "authors": [{"first": "R", "middle": [], "last": "Buissa-Filho", "suffix": ""}], "year": 2008, "venue": "Infect. Immun", "volume": "76", "issn": "", "pages": "3321--3328", "other_ids": {}}, "BIBREF118": {"ref_id": "b118", "title": "Immunoglobulin G monoclonal antibodies to Cryptococcus neoformans protect mice deficient in complement component C3", "authors": [{"first": "S", "middle": [], "last": "Shapiro", "suffix": ""}], "year": 2002, "venue": "Infect. Immun", "volume": "70", "issn": "", "pages": "2598--2604", "other_ids": {}}, "BIBREF119": {"ref_id": "b119", "title": "Monoclonal immunoglobulin G1 directed against Aspergillus fumigatus cell wall glycoprotein protects against experimental murine aspergillosis", "authors": [{"first": "A", "middle": ["K"], "last": "Chaturvedi", "suffix": ""}], "year": 2005, "venue": "Clin. Diagn. Lab. Immunol", "volume": "12", "issn": "", "pages": "1063--1068", "other_ids": {}}, "BIBREF120": {"ref_id": "b120", "title": "Potential of anti-Candida antibodies in immunoprophylaxis", "authors": [{"first": "J", "middle": [], "last": "Cabezas", "suffix": ""}], "year": 2010, "venue": "Immunotherapy", "volume": "2", "issn": "", "pages": "171--183", "other_ids": {}}, "BIBREF121": {"ref_id": "b121", "title": "Passive intranasal monoclonal antibody prophylaxis against murine pneumocystis carinii pneumonia", "authors": [{"first": "F", "middle": [], "last": "Gigliotti", "suffix": ""}], "year": 2009, "venue": "Infect. Immun", "volume": "70", "issn": "", "pages": "1069--1074", "other_ids": {}}, "BIBREF122": {"ref_id": "b122", "title": "Pseudomonas hyperimmune globulin passive immunotherapy for pulmonary exacerbations in cystic fibrosis", "authors": [{"first": "J", "middle": ["E"], "last": "Van Wye", "suffix": ""}], "year": 1990, "venue": "Pediatr. Pulmonol", "volume": "9", "issn": "", "pages": "7--18", "other_ids": {}}, "BIBREF123": {"ref_id": "b123", "title": "Prevention of infection in multiple trauma patients by high-dose intravenous immunoglobulins", "authors": [{"first": "E", "middle": ["E"], "last": "Douzinas", "suffix": ""}], "year": 2000, "venue": "Crit. Care Med", "volume": "28", "issn": "", "pages": "8--15", "other_ids": {}}, "BIBREF124": {"ref_id": "b124", "title": "Synergy between acylureidopenicillins and immunoglobulin G in experimental animals", "authors": [{"first": "A", "middle": [], "last": "Dalhoff", "suffix": ""}], "year": 1984, "venue": "Am. J. Med", "volume": "76", "issn": "", "pages": "91--100", "other_ids": {}}, "BIBREF125": {"ref_id": "b125", "title": "Effect of a human IgG preparation rich in antibodies to a wide range of lipopolysaccharides on gram-negative bacterial sepsis in burned mice", "authors": [{"first": "A", "middle": [], "last": "Fomsgaard", "suffix": ""}, {"first": "I", "middle": ["A"], "last": "Holder", "suffix": ""}], "year": 1993, "venue": "APMIS", "volume": "101", "issn": "", "pages": "229--234", "other_ids": {}}, "BIBREF126": {"ref_id": "b126", "title": "Mode of interaction between immunoglobulin G and mezlocillin against beta-lactamase producing bacteria", "authors": [{"first": "A", "middle": [], "last": "Dalhoff", "suffix": ""}, {"first": "H", "middle": [], "last": "Brunner", "suffix": ""}], "year": 1983, "venue": "Arzneimittelforschung", "volume": "33", "issn": "", "pages": "1666--1671", "other_ids": {}}, "BIBREF127": {"ref_id": "b127", "title": "Antibacterial properties of Pseudomonas aeruginosa immunotype 1 lipopolysaccharide-specific monoclonal antibody (MAb) in a Review murine thigh infection model: combined effects of MAb and ceftazidime", "authors": [{"first": "M", "middle": [], "last": "Akiyama", "suffix": ""}], "year": 2000, "venue": "Microbiol. Immunol", "volume": "44", "issn": "", "pages": "629--635", "other_ids": {}}, "BIBREF128": {"ref_id": "b128", "title": "Locally delivered antibodies combined with systemic antibiotics confer synergistic protection against antibiotic-resistant burn wound infection", "authors": [{"first": "A", "middle": ["G"], "last": "Felts", "suffix": ""}], "year": 2000, "venue": "J. Trauma", "volume": "49", "issn": "", "pages": "873--878", "other_ids": {}}, "BIBREF129": {"ref_id": "b129", "title": "Locally delivered polyclonal antibodies potentiate intravenous antibiotic efficacy against gram-negative infections", "authors": [{"first": "N", "middle": ["A"], "last": "Barekzi", "suffix": ""}], "year": 2000, "venue": "Pharm. Res", "volume": "19", "issn": "", "pages": "1801--1807", "other_ids": {}}, "BIBREF130": {"ref_id": "b130", "title": "Human monoclonal anti-protective antigen antibody completely protects rabbits and is synergistic with ciprofloxacin in protecting mice and guinea pigs against inhalation anthrax", "authors": [{"first": "J", "middle": ["W"], "last": "Peterson", "suffix": ""}], "year": 2006, "venue": "Infect. Immun", "volume": "74", "issn": "", "pages": "1016--1024", "other_ids": {}}, "BIBREF131": {"ref_id": "b131", "title": "Potent antiviral synergy between monoclonal antibody and small-molecule CCR5 inhibitors of human immunodeficiency virus type 1", "authors": [{"first": "J", "middle": ["D"], "last": "Murga", "suffix": ""}], "year": 2006, "venue": "Antimicrob. Agents Chemother", "volume": "50", "issn": "", "pages": "3289--3296", "other_ids": {}}, "BIBREF132": {"ref_id": "b132", "title": "Protective antibody levels and dose requirements for IV 5% Nabi Hepatitis B immune globulin combined with lamivudine in liver transplantation for hepatitis B-induced end stage liver disease", "authors": [{"first": "R", "middle": ["C"], "last": "Dickson", "suffix": ""}], "year": 2006, "venue": "Liver Transpl", "volume": "12", "issn": "", "pages": "124--133", "other_ids": {}}}, "ref_entries": {"FIGREF0": {"text": "Antibody to conserved viral targets and host receptors . . . . . . . . . . . . . . . . . . . . . . . . . . . . . . . . . . . . . . . . . . . . . . . . . . . . 496 Design of mAb cocktails to reduce antigenic escape. . . . . . . . . . . . . . . . . . . . . . . . . . . . . . . . . . . . . . . . . . . . . . . . . . . . . . . 496 Forthcoming developments . . . . . . . . . . . . . . . . . . . . . . . . . . . . . . . . . . . . . . . . . . . . . . . . . . . . . . . . . . . . . . . . . . . . . . . . . . . 498 References. . . . . . . . . . . . . . . . . . . . . . . . . . . . . . . . . . . . . . . . . . . . . . . . . . . . . . . . . . . . . . . . . . . . . . . . . . . . . . . . . . . . . . . . 498", "latex": null, "type": "figure"}, "FIGREF4": {"text": "FIGURE 1", "latex": null, "type": "figure"}, "FIGREF6": {"text": "FIGURE 2", "latex": null, "type": "figure"}, "TABREF0": {"text": "Passive Ab therapies to bacterial agents/toxins", "latex": null, "type": "table"}, "TABREF1": {"text": "Passive Ab therapy to viral agents M -marketed; R -research; C -commercial, under development. a JDB manuscript in preparation.", "latex": null, "type": "table"}, "TABREF3": {"text": "Passive Ab therapy to fungi and yeast", "latex": null, "type": "table"}, "TABREF4": {"text": "Therapeutics antibodies, antibiotics and small molecules", "latex": null, "type": "table"}, "TABREF5": {"text": "Mezlocillin and IVIG for gram negatives E coli and Proteus spp.; Cephalothin or Cephamandole with IVIG for S. aureusYes -IVIG together rendered Cephalothin as effective as oxacillin in beta-lactamase postive S. aureus and made cefamandole immediately bactericidal Yes -for betalactamase + E. coli and Proteus spp. no protection by individual treatments[139] Ps-ivIG is a purified human Ig preparation from pooled plasma with elevated titer to Pseudomonas aeruginosa (pH 4.25, from Cutter Biological). b PA toxin -anthrax protective antigen. c SA-IVIG -is a purified human Ig preparation from plasma donors with elevated titers of anti-ClfA antibody selected from the general donor population (Massachusetts Public Health Biological Laboratories).www.elsevier.com/locate/nbt 497", "latex": null, "type": "table"}}, "back_matter": []}