{"paper_id": "0bd340f4b20f950c462cf4dd1b00b09a4c4c40a4", "metadata": {"title": "Rapid Utilization of Telehealth in a Comprehensive Cancer Center as a Response to COVID-19", "authors": [{"first": "Peter", "middle": ["E"], "last": "Lonergan", "suffix": "", "affiliation": {"laboratory": "", "institution": "University of California", "location": {"settlement": "San Francisco", "country": "California"}}, "email": ""}, {"first": ";", "middle": [], "last": "Samuel", "suffix": "", "affiliation": {}, "email": ""}, {"first": "L", "middle": ["Washington"], "last": "Iii", "suffix": "", "affiliation": {"laboratory": "", "institution": "University of California", "location": {"settlement": "San Francisco", "country": "California"}}, "email": ""}, {"first": "Linda", "middle": [], "last": "Branagan", "suffix": "", "affiliation": {"laboratory": "", "institution": "University of California", "location": {"settlement": "San Francisco", "region": "California"}}, "email": ""}, {"first": "Nathaniel", "middle": [], "last": "Gleason", "suffix": "", "affiliation": {"laboratory": "", "institution": "University of California", "location": {"addrLine": "San Francisco", "region": "California"}}, "email": ""}, {"first": "Raj", "middle": ["S"], "last": "Pruthi", "suffix": "", "affiliation": {"laboratory": "", "institution": "University of California", "location": {"settlement": "San Francisco", "country": "California"}}, "email": ""}, {"first": "Peter", "middle": ["R"], "last": "Carroll", "suffix": "", "affiliation": {"laboratory": "", "institution": "University of California", "location": {"settlement": "San Francisco", "country": "California"}}, "email": ""}, {"first": ";", "middle": [], "last": "Anobel", "suffix": "", "affiliation": {}, "email": ""}, {"first": "Y", "middle": [], "last": "Odisho", "suffix": "", "affiliation": {"laboratory": "", "institution": "University of California", "location": {"settlement": "San Francisco", "country": "California"}}, "email": ""}, {"first": "Anobel", "middle": ["Y"], "last": "Odisho", "suffix": "", "affiliation": {}, "email": "anobel.odisho@ucsf.edu"}]}, "abstract": [{"text": "The emergence of the coronavirus disease 2019 in March 2020 created unprecedented challenges in the provision of scheduled ambulatory cancer care. As a result, there has been a renewed focus on video consultations as a means to continue ambulatory care.", "cite_spans": [], "ref_spans": [], "section": "Abstract"}, {"text": "Objective: To characterize the increase in video visits at the University of California, San Francisco Comprehensive Cancer Center in response to COVID-19 and compare demographics/appointment data from January 1, 2020 and in the 3 weeks after transition to video visits.", "cite_spans": [], "ref_spans": [], "section": "Abstract"}, {"text": "were abstracted from the Electronic Health Record reporting database. Video visits were performed using a HIPAA-compliant video conferencing platform with a preexisting workflow.", "cite_spans": [], "ref_spans": [], "section": "Abstract"}, {"text": "In 17 departments and divisions at the Cancer Center, 2,284 video visits were performed in the pre-COVID-19 period (average 208 \u00b1 75 per week) and 3,015 performed in the 3-week post-COVID-19 period (average 1,005 \u00b1 149 per week). The proportion of video visits increased from 7-18% to 54-68%, between the pre-and post-COVID-19 periods without any disparity based on race/ethnicity, primary language, or insurance Conclusions: In a remarkably brief period of time, we rapidly scaled the utilization of telehealth in response to COVID-19 and maintained access to complex oncologic care at a time of social distancing. All rights reserved. No reuse allowed without permission.", "cite_spans": [], "ref_spans": [], "section": "Abstract"}], "body_text": [{"text": "The emergence of the coronavirus disease 2019 (COVID-19) pandemic in March 2020 created unprecedented challenges in the provision of scheduled healthcare and, in particular, ambulatory cancer care. The rapid spread of COVID-19 has renewed focus on telehealth 1 , including video consultations 2 , as a means of continuing ambulatory care without increasing the risk of potential exposure for patients, clinicians, and staff.", "cite_spans": [], "ref_spans": [], "section": "Introduction"}, {"text": "Program in 2015 and offers video visits in all practices. In response to the evolving pandemic, leadership challenged the organization to transition all in-person clinic visits, beginning March 15, 2020, to video visits with exceptions only for specific, urgent cases.", "cite_spans": [], "ref_spans": [], "section": "The University of California, San Francisco (UCSF) Health established a Telehealth"}, {"text": "Here we report initial data on the rapid expansion and utilization of telehealth throughout a Comprehensive Cancer Center in response to the COVID-19 pandemic.", "cite_spans": [], "ref_spans": [], "section": "The University of California, San Francisco (UCSF) Health established a Telehealth"}, {"text": "Demographics and appointment data (dates, visit types, and departments) were abstracted from the Electronic Health Record reporting database. The pre-COVID-19 period was defined as January 1 to March 14, 2020, prior to the transition, and the post-COVID-19 period as the three weeks following the transition. All video visits were (which was not certified by peer review) is the author/funder, who has granted medRxiv a license to display the preprint in perpetuity. ", "cite_spans": [], "ref_spans": [], "section": "Methods"}, {"text": "Across 17 departments and divisions at the Cancer Center, 2,284 video visits were performed in the pre-COVID-19 period (average 208 \u00b1 75 per week) and 3,015 performed in the post-COVID-19 period (average 1,005 \u00b1 149 per week) ( Table 1 and Supplementary Figure 2 ). Figure 1 shows the weekly proportion of video, in-person clinic, procedure, and phone visits since January 1, 2020. The proportion of video visits increased from 7-18% to 54-68%, between the pre-and post-COVID-19 periods.", "cite_spans": [], "ref_spans": [{"start": 228, "end": 235, "text": "Table 1", "ref_id": null}, {"start": 254, "end": 262, "text": "Figure 2", "ref_id": null}, {"start": 266, "end": 274, "text": "Figure 1", "ref_id": "FIGREF1"}], "section": "Results"}, {"text": "Post COVID-19, first clinic encounter (24.9% vs 18.3%; p <0.001), first video visit (62.2% vs 46.2%; p <0.001), and MD-provided visits (82.9% vs 67.3%; p <0.001) increased without any disparity based on race/ethnicity, primary language, or insurance (Table 1) . Increased post COVID-19 utilization was noted for patients in urban areas (93.2% vs 88.7%; p<0.001).", "cite_spans": [], "ref_spans": [{"start": 250, "end": 259, "text": "(Table 1)", "ref_id": null}], "section": "Results"}, {"text": "We demonstrate a rapid expansion (from <20% to 68%) in telehealth use in a Comprehensive Cancer Center over a remarkably brief time period in response to COVID-19 without differences by race or insurance. Medicare telehealth visits have increased by more than 25% annually for the past decade 3 , yet absolute adoption numbers remain low and fragmented with concerns about potentiating disparities in healthcare access 4 . All rights reserved. No reuse allowed without permission.", "cite_spans": [], "ref_spans": [], "section": "Discussion"}, {"text": "(which was not certified by peer review) is the author/funder, who has granted medRxiv a license to display the preprint in perpetuity.", "cite_spans": [], "ref_spans": [], "section": "Discussion"}, {"text": "The copyright holder for this preprint this version posted April 15, 2020. Pandemics pose unique challenges to healthcare delivery. Here we report our experience in rapidly scaling the utilization of telehealth in response to COVID-19 and maintaining access to complex oncologic care at a time of social distancing. In many health systems, there will undoubtedly be many lessons learned from this \"natural experiment\", which has the potential to permanently change care delivery patterns. All rights reserved. No reuse allowed without permission.", "cite_spans": [], "ref_spans": [], "section": "Discussion"}, {"text": "(which was not certified by peer review) is the author/funder, who has granted medRxiv a license to display the preprint in perpetuity. Abbreviations: IQR, interquartile range All rights reserved. No reuse allowed without permission.", "cite_spans": [], "ref_spans": [], "section": "Discussion"}, {"text": "(which was not certified by peer review) is the author/funder, who has granted medRxiv a license to display the preprint in perpetuity. All rights reserved. No reuse allowed without permission.", "cite_spans": [], "ref_spans": [], "section": "Discussion"}, {"text": "(which was not certified by peer review) is the author/funder, who has granted medRxiv a license to display the preprint in perpetuity.", "cite_spans": [], "ref_spans": [], "section": "Discussion"}, {"text": "The copyright holder for this preprint this version posted April 15, 2020. . https://doi.org/10.1101/2020.04.10.20061259 doi: medRxiv preprint", "cite_spans": [], "ref_spans": [], "section": "Discussion"}], "bib_entries": {"BIBREF0": {"ref_id": "b0", "title": "Virtually Perfect? Telemedicine for Covid-19", "authors": [{"first": "J", "middle": ["E"], "last": "Hollander", "suffix": ""}, {"first": "B", "middle": ["G"], "last": "Carr", "suffix": ""}], "year": 2020, "venue": "N Engl J Med", "volume": "", "issn": "", "pages": "", "other_ids": {"DOI": ["10.1056/NEJMp2003539"]}}, "BIBREF3": {"ref_id": "b3", "title": "Utilization of Telemedicine Among Rural Medicare Beneficiaries", "authors": [{"first": "A", "middle": [], "last": "Mehrotra", "suffix": ""}, {"first": "A", "middle": ["B"], "last": "Jena", "suffix": ""}, {"first": "A", "middle": ["B"], "last": "Busch", "suffix": ""}, {"first": "J", "middle": [], "last": "Souza", "suffix": ""}, {"first": "L", "middle": [], "last": "Uscher-Pines", "suffix": ""}, {"first": "Landon", "middle": [], "last": "Be", "suffix": ""}], "year": 2016, "venue": "JAMA", "volume": "315", "issn": "18", "pages": "2015--2016", "other_ids": {}}, "BIBREF4": {"ref_id": "b4", "title": "Association Between Broadband Internet Availability and Telemedicine Use", "authors": [{"first": "A", "middle": ["D"], "last": "Wilcock", "suffix": ""}, {"first": "S", "middle": [], "last": "Rose", "suffix": ""}, {"first": "A", "middle": ["B"], "last": "Busch", "suffix": ""}], "year": 2019, "venue": "JAMA Intern Med", "volume": "", "issn": "", "pages": "", "other_ids": {"DOI": ["10.1001/jamainternmed.2019.2234"]}}, "BIBREF5": {"ref_id": "b5", "title": "Medicare Telemedicine Health Care Provider Fact Sheet", "authors": [], "year": null, "venue": "", "volume": "", "issn": "", "pages": "", "other_ids": {}}, "BIBREF6": {"ref_id": "b6", "title": "COVID-19 Emergency Declaration Health Care Providers Fact Sheet", "authors": [], "year": null, "venue": "", "volume": "", "issn": "", "pages": "", "other_ids": {}}}, "ref_entries": {"FIGREF0": {"text": "performed using a HIPAA-compliant video conferencing platform (Zoom Video Communications Inc, San Jose, CA) with a pre-existing workflow (Supplementary", "latex": null, "type": "figure"}, "FIGREF1": {"text": "Figure 1).", "latex": null, "type": "figure"}, "FIGREF2": {"text": "have likely enabled the rapid expansion of video visits at our institution. First, we had an established telehealth structure and workflow familiar to providers and practice staff. Second, UCSF made a strategic decision to provide Relative Value Unit (RVU) credit to providers for telehealth visits since 2015, irrespective of payer reimbursement. Third, new regulatory changes at federal and state level as a response to COVID-19 have reduced barriers, including the ability to see new patients (including Medicare beneficiaries) without a prior in-person visit to establish care and reimbursement for telehealth encounters by the Centers for Medicare & Medicaid Services (CMS) at parity with in-person visits beginning March 17, 2020 5 . Finally, CMSnow permits providers licensed in any state to provide telehealth services across the country6 . Limitations of this study include a lack of qualitative and outcomes data, although outside the scope of this analysis.", "latex": null, "type": "figure"}, "FIGREF3": {"text": "Relative weekly trends in clinic encounters, stratified by visit type. The proportion of in-person visits, procedural visits, video visits and phone visits from the weeks beginning December 30, 2019 to March 30, 2020 with March 16, 2020 denoting the institution-wide transition to video visits in response to COVID-19.", "latex": null, "type": "figure"}, "TABREF1": {"text": "Table 1. Demographics of patients who had video visits pre-and post-COVID-19", "latex": null, "type": "table"}, "TABREF2": {"text": "The copyright holder for this preprint this version posted April 15, 2020. . https://doi.org/10.1101/2020.04.10.20061259 doi: medRxiv preprint", "latex": null, "type": "table"}}, "back_matter": []}