{"paper_id": "0c04a2b5c4c91d76c26736dd05ce6fc6385cc167", "metadata": {"title": "LILRA3 Binds Both Classical and Non-Classical HLA Class I Molecules but with Reduced Affinities Compared to LILRB1/LILRB2: Structural Evidence", "authors": [{"first": "Myongchol", "middle": [], "last": "Ryu", "suffix": "", "affiliation": {"laboratory": "CAS Key Laboratory of Pathogenic Microbiology and Immunology", "institution": "Chinese Academy of Sciences", "location": {"settlement": "Beijing", "country": "China"}}, "email": ""}, {"first": "Yong", "middle": [], "last": "Chen", "suffix": "", "affiliation": {"laboratory": "CAS Key Laboratory of Pathogenic Microbiology and Immunology", "institution": "Chinese Academy of Sciences", "location": {"settlement": "Beijing", "country": "China"}}, "email": ""}, {"first": "Jianxun", "middle": [], "last": "Qi", "suffix": "", "affiliation": {"laboratory": "CAS Key Laboratory of Pathogenic Microbiology and Immunology", "institution": "Chinese Academy of Sciences", "location": {"settlement": "Beijing", "country": "China"}}, "email": ""}, {"first": "Jun", "middle": [], "last": "Liu", "suffix": "", "affiliation": {"laboratory": "CAS Key Laboratory of Pathogenic Microbiology and Immunology", "institution": "Chinese Academy of Sciences", "location": {"settlement": "Beijing", "country": "China"}}, "email": ""}, {"first": "Zheng", "middle": [], "last": "Fan", "suffix": "", "affiliation": {"laboratory": "CAS Key Laboratory of Pathogenic Microbiology and Immunology", "institution": "Chinese Academy of Sciences", "location": {"settlement": "Beijing", "country": "China"}}, "email": ""}, {"first": "Gol", "middle": [], "last": "Nam", "suffix": "", "affiliation": {"laboratory": "CAS Key Laboratory of Pathogenic Microbiology and Immunology", "institution": "Chinese Academy of Sciences", "location": {"settlement": "Beijing", "country": "China"}}, "email": ""}, {"first": "Yi", "middle": [], "last": "Shi", "suffix": "", "affiliation": {"laboratory": "CAS Key Laboratory of Pathogenic Microbiology and Immunology", "institution": "Chinese Academy of Sciences", "location": {"settlement": "Beijing", "country": "China"}}, "email": ""}, {"first": "Hao", "middle": [], "last": "Cheng", "suffix": "", "affiliation": {"laboratory": "CAS Key Laboratory of Pathogenic Microbiology and Immunology", "institution": "Chinese Academy of Sciences", "location": {"settlement": "Beijing", "country": "China"}}, "email": ""}, {"first": "George", "middle": ["F"], "last": "Gao", "suffix": "", "affiliation": {"laboratory": "CAS Key Laboratory of Pathogenic Microbiology and Immunology", "institution": "Chinese Academy of Sciences", "location": {"settlement": "Beijing", "country": "China"}}, "email": "gaof@im.ac.cn"}]}, "abstract": [{"text": "Structurally, Group 1 LILR (Leukocyte Immunogloblin (Ig)-Like Receptor, also known as Ig-like transcripts, ILT; Leukocyte Iglike receptor, LIR; and CD85) members are very similar in terms of the HLAIs (human leukocyte antigen class I molecules) binding region and were hypothesized that they all bind to HLAIs. As one of the Group 1 LILRs, LILRA3 is the only secretory LILR and may greatly control the inhibitory immune response induced by LILRB1, LILRB2, and other HLA-binding LILR molecules like LILRA1. Nevertheless, little was known about the binding of LILRA3 to HLAIs. In this report, we present the crystal structure of the LILRA3 domain 1 (D1) and evaluate the D1 and D1D2 (domain 1 and domain 2) binding to classical and non-classical HLAIs using BIAcoreH surface plasmon resonance analysis (SPR). We found that LILRA3 binds both classical HLA-A*0201 and non-classical HLA-G1 but with reduced affinities compared to either LILRB1 or LILRB2. The polymorphic amino acids and the LILRA3 D1 structure support this notion. Citation: Ryu M, Chen Y, Qi J, Liu J, Fan Z, et al. (2011) LILRA3 Binds Both Classical and Non-Classical HLA Class I Molecules but with Reduced Affinities Compared to LILRB1/LILRB2: Structural Evidence. PLoS ONE 6(4): e19245.", "cite_spans": [], "ref_spans": [], "section": "Abstract"}], "body_text": [{"text": "Immune cells express activating and inhibitory receptors on their surfaces to allow an adequate immune response. The corresponding ligands binding to activating or inhibitory receptors induce and modulate innate and adaptive immunity [1, 2] . Human chromosome 19q13.4 contains important immune cell receptor genes [3] , such as killer cell inhibitory receptors (KIRs), leukocyte immunoglobulin (Ig)-like receptors (LILRs), leukocyte associated Ig-like receptors (LAIRs) and the Fca receptor (FcaR).", "cite_spans": [{"start": 234, "end": 237, "text": "[1,", "ref_id": "BIBREF0"}, {"start": 238, "end": 240, "text": "2]", "ref_id": "BIBREF1"}, {"start": 314, "end": 317, "text": "[3]", "ref_id": "BIBREF2"}], "ref_spans": [], "section": "Introduction"}, {"text": "LILRs [4, 5, 6] are also called Ig-like transcript (ILT) or leukocyte Ig-like receptor (LIR) or CD85 and are closely related to KIRs but expressed on the surface of a more broad range of cells (i.e., on lymphoid and/or myeloid cells). There are 13 members (two of them are believed to be pseudogenes) of either activating or inhibitory receptors in the LILR family [7] . LILR family members contain either two or four C2-type Ig-like domains in their extracellular portions (D1, D2, D3, and D4). With the exception of LILRA3, activating receptors (LILRA1-A6) contain a short cytoplasmic tail after the transmembrane domain. They lack any signaling motif but recruit the c-chain of FceRI through a charged arginine residue in the transmembrane domain and deliver an activating signal through the c-chain cytoplasmic immunoreceptor tyrosine-based activating motif (ITAM). In contrast, inhibitory receptors (LILRB1-B5) have a long cytoplas-mic tail containing immunoreceptor tyrosine-based inhibitory motif (ITIM) and transduce an inhibitory signal. LILRA3 is the only secreted soluble LILR lacking the transmembrane and cytoplasmic domains [8, 9] .", "cite_spans": [{"start": 6, "end": 9, "text": "[4,", "ref_id": "BIBREF3"}, {"start": 10, "end": 12, "text": "5,", "ref_id": "BIBREF4"}, {"start": 13, "end": 15, "text": "6]", "ref_id": "BIBREF5"}, {"start": 365, "end": 368, "text": "[7]", "ref_id": "BIBREF6"}, {"start": 1138, "end": 1141, "text": "[8,", "ref_id": "BIBREF7"}, {"start": 1142, "end": 1144, "text": "9]", "ref_id": "BIBREF8"}], "ref_spans": [], "section": "Introduction"}, {"text": "It was suggested [10] that LILRs can be categorized into 2 groups according to the amino acid sequence similarity of the region responsible for binding to human leukocyte antigen (HLA). As opposed to Group 2 LILRs, Group 1 members display high sequence similarity and are predicted to bind to HLA class I molecules (HLAIs) [11, 12, 13] . Among the 13 LILRs, LILRB1, B2, A1, A2, and A3 belong to Group 1. It is well known that LILRB1 and LILRB2 bind to a broad range of classical and non-classical HLAIs [13, 14, 15] and major histocompatibility complex (MHC) class I-like molecules, such as UL18 [16] . Furthermore, LILRA1 binding to HLA-B27 has been reported [17] , but a LILRA2 domain-swapped dimer structure [18] is unable to bind any HLAIs. However, among the Group 1 members, only LILRA3 has not been examined in detail concerning HLAI binding.", "cite_spans": [{"start": 17, "end": 21, "text": "[10]", "ref_id": "BIBREF9"}, {"start": 323, "end": 327, "text": "[11,", "ref_id": "BIBREF10"}, {"start": 328, "end": 331, "text": "12,", "ref_id": "BIBREF11"}, {"start": 332, "end": 335, "text": "13]", "ref_id": "BIBREF12"}, {"start": 503, "end": 507, "text": "[13,", "ref_id": "BIBREF12"}, {"start": 508, "end": 511, "text": "14,", "ref_id": "BIBREF13"}, {"start": 512, "end": 515, "text": "15]", "ref_id": "BIBREF14"}, {"start": 596, "end": 600, "text": "[16]", "ref_id": "BIBREF15"}, {"start": 660, "end": 664, "text": "[17]", "ref_id": "BIBREF16"}, {"start": 711, "end": 715, "text": "[18]", "ref_id": "BIBREF17"}], "ref_spans": [], "section": "Introduction"}, {"text": "It was previously proposed [18, 19] that the crucial residues that govern binding of Group 1 LILRs to HLAIs are Lys42 and Lys43 (KK), Ile47 and Thr48 (IT), and Leu54 and Val55 (LV) in the D1 domain, and that the hydrophobic 3 10 helices formed by these residues appropriately orient the key residues for HLA binding. Both LILRB1 and LILRB2 of Group 1 LILRs have these crucial residues in the D1 domain and truly bind to at least 3 alleles of classical and non-classical HLAIs [20] . Meanwhile, LILRA2 [18] as Group 1 LILRs, and LILRB4 [21] and LILRA5 [22] as Group 2 LILRs have no these residues in the D1 domain. Indeed, there is no so called ''hydrophobic core'' by strands-helices transition in the D1 domain of these LILRs. In contrast, LILRA1 and LILRA3 have the above-mentioned conditions for binding to HLAIs (Fig. 1) . However, the structure and evaluation of LILRA3 binding to HLAIs are required to confirm this hypothesis. Further, LILRA3 is the only non-membrane-bound LILR, and its function was predicted to be antagonistic with HLA-binding Group 1 LILRs [23] . Recently, LILRA3 is implicated in the possible pathogenesis of Psoriasis [24] , multiple sclerosis [25] , Sjogren's syndrome [26] and rheumatoid arthritis [27] , indicating its potential significant functions in autoimmune diseases. Thus, from both the structural and functional points of view, it would be interesting to determine if LILRA3 interacts with HLAIs. Though two domains (D1 and D2) take part in the interaction between LILR and HLAIs, previous studies [28, 29] and the co-crystal structures of HLA-A*0201 with LILRB1 [10] and HLA-G1 with LILRB2 [30] indicate that the main contacts (nearly 75% of them) are contributed by the first domain, D1.", "cite_spans": [{"start": 27, "end": 31, "text": "[18,", "ref_id": "BIBREF17"}, {"start": 32, "end": 35, "text": "19]", "ref_id": "BIBREF18"}, {"start": 226, "end": 228, "text": "10", "ref_id": "BIBREF9"}, {"start": 476, "end": 480, "text": "[20]", "ref_id": "BIBREF19"}, {"start": 501, "end": 505, "text": "[18]", "ref_id": "BIBREF17"}, {"start": 535, "end": 539, "text": "[21]", "ref_id": "BIBREF20"}, {"start": 551, "end": 555, "text": "[22]", "ref_id": "BIBREF21"}, {"start": 1067, "end": 1071, "text": "[23]", "ref_id": "BIBREF22"}, {"start": 1147, "end": 1151, "text": "[24]", "ref_id": "BIBREF23"}, {"start": 1173, "end": 1177, "text": "[25]", "ref_id": "BIBREF24"}, {"start": 1199, "end": 1203, "text": "[26]", "ref_id": "BIBREF25"}, {"start": 1229, "end": 1233, "text": "[27]", "ref_id": "BIBREF26"}, {"start": 1539, "end": 1543, "text": "[28,", "ref_id": "BIBREF27"}, {"start": 1544, "end": 1547, "text": "29]", "ref_id": "BIBREF28"}, {"start": 1604, "end": 1608, "text": "[10]", "ref_id": "BIBREF9"}, {"start": 1632, "end": 1636, "text": "[30]", "ref_id": "BIBREF29"}], "ref_spans": [{"start": 816, "end": 824, "text": "(Fig. 1)", "ref_id": "FIGREF0"}], "section": "Introduction"}, {"text": "Here, we report the binding properties of the LILRA3 D1 and D1D2 domains to HLAIs (classical HLA-A*0201 and non-classical HLA-G1) as analyzed by BIAcoreH surface plasmon resonance (SPR) analysis, as well as the crystal structure of the LILRA3 D1 domain. We found that LILRA3 binds both classical and nonclassical HLAIs as predicted, but with reduced affinities relative to LILRB1/B2. Further, the LILRA3 D1 crystal structure clearly displays conformational changes in the residues responsible for the binding of Group 1 LILRs to HLAIs, which greatly affects the binding affinity to HLAIs. LILRA3 is a soluble protein, the only secreted member of the  LILR family, and contains four Ig-like domains (D1, D2, D3, and  D4 ). The full-length sequence encoding LILRA3 was cloned from a human lymphocyte cDNA library (Strata Gene), and the fragments encoding the LILRA3 D1 or D1D2 regions were cloned from the full-length LILRA3 gene. Based on the previous observation that the first two domains (D1 and D2) of Group 1 LILRs are responsible for binding to HLAIs and to determine if LILRA3 interacts with HLAIs, the first or first and second Nterminal domains of LILRA3 (D1, residues 1-97; and D1D2, residues 1-197, respectively) were expressed in Escherichia coli ( Fig. 2A and 2B) , followed by purification from inclusion bodies, and renaturation via dilution refolding method. Size-exclusion of the refolded materials and SDS-PAGE analysis (Fig. 2C ) indicated the correct molecular weight of the single and double Ig-domains [31] . Similarly, far UV circular dichroism (CD) spectra indicated that each sample was mainly comprised of bsheet secondary structure (data not shown). Thus, the two proteins, LILRA3 D1 and D1D2, were successfully refolded, purified with high purity, and used to evaluate the binding of LILRA3 to HLAIs.", "cite_spans": [{"start": 1523, "end": 1527, "text": "[31]", "ref_id": "BIBREF30"}], "ref_spans": [{"start": 589, "end": 718, "text": "LILRA3 is a soluble protein, the only secreted member of the  LILR family, and contains four Ig-like domains (D1, D2, D3, and  D4", "ref_id": "TABREF0"}, {"start": 1260, "end": 1275, "text": "Fig. 2A and 2B)", "ref_id": "FIGREF1"}, {"start": 1437, "end": 1445, "text": "(Fig. 2C", "ref_id": "FIGREF1"}], "section": "Introduction"}, {"text": "We used SPR to compare LILRA3 D1 and D1D2 with LILRB2 for the binding to HLA-A*0201 and HLA-G1. It was previously reported [20, 32] that LILRB2 binds a broad range of classical HLAIs (HLA-A*1101, -B*3501, -C*0401, and -Cw*0702) with affinities (K d ) ranging from ,14 to ,45 mM and also binds a nonclassical HLA (HLA-G1) with a higher affinity (K d <5 mM). First, we evaluated the binding affinity of LILRB2 to HLA-A*0201 and HLA-G1. LILRB2 D1D2 was injected over the CM5 sensor surface on which HLAIs were immobilized using standard amine coupling chemistry. As shown in Figure 3A and 3B, the affinity constants of LILRB2 D1D2 binding to HLA-A*0201 and HLA-G1 were 9.74 and 5.62 mM, respectively, the latter being similar to the previously reported HLA-G1 value [20, 32] . Using the same conditions, LILRA3 D1 and D1D2 were injected over the CM5 sensor surface on which HLAIs were immobilized, and the results are shown in Figure 3C -3F. Both LILRA3 D1 and D1D2 bound to HLA-A*0201 and HLA-G1 with affinities in the range of 20-40 mM. Previous research evaluating the direct binding of LILRs to HLAIs [20] demonstrates that Group 1 LILRs bind with a higher affinity to non-classical than classical HLAIs. Our experiment reconfirmed this trend. For HLA-G1, LILRA3 D1D2 showed a reduced binding affinity (K d = 14.6 mM) than LILRB2 D1D2 (K d = 5.62 mM), and for HLA-A*0201, it showed a further reduced binding affinity (K d = 28.5 mM) similar to that of LILRA3 D1 binding to HLA-G1 (K d = 26.8 mM). Meanwhile, LILRA3 D1 displayed much lower binding affinity to HLA-A*0201 (K d = 40.1 mM) but still reached the binding affinity range of CD8 (,100 mM).", "cite_spans": [{"start": 123, "end": 127, "text": "[20,", "ref_id": "BIBREF19"}, {"start": 128, "end": 131, "text": "32]", "ref_id": "BIBREF31"}, {"start": 763, "end": 767, "text": "[20,", "ref_id": "BIBREF19"}, {"start": 768, "end": 771, "text": "32]", "ref_id": "BIBREF31"}, {"start": 1102, "end": 1106, "text": "[20]", "ref_id": "BIBREF19"}], "ref_spans": [{"start": 572, "end": 581, "text": "Figure 3A", "ref_id": "FIGREF2"}, {"start": 924, "end": 933, "text": "Figure 3C", "ref_id": "FIGREF2"}], "section": "Soluble protein characterization and BIAcoreH binding"}, {"text": "To rationalize the structural basis for the binding of LILRA3 to HLAIs, we attempted to characterize the structure of LILRA3 in the HLA-binding region. However, despite using identical refolding and purification procedures, all efforts failed to yield any diffractive crystals of LILRA3 D1D2, and thus, only LILRA3 D1 could be crystallized.", "cite_spans": [], "ref_spans": [], "section": "Soluble protein characterization and BIAcoreH binding"}, {"text": "The overall structure of the LILRA3 D1 domain has characteristics consistent with Ig-like domain structures and also displays properties unique to the LILR family (Fig. 4A ). The structure is primarily composed of b strands arranged into two anti-parallel b sheets, with one b sheet containing three anti-parallel b strands (A, B and E) and the other containing four antiparallel b strands (C, F, G and A9) [18] . Like the crystal structure of LILRB1 D1D2 [28] and B2 D1D2 [33] , the D1 structure of LILRA3 also has a pocket-type hydrophobic core surrounded by the C and E strands and two 3 10 helices between the two strands ( Fig. 4A) .", "cite_spans": [{"start": 407, "end": 411, "text": "[18]", "ref_id": "BIBREF17"}, {"start": 456, "end": 460, "text": "[28]", "ref_id": "BIBREF27"}, {"start": 473, "end": 477, "text": "[33]", "ref_id": "BIBREF32"}], "ref_spans": [{"start": 163, "end": 171, "text": "(Fig. 4A", "ref_id": "FIGREF3"}, {"start": 628, "end": 636, "text": "Fig. 4A)", "ref_id": "FIGREF3"}], "section": "Crystal structure of the LILRA3 D1 domain"}, {"text": "Most of the hydrophobic residues on the strands and the 3 10 helices face toward the interior of this hydrophobic core, which causes the hydrophilic residues on the adjacent loop region to protrude outside of the core. This hydrophobic core not only contains some important residues for direct binding to HLAIs but also pushes the adjacent hydrophilic residues (e.g., Tyr38, Glu40, Lys41, Lys42 and Glu68) to assume a proper conformation for its binding to HLAIs, unlike the residues of Group 2 members and LILRA2, where the two 3 10 helices between the C and E strands cannot be seen by helix-strand transitions (Fig. 4B) . Thus, via the crystal structure of LILRA3 D1, we demonstrated that LILRA3 D1, like LILRB1 and B2, contains a hydrophobic core (as previously predicted [18] ) and is able to interact with HLAIs. There is also a disulfide bond between cysteine residues 26 and 75, which clearly indicates that of the two neighboring cysteines (Cys74 and Cys75) in LILRA3 D1, Cys75 provides the correct conformation for native structure through its disulfide bond between the B and F strands. LILRA3 D1 has a high level (.80%) of amino acid sequence identity with LILRB1 and B2. Figure 4C and 4D show the superimposed D1 structures between LILRA3 and LILRB1/B2. In these overlays, LILRA3 D1 is more similar to LILRB1 (RMSD = 0.348 for 1G0X, 0.336 for 1UFU) than LILRB2 (RMSD = 0.857 for 2GW5). There are some differences around the 78-83 loop region between LILRA3 D1 and LILRB1 D1 (Fig. 4C) and differences around the 29-33 and 77-83 loop regions between LILRA3 D1 and LILRB2 D1 (Fig. 4D) . Though the loop regions display some differences between LILRA3 and LILRB1/B2, the amino acids in these regions do not participate in binding to HLAIs. Therefore, the differences in these regions may not affect the binding of LILRA3 to HLAIs.", "cite_spans": [{"start": 776, "end": 780, "text": "[18]", "ref_id": "BIBREF17"}], "ref_spans": [{"start": 613, "end": 622, "text": "(Fig. 4B)", "ref_id": "FIGREF3"}, {"start": 1184, "end": 1193, "text": "Figure 4C", "ref_id": "FIGREF3"}, {"start": 1487, "end": 1496, "text": "(Fig. 4C)", "ref_id": "FIGREF3"}, {"start": 1585, "end": 1594, "text": "(Fig. 4D)", "ref_id": "FIGREF3"}], "section": "Crystal structure of the LILRA3 D1 domain"}, {"text": "Previous studies using cytolysis or immuno-staining have not detected any significant binding of LILRA3 to HLAIs [13, 23] , but our study using BIAcoreH SPR demonstrated that LILRA3 binds both classical HLAI (HLA-A*0201) and non-classical HLAI (HLA-G1) with reduced binding affinity compared to LILRB1/ HLA-A*0201 and LILRB2/HLA-G1 binding. Figure 5 shows the superposition of LILRA3 D1 with LILRB1/HLA-A*0201 (5A) and LILRB2/HLA-G1 (5B). Because the hydrophobic core composed of the C and E strands and the two 3 10 helices between the strands provide the necessary conformation of the residues to interact with HLAIs, the important hydrophobic and polar interactions in these regions of LILRB1/HLA-A*0201 and LILRB2/HLA-G1 are conserved ( Fig. 5A and 5B ). LILRA3 Tyr38 forms hydrophobic interaction with the hydrophobic residues of the A-B loop of the a3 domain of HLA-A*0201 (Val194, Ser195, and Asp196) and the B strand of the a3 domain of HLA-G1 (Tyr197 and Glu198). Further, there may be a pcation interaction between Lys91 of the b2m of HLA-A*0201 and Trp67 of LILRA3 D1, as seen with LILRB2 D1. The NH 3 + of Lys91 in the b2m of HLA-A*0201 deeply intrudes into the aromatic ring of LILRA3 D1 Trp67, thereby strengthening the interaction between the two residues. As the distance between the Trp67 of LILRA3 D1 and the G strand of the HLA-A*0201 b2m becomes more intimate, Trp67 forms hydrophobic interactions with the hydrophobic residues (Ile92 and Val93) on the G strand of b2m. In the superimposed structure of LILRA3 and LILRB2/ HLA-G1, the hydrophobic interactions of LILRB2 Ser43 with the residues (Val194 and Val248) of the a3 domain of HLA-G1 are also conserved as LILRA3 D1 Thr43 interacting with the same residues. Commonly existing interactions in both LILRB1/HLA-A*0201 and LILRB2/HLA-G1, such as the Gly97 (LILRB1/B2)-Ser88 (b2m of HLA-A*0201/G1) interaction (hydrogen bond) and Gln18 (LILRB1/B2)-Gln89 (b2m of HLA-A*0201/G1) interaction (hydrogen bond), are also conserved in the interaction between LILRA3 D1 and HLA-A*0201/G1. Thus, the crystal structure of LILRA3 D1 clearly indicates that LILRA3 would bind to both HLA-A*0201 and HLA-G1.", "cite_spans": [{"start": 113, "end": 117, "text": "[13,", "ref_id": "BIBREF12"}, {"start": 118, "end": 121, "text": "23]", "ref_id": "BIBREF22"}], "ref_spans": [{"start": 341, "end": 349, "text": "Figure 5", "ref_id": "FIGREF4"}, {"start": 741, "end": 755, "text": "Fig. 5A and 5B", "ref_id": "FIGREF4"}], "section": "Structural basis for the interaction of LILRA3 with classical and non-classical HLAIs"}, {"text": "Meanwhile, structural explanations exist for the reduced binding affinity of LILRA3 for HLA-A*0201. Some polar interactions may not exist in the LILRA3 D1/HLA-A*0201 complex (Fig. 5A ) because the amino acids at positions 36 and 76 were replaced with histidine and isoleucine from arginine (Arg36RHis36) and tyrosine (Tyr76RIle76). Thus, the salt bridge between Arg36, Tyr76 of LILRB1 and Asp196 of the a3 domain of HLA-A*0201 would be impossible in the LILRA3 D1/HLA-A*0201 interaction. Again, the crystal structure of LILRA3 D1 displays that Lys42 forms a hydrogen bond with Glu68 of LILRA3 D1, rendering Lys42 unable to bind to Asp96 of the a3 domain of HLA-A*0201. Indeed, the lack of polar interactions in the LILRA3 D1/HLA-A*0201 complex would reduce the binding affinity between these molecules. However, in the interaction between LILRA3 D1 and HLA-G1, most of the polar interactions are conserved (Fig. 5B) . The superposition of LILRA3 D1 with LILRB2 D1D2/HLA-G1 shows a strong polar interaction with Tyr197 of the a3 domain of the heavy chain of HLA-G1. Both LILRA3 D1. Indeed, the superposition of LILRA3 D1 with LILRB1/HLA-A*0201 and LILRB2/HLA-G1 clearly demonstrates that LILRA3 may binds to both classical and non-classical HLAIs and also explains well why LILRA3 would binds better to non-classical HLAIs than classical HLAIs. These conclusions are consistent with the SPR results.", "cite_spans": [], "ref_spans": [{"start": 174, "end": 182, "text": "(Fig. 5A", "ref_id": "FIGREF4"}, {"start": 906, "end": 915, "text": "(Fig. 5B)", "ref_id": "FIGREF4"}], "section": "Structural basis for the interaction of LILRA3 with classical and non-classical HLAIs"}, {"text": "Key residues or structural elements crucial for influencing the binding affinity between Group 1 LILRs and HLAIs", "cite_spans": [], "ref_spans": [], "section": "Structural basis for the interaction of LILRA3 with classical and non-classical HLAIs"}, {"text": "As mentioned above, the changes of the amino acids at positions 36 and 76 between LILRA3 (His36 and Ile76) and LILRB1 (Arg36 and Tyr76) are one of the important reasons for the reduced binding affinity of LILRA3 to HLA-A*0201 compared to that of LILRB1 to HLA-A*0201. However, these changes do not affect the interaction between LILRA3 D1 and HLA-G1 because they favor the LILRB2/HLA-G1 binding mode. Leu37 in both LILRB2 and LILRA3 forms a hydrophobic interaction with Tyr197 of the a3 domain of HLA-G1, and Tyr76 does not participate in the interaction between LILRB2 and HLA-G1. Among Group 1 members, only LILRA3 and LILRA2 have a histidine at position 36. Other Group 1 members, including LILRA1, have Arg36 that fully interacts with Asp196 of HLA-A*0201. Therefore, we predict that LILRA1 will interact better with HLA-A*0201 than LILRA3.", "cite_spans": [], "ref_spans": [], "section": "Structural basis for the interaction of LILRA3 with classical and non-classical HLAIs"}, {"text": "Again, the self-interaction between LILRA3 D1 Lys42 and Glu68 is the other key structural difference that reduces the binding affinity of LILRA3 to HLA-A*0201 compared to that of LILRB1 to HLA-A*0201. The relatively rigid conformation of Lys42 due to the interaction with Glu68 makes it impossible for Lys42 to interact with Asp96 of the a3 domain of HLA-A*0201. However, in the LILRB2/HLA-G1 binding mode, Lys42 forms a hydrogen bond with Glu229 of the b2m of HLA-G1, as well as with Glu68 of LILRA3 D1.", "cite_spans": [], "ref_spans": [], "section": "Structural basis for the interaction of LILRA3 with classical and non-classical HLAIs"}, {"text": "Despite the high sequence similarity around Glu68 and Lys42 among LILRA3, LILRB1 and LILRB2, it is not clear why the Lys42 of LILRB1 and B2 do not form a self-interaction with Glu68. Figure 6 shows the detailed structure around Lys42 and Trp67 in the LILRA3 D1/LILRB1 D1 (Fig. 6A) and LILRA3 D1/LILRB2 D1 (Fig. 6B) structures. In all of the reported single crystal structures of LILRB1 D1D2 (1GOX, 1UFU, and 1UGN ) and the co-crystal structure of LILRB1/HLA-A*0201, the peptide backbone carbonyl of LILRB1 D1 Glu40 forms a hydrogen bond with the nitrogen of the backbone amino group of Lys42, but in LILRA3 D1, there is no such interaction. Consequently, the loop of LILRA3 D1 between the C strand and 3 10 helix 1 is relatively more flexible than that of LILRB1 D1, and the Lys42 on that loop may be able to form a hydrogen bond with Glu68 of the third 3 10 helix of LILRA3 D1 (Fig. 6A) . Contrary to this, LILRB1 D1 Lys42 is relatively rigid (due to its hydrogen bond with Glu40), and may be oriented only toward Asp96 of the b2m of HLA-A*0201. Meanwhile, in LILRB2 D1, there is no polar interaction between the backbones of Glu40 and Lys42, so the loop in question is flexible, as in LILRA3 D1. However, as shown in Figure 6B , there is also no hydrogen bond between Lys42 and Glu68 of LILRA3 D1. Additionally, the amino acids at position 70 are different between LILRA3 and LILRB2 (Ala and Thr, respectively), and the third 3 10 helix structures are different, especially from the torsion angles between LILRA3 and LILRB2. Further, the orientations of Glu68 are quite different between LILRA3 and LILRB2; Glu68 of LILRB2 points toward the opposite direction of Lys42, making selfinteraction impossible in LILRB2. Thus, though Group 1 LILRs display high amino acids conservation, one or two amino acid differences in the binding region or its adjacent region greatly influence the binding affinities for classical and non-classical HLAIs. ", "cite_spans": [], "ref_spans": [{"start": 183, "end": 191, "text": "Figure 6", "ref_id": "FIGREF5"}, {"start": 271, "end": 280, "text": "(Fig. 6A)", "ref_id": "FIGREF5"}, {"start": 305, "end": 314, "text": "(Fig. 6B)", "ref_id": "FIGREF5"}, {"start": 391, "end": 412, "text": "(1GOX, 1UFU, and 1UGN", "ref_id": "FIGREF0"}, {"start": 878, "end": 887, "text": "(Fig. 6A)", "ref_id": "FIGREF5"}, {"start": 1219, "end": 1228, "text": "Figure 6B", "ref_id": "FIGREF5"}], "section": "Structural basis for the interaction of LILRA3 with classical and non-classical HLAIs"}, {"text": "In this paper, we characterized the binding properties to HLAIs and D1 domain structure of LILRA3, an activating LILR Group 1 member. Our studies of LILRA3/HLAIs binding properties using BIAcoreH SPR clearly demonstrated that LILRA3 binds both classical and non-classical HLAIs with reduced affinities compared to LILRB1/HLA-A*0201 and LILRB2/G1 binding. The crystal structure of LILRA3 D1 also supports these results. By comparing the binding region of LILRA3 D1 with LILRB1 D1 and LILRB2 D1 in the free structures or those complexed with HLAIs, the following conclusion can be drawn. First, as predicted, LILRA3 contains the fundamental fold for HLAI biding. Because it contains 3 10 helices region located between the C and E strands of D1 and a hydrophobic core consisting of the helices and C and E strands, LILRA3 D1 can binds a broad range of classical and non-classical HLAIs. Second, one or two amino acid changes in the binding region of LILRA3 compared to LILRB1 and B2 reduce the binding affinity of LILRA3 to classical HLAIs relative to other Group 1 LILRs. Third, the selfinteraction between Lys42 and Glu68 is unique to LILRA3 D1, and this property may be an important reason why the HLAI binding affinity of LILRA3 is reduced than that of LILRB1 and B2. In any event, LILRA1 follows this rule: if it displays self-interaction of Lys42 with Glu68, the binding affinity may be reduced relative to LILRB1 or B2. If not, the affinity will be greater than that of LILRA3. Indeed, on-going studies of the relationship between the binding affinity to HLAIs and the structure of LILRA1 will address this hypothesis.", "cite_spans": [], "ref_spans": [], "section": "Discussion"}, {"text": "LILRA3 is the only secretory LILR, and it is expressed by monocytes, macrophages, and dendritic cells, though mainly by macrophages [9, 24] . From a functional viewpoint, LILRA3 may greatly control the inhibition of the immune response induced by LILRB1, LILRB2, and other HLA-binding LILR molecules like LILRA1. However, why immune cells express different Group 1 LILRs with various binding affinities to a broad range of HLAIs and what is the important role of LILRA3 in macrophages must be addressed in the future. The crystal structure of the D1 domain and the SPR binding properties of LILRA3 indicated that LILRA3 binds HLA-G1 preferentially over HLA-A*0201, which explains its possible function in fetal-maternal immune control [34] . Indeed, b2m-free heavy chains (fHCs) of HLA-G1 are found in the placenta, and LILRA1 and LILRB2 can bind fHC tetramers of HLA-B27 and HLA-G1 [35] . The amino acid sequence alignment of Group 1 LILRs also predicts that LILRA3 recognizes classical HLAIs less well than LILRA1, LILRB1, and B2, as well as that LILRA3 may recognize the fHCs of classical HLAIs. This implies that LILRA3 would play an important role in the strict inhibitory control between classical and non-classical HLAIs. Interestingly, while in the revision process of this manuscript, Jones et al have just published the data showing that LILRA3 preferentially binds to HLA-C free heavy chain [36] . Thus, expression of LILRs with various affinities to different types of classical and non-classical HLAIs on a certain tissue or cell seems make the delicate organization of the immune response in the human body possible [2, 37] . Indeed, comparing the binding affinities between various LILR Group 1 members and multiple types of classical and non-classical HLAIs, as well as the possible role of LILRA3 in the inhibitory equilibrium, deserve considerable attention in the future.", "cite_spans": [{"start": 132, "end": 135, "text": "[9,", "ref_id": "BIBREF8"}, {"start": 136, "end": 139, "text": "24]", "ref_id": "BIBREF23"}, {"start": 735, "end": 739, "text": "[34]", "ref_id": "BIBREF33"}, {"start": 883, "end": 887, "text": "[35]", "ref_id": "BIBREF34"}, {"start": 1402, "end": 1406, "text": "[36]", "ref_id": "BIBREF35"}, {"start": 1630, "end": 1633, "text": "[2,", "ref_id": "BIBREF1"}, {"start": 1634, "end": 1637, "text": "37]", "ref_id": "BIBREF36"}], "ref_spans": [], "section": "Discussion"}, {"text": "The full-length LILRA3 gene (containing D1-D4 and the stalk sequence) was cloned from a human lymphocyte cDNA library, as previously described [31, 38] . The primers used in the PCR amplification are as follows:", "cite_spans": [{"start": 143, "end": 147, "text": "[31,", "ref_id": "BIBREF30"}, {"start": 148, "end": 151, "text": "38]", "ref_id": "BIBREF37"}], "ref_spans": [], "section": "Construction of the recombinant plasmids for LILRA3 D1 and D1D2"}, {"text": "Forward primer = ACCCCCATCCTCACGGTCC, and Reverse Primer = CTCACCAGCC TTGGAGTCGGA. DNA fragments encoding the LILRA3 D1 and D1D2 regions (D1, 1-97; and D1D2, were sub-cloned from the fulllength gene, using the following primers: D1/D1D2 Forward primer = GGAATTCCATATGGGGCCG-CTCCCGAAGCCGACCC, D1 Reverse Primer = CCGCTCGAGTTATCCTGTCACCAC-CAGCTCCAGGGGGT, and D1D2 Reverse primer = CCGCTCGAGTTAACCTGGGAC-CAGGAGCCCCAGG.", "cite_spans": [], "ref_spans": [], "section": "Construction of the recombinant plasmids for LILRA3 D1 and D1D2"}, {"text": "In all forward and reverse primers, a start or stop codon was introduced with NdeI or XhoI restriction sites accordingly. All of the PCR products were ligated into the pET21a vector (Novagen), transformed into E. coli strain BL21 (DE3) pLysS, and expressed in the form of inclusion bodies.", "cite_spans": [], "ref_spans": [], "section": "Construction of the recombinant plasmids for LILRA3 D1 and D1D2"}, {"text": "Protein preparation of LILRA3 D1, LILRA3 D1D2, LILRB2 D1D2, HLA-A*0201 and HLA-G1", "cite_spans": [], "ref_spans": [], "section": "Construction of the recombinant plasmids for LILRA3 D1 and D1D2"}, {"text": "Full-length LILRB2 DNA was kindly provided from Dr. Katsumi Maenaka, and the recombinant clone of its D1D2 region was prepared as previously reported [20] . The clones of the recombinant HLA-A*0201 and HLA-G1 were previously prepared [39] .", "cite_spans": [{"start": 150, "end": 154, "text": "[20]", "ref_id": "BIBREF19"}, {"start": 234, "end": 238, "text": "[39]", "ref_id": "BIBREF38"}], "ref_spans": [], "section": "Construction of the recombinant plasmids for LILRA3 D1 and D1D2"}, {"text": "All proteins were expressed in E. coli strain BL21 (DE3) pLysS and purified as previously reported [39, 40] . The inclusion body solution was injected into refolding buffer containing 100 mM Tris-HCl (pH 8.0), 2 mM EDTA, 400 mM L-arginine-HCl, 0.5 mM oxidized glutathione, 5 mM glutathione, 0.1 mM PMSF, and 0.1 mM NaN3. To purify the HLA-A2 and HLA-G1, the inclusion body solution of b2m and peptide (TLACFVLAAV, derived from human SARS-CoV membrane protein for HLA-A*0201; and RIIPRHLQL, derived from cellular endogenous protein histone for HLA-G1) dissolved in DMSO, were injected into the refolding buffer, and then the inclusion body solution of the heavy chain was later injected into the refolding buffer. The refolding solution was concentrated using a Stirred Cell and ultracentrifugal filter devices (Millipore). All proteins were purified by size exclusion chromatography using a Superdex 75 10/300 GL column (GE Healthcare), equilibrated in Tris-HCl (pH 8.0) buffer with an \u00c4 CTA FPLC (Amersham Biosciences). For LILRA3 D1 and D1D2, the buffer was exchanged gradually to BIAcore buffer (HEPES, pH 7.4) and finally filtered on 200 10/300 GL column (GE Healthcare). For HLA-A*0201 and HLA-G1, the proteins were further purified by anion exchange chromatography (Resource Q) followed by final gel filtration on superdex 200 10/300 GL column (GE Healthcare) with BIAcore buffer (HEPES, pH 7.4). For ILT4 D1D2, it was also further purified by cation exchange chromatography (Source Q) followed by final gel filtration on superdex 200 10/300 GL column (GE Healthcare) with BIAcore buffer (HEPES, pH 7.4). The size exclusion chromatogram and the 12% SDS-PAGE of the main fractions confirmed the monomeric state of LILRB2 D1D2, HLA-A*0201, and HLA-G1.", "cite_spans": [{"start": 99, "end": 103, "text": "[39,", "ref_id": "BIBREF38"}, {"start": 104, "end": 107, "text": "40]", "ref_id": "BIBREF39"}], "ref_spans": [], "section": "Construction of the recombinant plasmids for LILRA3 D1 and D1D2"}, {"text": "Crystallization of LILRA3 D1, data collection, phasing, and refinement Despite efforts to crystallize LILRA3 D1D2, we failed to obtain any diffractive crystals. Therefore, we focused on crystal trials of LILR D1. The purified LILRA3 D1 was concentrated and adjusted to 15 mg/ml with elution buffer (50 mM NaCl, 20 mM Tris-HCl, pH 8.0), and crystallization was attempted at 18uC using the hanging drop vapor diffusion method. Crystallization conditions were optimized, and the best crystals were obtained using 1.0 M ammonium sulfate, 0.1 M HEPES buffer (pH 7.5), and 0.75% (w/v) PEG8000.", "cite_spans": [], "ref_spans": [], "section": "Construction of the recombinant plasmids for LILRA3 D1 and D1D2"}, {"text": "The LILRA3 D1 crystal was cryoprotected in mother liquor containing 15% glycerol before being flash-cooled in liquid nitrogen. Diffraction data were collected using an in-house Xray source (Rigaku MicroMax007 desktop rotating-anode X-ray generator with a Cu target operated at 40 kV and 30 mA) and an R-AXIS IV++ imaging-plate detector at a wavelength of 1.5418 \u00c5 . The collected intensities were indexed, integrated, corrected for absorption, scaled, and merged using HKL-2000. Data collection and processing statistics are summarized in Table 1 .", "cite_spans": [], "ref_spans": [{"start": 539, "end": 546, "text": "Table 1", "ref_id": "TABREF0"}], "section": "Construction of the recombinant plasmids for LILRA3 D1 and D1D2"}, {"text": "The structure of LILRA3 D1 was solved by the molecular replacement method using Phaser [41] from the CCP4 program suite [42] with the structure of LILRB2 (PDB code: 1VDG) as a search model. Initial restrained rigid-body refinement and manual model building were performed using REFMAC5 [43] and COOT [44] , respectively. Further rounds of refinement were performed using the phenix.refine program, implemented in the PHENIX package [45] , with coordinate refinement, isotropic ADP refinement, and bulk solvent modeling. The stereochemical quality of the final model was assessed with the PROCHECK program [46] . All of the presented structural figures were produced using PyMol (http://pymol.sourceforge.net).", "cite_spans": [{"start": 87, "end": 91, "text": "[41]", "ref_id": "BIBREF40"}, {"start": 120, "end": 124, "text": "[42]", "ref_id": "BIBREF41"}, {"start": 286, "end": 290, "text": "[43]", "ref_id": "BIBREF42"}, {"start": 300, "end": 304, "text": "[44]", "ref_id": "BIBREF43"}, {"start": 432, "end": 436, "text": "[45]", "ref_id": "BIBREF44"}, {"start": 605, "end": 609, "text": "[46]", "ref_id": "BIBREF45"}], "ref_spans": [], "section": "Construction of the recombinant plasmids for LILRA3 D1 and D1D2"}, {"text": "BIAcoreH3000 was used to study the direct binding of LILRA3 D1 and D1D2 to HLA-A*0201 and HLA-G1. HLA-A*0201 and HLA-G1, as well as control protein (BSA), were individually immobilized (700, 300 and 700 resonance units (RU) respectively) by amine group coupling on research grade CM5 sensor chips at pH 5.0. LILRB2 D1D2, LILRA3 D1 and LILRA3D1D2 in HEPES buffer (10 mM HEPES (pH 7.4), 150 mM NaCl, 3 mM EDTA, and 0.005% (v/v) Tween-20) were then injected over the immobilized HLAIs at 25uC. Kinetic constants (Kd) were derived by Scatchard analysis or nonlinear curve fitting of the standard Langmuir binding isotherm using BIAevaluation version 4.1 (BIAcoreH).", "cite_spans": [], "ref_spans": [], "section": "BIAcoreH SPR analysis of LILRA3 D1 and D1D2"}, {"text": "The atomic coordinates of LILRA3 D1 have been deposited in the RCSB Protein Data Bank with accession code of 3Q2C. ", "cite_spans": [], "ref_spans": [], "section": "Protein Data Bank accession number"}], "bib_entries": {"BIBREF0": {"ref_id": "b0", "title": "Immune inhibitory receptors", "authors": [{"first": "J", "middle": ["V"], "last": "Ravetch", "suffix": ""}, {"first": "L", "middle": ["L"], "last": "Lanier", "suffix": ""}], "year": 2000, "venue": "Science", "volume": "290", "issn": "", "pages": "84--89", "other_ids": {}}, "BIBREF1": {"ref_id": "b1", "title": "Structural immunology and crystallography help immunologists see the immune system in action: how T and NK cells touch their ligands", "authors": [{"first": "Y", "middle": [], "last": "Chen", "suffix": ""}, {"first": "Y", "middle": [], "last": "Shi", "suffix": ""}, {"first": "H", "middle": [], "last": "Cheng", "suffix": ""}, {"first": "Y", "middle": ["Q"], "last": "An", "suffix": ""}, {"first": "G", "middle": ["F"], "last": "Gao", "suffix": ""}], "year": 2009, "venue": "IUBMB Life", "volume": "61", "issn": "", "pages": "579--590", "other_ids": {}}, "BIBREF2": {"ref_id": "b2", "title": "Conserved organization of the ILT/LIR gene family within the polymorphic human leukocyte receptor complex", "authors": [{"first": "N", "middle": ["T"], "last": "Young", "suffix": ""}, {"first": "F", "middle": [], "last": "Canavez", "suffix": ""}, {"first": "M", "middle": [], "last": "Uhrberg", "suffix": ""}, {"first": "B", "middle": ["P"], "last": "Shum", "suffix": ""}, {"first": "P", "middle": [], "last": "Parham", "suffix": ""}], "year": 2001, "venue": "Immunogenetics", "volume": "53", "issn": "", "pages": "270--278", "other_ids": {}}, "BIBREF3": {"ref_id": "b3", "title": "A common inhibitory receptor for major histocompatibility complex class I molecules on human lymphoid and myelomonocytic cells", "authors": [{"first": "M", "middle": [], "last": "Colonna", "suffix": ""}, {"first": "F", "middle": [], "last": "Navarro", "suffix": ""}, {"first": "T", "middle": [], "last": "Bellon", "suffix": ""}, {"first": "M", "middle": [], "last": "Llano", "suffix": ""}, {"first": "P", "middle": [], "last": "Garcia", "suffix": ""}], "year": 1997, "venue": "J Exp Med", "volume": "186", "issn": "", "pages": "1809--1818", "other_ids": {}}, "BIBREF4": {"ref_id": "b4", "title": "A novel immunoglobulin superfamily receptor for cellular and viral MHC class I molecules", "authors": [{"first": "D", "middle": [], "last": "Cosman", "suffix": ""}, {"first": "N", "middle": [], "last": "Fanger", "suffix": ""}, {"first": "L", "middle": [], "last": "Borges", "suffix": ""}, {"first": "M", "middle": [], "last": "Kubin", "suffix": ""}, {"first": "W", "middle": [], "last": "Chin", "suffix": ""}], "year": 1997, "venue": "Immunity", "volume": "7", "issn": "", "pages": "273--282", "other_ids": {}}, "BIBREF5": {"ref_id": "b5", "title": "A new human gene complex encoding the killer cell inhibitory receptors and related monocyte/macrophage receptors", "authors": [{"first": "N", "middle": [], "last": "Wagtmann", "suffix": ""}, {"first": "S", "middle": [], "last": "Rojo", "suffix": ""}, {"first": "E", "middle": [], "last": "Eichler", "suffix": ""}, {"first": "H", "middle": [], "last": "Mohrenweiser", "suffix": ""}, {"first": "E", "middle": ["O"], "last": "Long", "suffix": ""}], "year": 1997, "venue": "Curr Biol", "volume": "7", "issn": "", "pages": "615--618", "other_ids": {}}, "BIBREF6": {"ref_id": "b6", "title": "New nomenclature for MHC receptors", "authors": [{"first": "P", "middle": [], "last": "Andre", "suffix": ""}, {"first": "R", "middle": [], "last": "Biassoni", "suffix": ""}, {"first": "M", "middle": [], "last": "Colonna", "suffix": ""}, {"first": "D", "middle": [], "last": "Cosman", "suffix": ""}, {"first": "L", "middle": ["L"], "last": "Lanier", "suffix": ""}], "year": 2001, "venue": "Nat Immunol", "volume": "2", "issn": "", "pages": "", "other_ids": {}}, "BIBREF7": {"ref_id": "b7", "title": "Arrangement of the ILT gene cluster: a common null allele of the ILT6 gene results from a 6.7-kbp deletion", "authors": [{"first": "M", "middle": [], "last": "Torkar", "suffix": ""}, {"first": "A", "middle": [], "last": "Haude", "suffix": ""}, {"first": "S", "middle": [], "last": "Milne", "suffix": ""}, {"first": "S", "middle": [], "last": "Beck", "suffix": ""}, {"first": "J", "middle": [], "last": "Trowsdale", "suffix": ""}], "year": 2000, "venue": "Eur J Immunol", "volume": "30", "issn": "", "pages": "3655--3662", "other_ids": {}}, "BIBREF8": {"ref_id": "b8", "title": "A novel family of Ig-like receptors for HLA class I molecules that modulate function of lymphoid and myeloid cells", "authors": [{"first": "M", "middle": [], "last": "Colonna", "suffix": ""}, {"first": "H", "middle": [], "last": "Nakajima", "suffix": ""}, {"first": "F", "middle": [], "last": "Navarro", "suffix": ""}, {"first": "M", "middle": [], "last": "Lopez-Botet", "suffix": ""}], "year": 1999, "venue": "J Leukoc Biol", "volume": "66", "issn": "", "pages": "375--381", "other_ids": {}}, "BIBREF9": {"ref_id": "b9", "title": "Crystal structure of HLA-A2 bound to LIR-1, a host and viral major histocompatibility complex receptor", "authors": [{"first": "B", "middle": ["E"], "last": "Willcox", "suffix": ""}, {"first": "L", "middle": ["M"], "last": "Thomas", "suffix": ""}, {"first": "P", "middle": ["J"], "last": "Bjorkman", "suffix": ""}], "year": 2003, "venue": "Nat Immunol", "volume": "4", "issn": "", "pages": "913--919", "other_ids": {}}, "BIBREF10": {"ref_id": "b10", "title": "A family of human lymphoid and myeloid Ig-like receptors, some of which bind to MHC class I molecules", "authors": [{"first": "L", "middle": [], "last": "Borges", "suffix": ""}, {"first": "M", "middle": ["L"], "last": "Hsu", "suffix": ""}, {"first": "N", "middle": [], "last": "Fanger", "suffix": ""}, {"first": "M", "middle": [], "last": "Kubin", "suffix": ""}, {"first": "D", "middle": [], "last": "Cosman", "suffix": ""}], "year": 1997, "venue": "J Immunol", "volume": "159", "issn": "", "pages": "5192--5196", "other_ids": {}}, "BIBREF11": {"ref_id": "b11", "title": "Human myelomonocytic cells express an inhibitory receptor for classical and nonclassical MHC class I molecules", "authors": [{"first": "M", "middle": [], "last": "Colonna", "suffix": ""}, {"first": "J", "middle": [], "last": "Samaridis", "suffix": ""}, {"first": "M", "middle": [], "last": "Cella", "suffix": ""}, {"first": "L", "middle": [], "last": "Angman", "suffix": ""}, {"first": "R", "middle": ["L"], "last": "Allen", "suffix": ""}], "year": 1998, "venue": "J Immunol", "volume": "160", "issn": "", "pages": "3096--3100", "other_ids": {}}, "BIBREF12": {"ref_id": "b12", "title": "The MHC class I binding proteins LIR-1 and LIR-2 inhibit Fc receptormediated signaling in monocytes", "authors": [{"first": "N", "middle": ["A"], "last": "Fanger", "suffix": ""}, {"first": "D", "middle": [], "last": "Cosman", "suffix": ""}, {"first": "L", "middle": [], "last": "Peterson", "suffix": ""}, {"first": "S", "middle": ["C"], "last": "Braddy", "suffix": ""}, {"first": "C", "middle": ["R"], "last": "Maliszewski", "suffix": ""}], "year": 1998, "venue": "Eur J Immunol", "volume": "28", "issn": "", "pages": "3423--3434", "other_ids": {}}, "BIBREF13": {"ref_id": "b13", "title": "The ILT2(LIR1) and CD94/NKG2A NK cell receptors respectively recognize HLA-G1 and HLA-E molecules co-expressed on target cells", "authors": [{"first": "F", "middle": [], "last": "Navarro", "suffix": ""}, {"first": "M", "middle": [], "last": "Llano", "suffix": ""}, {"first": "T", "middle": [], "last": "Bellon", "suffix": ""}, {"first": "M", "middle": [], "last": "Colonna", "suffix": ""}, {"first": "D", "middle": ["E"], "last": "Geraghty", "suffix": ""}], "year": 1999, "venue": "Eur J Immunol", "volume": "29", "issn": "", "pages": "277--283", "other_ids": {}}, "BIBREF14": {"ref_id": "b14", "title": "Functional characterization of HLA-F and binding of HLA-F tetramers to ILT2 and ILT4 receptors", "authors": [{"first": "E", "middle": ["J"], "last": "Lepin", "suffix": ""}, {"first": "J", "middle": ["M"], "last": "Bastin", "suffix": ""}, {"first": "D", "middle": ["S"], "last": "Allan", "suffix": ""}, {"first": "G", "middle": [], "last": "Roncador", "suffix": ""}, {"first": "V", "middle": ["M"], "last": "Braud", "suffix": ""}], "year": 2000, "venue": "Eur J Immunol", "volume": "30", "issn": "", "pages": "3552--3561", "other_ids": {}}, "BIBREF15": {"ref_id": "b15", "title": "The leukocyte Ig-like receptor (LIR)-1 for the cytomegalovirus UL18 protein displays a broad specificity for different HLA class I alleles: analysis of LIR-1+NK cell clones", "authors": [{"first": "M", "middle": [], "last": "Vitale", "suffix": ""}, {"first": "R", "middle": [], "last": "Castriconi", "suffix": ""}, {"first": "S", "middle": [], "last": "Parolini", "suffix": ""}, {"first": "D", "middle": [], "last": "Pende", "suffix": ""}, {"first": "M", "middle": ["L"], "last": "Hsu", "suffix": ""}], "year": 1999, "venue": "Int Immunol", "volume": "11", "issn": "", "pages": "29--35", "other_ids": {}}, "BIBREF16": {"ref_id": "b16", "title": "Leukocyte receptor complex-encoded immunomodulatory receptors show differing specificity for alternative HLA-B27 structures", "authors": [{"first": "R", "middle": ["L"], "last": "Allen", "suffix": ""}, {"first": "T", "middle": [], "last": "Raine", "suffix": ""}, {"first": "A", "middle": [], "last": "Haude", "suffix": ""}, {"first": "J", "middle": [], "last": "Trowsdale", "suffix": ""}, {"first": "M", "middle": ["J"], "last": "Wilson", "suffix": ""}], "year": 2001, "venue": "J Immunol", "volume": "167", "issn": "", "pages": "5543--5547", "other_ids": {}}, "BIBREF17": {"ref_id": "b17", "title": "Crystal structure of myeloid cell activating receptor leukocyte Ig-like receptor A2 (LILRA2/ILT1/ LIR-7) domain swapped dimer: molecular basis for its non-binding to MHC complexes", "authors": [{"first": "Y", "middle": [], "last": "Chen", "suffix": ""}, {"first": "F", "middle": [], "last": "Gao", "suffix": ""}, {"first": "F", "middle": [], "last": "Chu", "suffix": ""}, {"first": "H", "middle": [], "last": "Peng", "suffix": ""}, {"first": "L", "middle": [], "last": "Zong", "suffix": ""}], "year": 2009, "venue": "J Mol Biol", "volume": "386", "issn": "", "pages": "841--853", "other_ids": {}}, "BIBREF18": {"ref_id": "b18", "title": "Crystal Structure of Leukocyte Ig-like Receptor LILRB4 (ILT3/LIR-5/CD85k): a Myeloid Inhibitory Receptor Involved in Immune Tolerance", "authors": [{"first": "H", "middle": [], "last": "Cheng", "suffix": ""}, {"first": "F", "middle": [], "last": "Mohammed", "suffix": ""}, {"first": "Nam", "middle": ["G"], "last": "Chen", "suffix": ""}, {"first": "Y", "middle": [], "last": "Qi", "suffix": ""}, {"first": "J", "middle": [], "last": "", "suffix": ""}], "year": 2011, "venue": "J Biol Chem", "volume": "", "issn": "", "pages": "", "other_ids": {}}, "BIBREF19": {"ref_id": "b19", "title": "Human inhibitory receptors Ig-like transcript 2 (ILT2) and ILT4 compete with CD8 for MHC class I binding and bind preferentially to HLA-G", "authors": [{"first": "M", "middle": [], "last": "Shiroishi", "suffix": ""}, {"first": "K", "middle": [], "last": "Tsumoto", "suffix": ""}, {"first": "K", "middle": [], "last": "Amano", "suffix": ""}, {"first": "Y", "middle": [], "last": "Shirakihara", "suffix": ""}, {"first": "M", "middle": [], "last": "Colonna", "suffix": ""}], "year": 2003, "venue": "Proc Natl Acad Sci U S A", "volume": "100", "issn": "", "pages": "8856--8861", "other_ids": {}}, "BIBREF20": {"ref_id": "b20", "title": "Expression, purification, and refolding of the myeloid inhibitory receptor leukocyte immunoglobulin-like receptor-5 for structural and ligand identification studies", "authors": [{"first": "L", "middle": ["I"], "last": "Garner", "suffix": ""}, {"first": "M", "middle": [], "last": "Salim", "suffix": ""}, {"first": "F", "middle": [], "last": "Mohammed", "suffix": ""}, {"first": "B", "middle": ["E"], "last": "Willcox", "suffix": ""}], "year": 2006, "venue": "Protein Expr Purif", "volume": "47", "issn": "", "pages": "490--497", "other_ids": {}}, "BIBREF21": {"ref_id": "b21", "title": "Crystal structure of the human monocyte-activating receptor", "authors": [{"first": "M", "middle": [], "last": "Shiroishi", "suffix": ""}, {"first": "M", "middle": [], "last": "Kajikawa", "suffix": ""}, {"first": "K", "middle": [], "last": "Kuroki", "suffix": ""}, {"first": "T", "middle": [], "last": "Ose", "suffix": ""}, {"first": "D", "middle": [], "last": "Kohda", "suffix": ""}], "year": 2006, "venue": "J Biol Chem", "volume": "281", "issn": "", "pages": "19536--19544", "other_ids": {}}, "BIBREF22": {"ref_id": "b22", "title": "LIR9, an immunoglobulin-superfamilyactivating receptor, is expressed as a transmembrane and as a secreted molecule", "authors": [{"first": "L", "middle": [], "last": "Borges", "suffix": ""}, {"first": "M", "middle": [], "last": "Kubin", "suffix": ""}, {"first": "T", "middle": [], "last": "Kuhlman", "suffix": ""}], "year": 2003, "venue": "Blood", "volume": "101", "issn": "", "pages": "1484--1486", "other_ids": {}}, "BIBREF23": {"ref_id": "b23", "title": "Leukocyte immunoglobulin-like receptors as new players in autoimmunity", "authors": [{"first": "R", "middle": [], "last": "Thomas", "suffix": ""}, {"first": "T", "middle": [], "last": "Matthias", "suffix": ""}, {"first": "T", "middle": [], "last": "Witte", "suffix": ""}], "year": 2010, "venue": "Clin Rev Allergy Immunol", "volume": "38", "issn": "", "pages": "159--162", "other_ids": {}}, "BIBREF24": {"ref_id": "b24", "title": "A follow-up study of chromosome 19q13 in multiple sclerosis susceptibility", "authors": [{"first": "A", "middle": [], "last": "Bonetti", "suffix": ""}, {"first": "K", "middle": [], "last": "Koivisto", "suffix": ""}, {"first": "T", "middle": [], "last": "Pirttila", "suffix": ""}, {"first": "I", "middle": [], "last": "Elovaara", "suffix": ""}, {"first": "M", "middle": [], "last": "Reunanen", "suffix": ""}], "year": 2009, "venue": "J Neuroimmunol", "volume": "208", "issn": "", "pages": "119--124", "other_ids": {}}, "BIBREF25": {"ref_id": "b25", "title": "Association of immunoglobulin-like transcript 6 deficiency with Sjogren's syndrome", "authors": [{"first": "G", "middle": [], "last": "Kabalak", "suffix": ""}, {"first": "S", "middle": ["B"], "last": "Dobberstein", "suffix": ""}, {"first": "T", "middle": [], "last": "Matthias", "suffix": ""}, {"first": "S", "middle": [], "last": "Reuter", "suffix": ""}, {"first": "Y", "middle": ["H"], "last": "The", "suffix": ""}], "year": 2009, "venue": "Arthritis Rheum", "volume": "60", "issn": "", "pages": "2923--2925", "other_ids": {}}, "BIBREF26": {"ref_id": "b26", "title": "Soluble LILRA3, a potential natural antiinflammatory protein, is increased in patients with rheumatoid arthritis and is tightly regulated by interleukin 10, tumor necrosis factor-alpha, and interferon-gamma", "authors": [{"first": "H", "middle": [], "last": "An", "suffix": ""}, {"first": "V", "middle": [], "last": "Chandra", "suffix": ""}, {"first": "B", "middle": [], "last": "Piraino", "suffix": ""}, {"first": "L", "middle": [], "last": "Borges", "suffix": ""}, {"first": "C", "middle": [], "last": "Geczy", "suffix": ""}], "year": 2010, "venue": "J Rheumatol", "volume": "37", "issn": "", "pages": "1596--1606", "other_ids": {}}, "BIBREF27": {"ref_id": "b27", "title": "Crystal structure and ligand binding properties of the D1D2 region of the inhibitory receptor LIR-1 (ILT2)", "authors": [{"first": "T", "middle": ["L"], "last": "Chapman", "suffix": ""}, {"first": "A", "middle": ["P"], "last": "Heikema", "suffix": ""}, {"first": "A", "middle": ["P"], "last": "West", "suffix": ""}, {"first": "P", "middle": ["J"], "last": "Bjorkman", "suffix": ""}], "year": 2000, "venue": "Immunity", "volume": "13", "issn": "", "pages": "727--736", "other_ids": {}}, "BIBREF28": {"ref_id": "b28", "title": "The inhibitory receptor LIR-1 uses a common binding interaction to recognize class I MHC molecules and the viral homolog UL18", "authors": [{"first": "T", "middle": ["L"], "last": "Chapman", "suffix": ""}, {"first": "A", "middle": ["P"], "last": "Heikeman", "suffix": ""}, {"first": "P", "middle": ["J"], "last": "Bjorkman", "suffix": ""}], "year": 1999, "venue": "Immunity", "volume": "11", "issn": "", "pages": "603--613", "other_ids": {}}, "BIBREF29": {"ref_id": "b29", "title": "Structural basis for recognition of the nonclassical MHC molecule HLA-G by the leukocyte Ig-like receptor B2 (LILRB2/LIR2/ILT4/CD85d)", "authors": [{"first": "M", "middle": [], "last": "Shiroishi", "suffix": ""}, {"first": "K", "middle": [], "last": "Kuroki", "suffix": ""}, {"first": "L", "middle": [], "last": "Rasubala", "suffix": ""}, {"first": "K", "middle": [], "last": "Tsumoto", "suffix": ""}, {"first": "I", "middle": [], "last": "Kumagai", "suffix": ""}], "year": 2006, "venue": "Proc Natl Acad Sci U S A", "volume": "103", "issn": "", "pages": "16412--16417", "other_ids": {}}, "BIBREF30": {"ref_id": "b30", "title": "Stability engineering, biophysical, and biological characterization of the myeloid activating receptor immunoglobulin-like transcript 1 (ILT1/LIR-7/LILRA2)", "authors": [{"first": "Y", "middle": [], "last": "Chen", "suffix": ""}, {"first": "F", "middle": [], "last": "Chu", "suffix": ""}, {"first": "F", "middle": [], "last": "Gao", "suffix": ""}, {"first": "B", "middle": [], "last": "Zhou", "suffix": ""}, {"first": "G", "middle": ["F"], "last": "Gao", "suffix": ""}], "year": 2007, "venue": "Protein Expr Purif", "volume": "56", "issn": "", "pages": "253--260", "other_ids": {}}, "BIBREF31": {"ref_id": "b31", "title": "Efficient leukocyte Ig-like receptor signaling and crystal structure of disulfide-linked HLA-G dimer", "authors": [{"first": "M", "middle": [], "last": "Shiroishi", "suffix": ""}, {"first": "K", "middle": [], "last": "Kuroki", "suffix": ""}, {"first": "T", "middle": [], "last": "Ose", "suffix": ""}, {"first": "L", "middle": [], "last": "Rasubala", "suffix": ""}, {"first": "I", "middle": [], "last": "Shiratori", "suffix": ""}], "year": 2006, "venue": "J Biol Chem", "volume": "281", "issn": "", "pages": "10439--10447", "other_ids": {}}, "BIBREF32": {"ref_id": "b32", "title": "Crystal structure of LIR-2 (ILT4) at 1.8 A: differences from LIR-1 (ILT2) in regions implicated in the binding of the Human Cytomegalovirus class I MHC homolog UL18", "authors": [{"first": "B", "middle": ["E"], "last": "Willcox", "suffix": ""}, {"first": "L", "middle": ["M"], "last": "Thomas", "suffix": ""}, {"first": "T", "middle": ["L"], "last": "Chapman", "suffix": ""}, {"first": "A", "middle": ["P"], "last": "Heikema", "suffix": ""}, {"first": "A", "middle": ["P"], "last": "West", "suffix": ""}, {"first": "Jr", "middle": [], "last": "", "suffix": ""}], "year": 2002, "venue": "BMC Struct Biol", "volume": "2", "issn": "", "pages": "", "other_ids": {}}, "BIBREF33": {"ref_id": "b33", "title": "Novel HLA-G-binding leukocyte immunoglobulin-like receptor (LILR) expression patterns in human placentas and umbilical cords", "authors": [{"first": "R", "middle": ["H"], "last": "Mcintire", "suffix": ""}, {"first": "T", "middle": [], "last": "Sifers", "suffix": ""}, {"first": "J", "middle": ["S"], "last": "Platt", "suffix": ""}, {"first": "K", "middle": ["G"], "last": "Ganacias", "suffix": ""}, {"first": "D", "middle": ["K"], "last": "Langat", "suffix": ""}], "year": 2008, "venue": "Placenta", "volume": "29", "issn": "", "pages": "631--638", "other_ids": {}}, "BIBREF34": {"ref_id": "b34", "title": "The CD85J/leukocyte inhibitory receptor-1 distinguishes between conformed and beta 2-microglobulin-free HLA-G molecules", "authors": [{"first": "T", "middle": [], "last": "Gonen-Gross", "suffix": ""}, {"first": "H", "middle": [], "last": "Achdout", "suffix": ""}, {"first": "T", "middle": ["I"], "last": "Arnon", "suffix": ""}, {"first": "R", "middle": [], "last": "Gazit", "suffix": ""}, {"first": "N", "middle": [], "last": "Stern", "suffix": ""}], "year": 2005, "venue": "J Immunol", "volume": "175", "issn": "", "pages": "4866--4874", "other_ids": {}}, "BIBREF35": {"ref_id": "b35", "title": "HLA class I allelic sequence and conformation regulate leukocyte Ig-like receptor binding", "authors": [{"first": "D", "middle": ["C"], "last": "Jones", "suffix": ""}, {"first": "V", "middle": [], "last": "Kosmoliaptsis", "suffix": ""}, {"first": "R", "middle": [], "last": "Apps", "suffix": ""}, {"first": "N", "middle": [], "last": "Lapaque", "suffix": ""}, {"first": "I", "middle": [], "last": "Smith", "suffix": ""}], "year": 2011, "venue": "J Immunol", "volume": "186", "issn": "", "pages": "2990--2997", "other_ids": {}}, "BIBREF36": {"ref_id": "b36", "title": "Signaling and ligand interaction of ILT7: receptormediated regulatory mechanisms for plasmacytoid dendritic cells", "authors": [{"first": "W", "middle": [], "last": "Cao", "suffix": ""}, {"first": "L", "middle": [], "last": "Bover", "suffix": ""}], "year": 2010, "venue": "Immunol Rev", "volume": "234", "issn": "", "pages": "163--176", "other_ids": {}}, "BIBREF37": {"ref_id": "b37", "title": "A dimeric structure of PD-L1: functional units or evolutionary relics?", "authors": [{"first": "Y", "middle": [], "last": "Chen", "suffix": ""}, {"first": "P", "middle": [], "last": "Liu", "suffix": ""}, {"first": "F", "middle": [], "last": "Gao", "suffix": ""}, {"first": "H", "middle": [], "last": "Cheng", "suffix": ""}, {"first": "J", "middle": [], "last": "Qi", "suffix": ""}, {"first": "G", "middle": ["F"], "last": "Gao", "suffix": ""}], "year": 2010, "venue": "Protein Cell", "volume": "1", "issn": "", "pages": "153--160", "other_ids": {}}, "BIBREF38": {"ref_id": "b38", "title": "Classical and nonclassical class I major histocompatibility complex molecules exhibit subtle conformational differences that affect binding to CD8alphaalpha", "authors": [{"first": "G", "middle": ["F"], "last": "Gao", "suffix": ""}, {"first": "B", "middle": ["E"], "last": "Willcox", "suffix": ""}, {"first": "J", "middle": ["R"], "last": "Wyer", "suffix": ""}, {"first": "J", "middle": ["M"], "last": "Boulter", "suffix": ""}, {"first": "C", "middle": ["A"], "last": "O&apos;callaghan", "suffix": ""}], "year": 2000, "venue": "J Biol Chem", "volume": "275", "issn": "", "pages": "15232--15238", "other_ids": {}}, "BIBREF39": {"ref_id": "b39", "title": "The membrane protein of severe acute respiratory syndrome coronavirus acts as a dominant immunogen revealed by a clustering region of novel functionally and structurally defined cytotoxic Tlymphocyte epitopes", "authors": [{"first": "J", "middle": [], "last": "Liu", "suffix": ""}, {"first": "Y", "middle": [], "last": "Sun", "suffix": ""}, {"first": "J", "middle": [], "last": "Qi", "suffix": ""}, {"first": "F", "middle": [], "last": "Chu", "suffix": ""}, {"first": "H", "middle": [], "last": "Wu", "suffix": ""}], "year": 2010, "venue": "J Infect Dis", "volume": "202", "issn": "", "pages": "1171--1180", "other_ids": {}}, "BIBREF40": {"ref_id": "b40", "title": "Pushing the boundaries of molecular replacement with maximum likelihood", "authors": [{"first": "R", "middle": ["J"], "last": "Read", "suffix": ""}], "year": 2001, "venue": "Acta Crystallogr D Biol Crystallogr", "volume": "57", "issn": "", "pages": "1373--1382", "other_ids": {}}, "BIBREF41": {"ref_id": "b41", "title": "The CCP4 suite: programs for protein crystallography", "authors": [], "year": 1994, "venue": "Collaborative Computing Project Number", "volume": "4", "issn": "", "pages": "760--763", "other_ids": {}}, "BIBREF42": {"ref_id": "b42", "title": "Refinement of macromolecular structures by the maximum-likelihood method", "authors": [{"first": "G", "middle": ["N"], "last": "Murshudov", "suffix": ""}, {"first": "A", "middle": ["A"], "last": "Vagin", "suffix": ""}, {"first": "E", "middle": ["J"], "last": "Dodson", "suffix": ""}], "year": 1997, "venue": "Acta Crystallogr D Biol Crystallogr", "volume": "53", "issn": "", "pages": "240--255", "other_ids": {}}, "BIBREF43": {"ref_id": "b43", "title": "Coot: model-building tools for molecular graphics", "authors": [{"first": "P", "middle": [], "last": "Emsley", "suffix": ""}, {"first": "K", "middle": [], "last": "Cowtan", "suffix": ""}], "year": 2004, "venue": "Acta Crystallogr D Biol Crystallogr", "volume": "60", "issn": "", "pages": "2126--2132", "other_ids": {}}, "BIBREF44": {"ref_id": "b44", "title": "PHENIX: a comprehensive Python-based system for macromolecular structure solution", "authors": [{"first": "P", "middle": ["D"], "last": "Adams", "suffix": ""}, {"first": "P", "middle": ["V"], "last": "Afonine", "suffix": ""}, {"first": "G", "middle": [], "last": "Bunkoczi", "suffix": ""}, {"first": "V", "middle": ["B"], "last": "Chen", "suffix": ""}, {"first": "I", "middle": ["W"], "last": "Davis", "suffix": ""}], "year": 2010, "venue": "Acta Crystallogr D Biol Crystallogr", "volume": "66", "issn": "", "pages": "213--221", "other_ids": {}}, "BIBREF45": {"ref_id": "b45", "title": "Procheck -a Program to Check the Stereochemical Quality of Protein Structures", "authors": [{"first": "R", "middle": ["A"], "last": "Laskowski", "suffix": ""}, {"first": "M", "middle": ["W"], "last": "Macarthur", "suffix": ""}, {"first": "D", "middle": ["S"], "last": "Moss", "suffix": ""}, {"first": "J", "middle": ["M"], "last": "Thornton", "suffix": ""}], "year": 1993, "venue": "Journal of Applied Crystallography", "volume": "26", "issn": "", "pages": "283--291", "other_ids": {}}}, "ref_entries": {"FIGREF0": {"text": "Multiple amino acid sequence alignment of the D1 and D2 domains of Group 1 LILRs. The secondary structure elements of LILRA3 D1 are shown above the sequences. The asterisks indicate the residues involved in the HLAIs binding of LILRB1 and LILRB2 (blue for LILRB1 and yellow for LILRB2). The residues previously hypothesized to be critical to form the 3 10 helices region in domain 1 of Group 1 LILRs are demarcated with green. doi:10.1371/journal.pone.0019245.g001", "latex": null, "type": "figure"}, "FIGREF1": {"text": "SDS-PAGE analysis of the inclusion body preparations and size exclusion chromatography profiles of LILRA3 D1 and D1D2. A. Induction of LILRA3 D1D2 by ITPG. The first two lanes are the samples before IPTG induction, and the next two are the samples after induction. The last lane is the molecular weight standard (shown in kDa). B. Induction of LILRA3 D1 by ITPG. The first three lanes are the samples before induction, and the next three are the samples after IPTG induction. The last lane is the molecular weight standard (shown in kDa). C. Size exclusion chromatogram showing LILRA3 D1 and D1D2 elution profiles by Superdex 75 10/300 GL column (GE Healthcare). The profiles are marked with the approximate positions of molecular mass standards of 43.0, 29.0, and 13.7 kDa. The size exclusion chromatogram and 12% SDS-PAGE separation profile (inset) of LILRA3 D1 and D1D2 fractions indicated that pure proteins were obtained as monomers. doi:10.1371/journal.pone.0019245.g002", "latex": null, "type": "figure"}, "FIGREF2": {"text": "BIAcoreH surface plasmon resonance analysis of LILRBA3 D1 and D1D2 monomer binding to immobilized HLA-A*0201 and HLA-G1. A. Kinetic analysis of the LILRB2 D1D2 monomer binding to the immobilized HLA-A*0201 (as a positive control). Protein at the indicated concentrations was injected through the HLA-A*0201-immobillzed flow cells (700 response units (RU)). B. Kinetic analysis of the LILRB2 D1D2 monomer binding to the immobilized HLA-G1 (as a positive control). Protein at the indicated concentrations was injected through the HLA-G1immobilized flow cells (300 RU). C. Kinetic analysis of the LILRA3 D1D2 monomer binding to immobilized HLA-A*0201. D. Kinetic analysis of the LILRA3 D1D2 monomer binding to immobilized HLA-G1. E. Kinetic analysis of the LILRA3 D1 monomer binding to immobilized HLA-A*0201. F. Kinetic analysis of the LILRA3 D1 monomer binding to immobilized HLA-G1. doi:10.1371/journal.pone.0019245.g003", "latex": null, "type": "figure"}, "FIGREF3": {"text": "Hydrophobic pocket of LILRA3 D1 and comparison of the crystal structures of LILRA3 D1, LILRB1 D1, and LILRB2 D1. A. The hydrophobic pocket of LILRA3 D1. The hydrophobic residues located around this area are colored with magenta. B. The helix-strand transition between LILRB1/LILRB2/LILRA3 and LILRA2/LILRA5: magenta, LILRA3; cyan, 1GOX (LILRB1); green, 1UFU (LILRB1); yellow, LILRB2 in complex with HLA-G1 (2DYP); orange, 2D3V (LILRA5); and light pink, LILRA2 C. The difference in the loop region of the LILRA3 D1 (pink) superposed on LILRB1 D1D2 (1GOX-green and 1UFU-blue). D. The difference of the loop region of LILRA3 D1 (pink) superposed on the LILRB2 D1D2 (2GW5-yellow). doi:10.1371/journal.pone.0019245.g004 Leu37 and His36 in LILRA3 D1 form hydrogen bonds with Tyr197 of the a3 domain of the HLA-G1. Residue 43 of LILRA3 D1 is Thr, while in the LILRB2 D1, it is Ser, and there is a hydrogen bond between Ser43 of LILRB2 D1 and Glu198 of the HLA-G1 a3 domain. Because the hydroxyl of LILRA3 D1 Thr43 is oriented more closely toward Thr200 than Glu198 of the a3 domain of HLA-G1 (as compared to the hydrogen bond between Ser43 of LILRB2 D1 and Glu198 of the a3 domain of HLA-G1), Thr43 of LILRA3 D1 is able to form a hydrogen bond with Thr200 of the a3 domain of HLA-G1. LILRA3 Lys42 can also potentially form a hydrogen bond with Glu229 of the light chain of HLA-G1, as well as Glu68 of LILRA3 D1 itself. Thus, almost all polar interactions between HLA-G1 and LILRB2 D1 are conserved or compensated if LILRB2 D1 is replaced with", "latex": null, "type": "figure"}, "FIGREF4": {"text": "Comparison of the polar and hydrophobic interactions in the superposition of LILRA3 D1 (pink) to LILRB1/HLA-A*0201 (green) and LILRB2/HAL-G1 (yellow). A. The superposition of LILRA3 D1 to LILRB1/HLA-A*0201. Cyan and brown represent the a3 domain and the b2m of HLA-A*0201, respectively. The yellow dotted line represents the polar interaction between the residues of LILRB1 D1 and that of HLA-A*0201. The pink dotted line represents the polar interaction between the residues of LILRA3 D1 and that of HLA-A*0201. B. The superposition of LILRA3 D1 to LILRB2/HLA-G1. Cyan and brown represent the a3 domain and the b2m of HLA-G1, respectively. The yellow dotted line represents the polar interaction between the residues of LILRB2 D1 and that of HLA-G1. The pink dotted line represents the polar interaction between the residues of LILRA3 D1 and that of HLA-G1. doi:10.1371/journal.pone.0019245.g005", "latex": null, "type": "figure"}, "FIGREF5": {"text": "Comparison of the conformation of Lys42 of LILRB1 (green), LILRB2 (yellow), and LILRA3 (magenta) in complex with HLA-A*0201 or HLA-G1. A. Self-interaction of Lys42 with Glu68 in LILRA3 (pink dotted line) and the interaction of Lys42 of LILRB1 with Asp96 of the b2m of HLA-A*0201 in LILRB1/HLA-A*0201 (green dotted line). Cyan and brown represent the a3 domain and the b2m of HLA-A*0201, respectively. B. Selfinteraction of Lys42 with Glu68 in LILRA3 (pink dotted line) and the interaction of Lys42 of LILRA3 (pink dotted line) and LILRB2 (yellow dotted line) with Glu227 of the a3 domain of HLA-G1. Cyan and brown represent the a3 domain and the b2m of HLA-G1, respectively. doi:10.1371/journal.pone.0019245.g006", "latex": null, "type": "figure"}, "TABREF0": {"text": "X-ray diffraction data processing and refinement statistics. doi:10.1371/journal.pone.0019245.t001", "latex": null, "type": "table"}}, "back_matter": [{"text": "We are grateful to Dr. Katsumi Maenaka for his help with full-length LILRB2 cDNA. ", "cite_spans": [], "ref_spans": [], "section": "Acknowledgments"}]}