{"paper_id": "0c0806be80c60f0e61f084f12ed847c265fc1d68", "metadata": {"title": "Evaluation of Coseasonality of Influenza and Invasive Pneumococcal Disease: Results from Prospective Surveillance , the Toronto Invasive Bacterial Diseases Network", "authors": [{"first": "Stefan", "middle": ["P"], "last": "Kuster", "suffix": "", "affiliation": {"laboratory": "", "institution": "Mount Sinai Hospital", "location": {"settlement": "Toronto", "region": "Ontario", "country": "Canada"}}, "email": ""}, {"first": "Ashleigh", "middle": ["R"], "last": "Tuite", "suffix": "", "affiliation": {"laboratory": "", "institution": "University of Toronto", "location": {"settlement": "Toronto", "region": "Ontario", "country": "Canada"}}, "email": ""}, {"first": "Jeffrey", "middle": ["C"], "last": "Kwong", "suffix": "", "affiliation": {"laboratory": "", "institution": "University of Toronto", "location": {"settlement": "Toronto", "region": "Ontario", "country": "Canada"}}, "email": ""}, {"first": "Allison", "middle": [], "last": "Mcgeer", "suffix": "", "affiliation": {"laboratory": "", "institution": "Mount Sinai Hospital", "location": {"settlement": "Toronto", "region": "Ontario", "country": "Canada"}}, "email": ""}, {"first": "David", "middle": ["N"], "last": "Fisman", "suffix": "", "affiliation": {"laboratory": "", "institution": "University of Toronto", "location": {"settlement": "Toronto", "region": "Ontario", "country": "Canada"}}, "email": ""}]}, "abstract": [{"text": "Background: The wintertime co-occurrence of peaks in influenza and invasive pneumococcal disease (IPD) is well documented, but how and whether wintertime peaks caused by these two pathogens are causally related is still uncertain. We aimed to investigate the relationship between influenza infection and IPD in Ontario, Canada, using several complementary methodological tools.", "cite_spans": [], "ref_spans": [], "section": "Abstract"}, {"text": "We evaluated a total number of 38,501 positive influenza tests in Central Ontario and 6,191 episodes of IPD in the Toronto/Peel area, Ontario, Canada, between 1 January 1995 and 3 October 2009, reported through population-based surveillance. We assessed the relationship between the seasonal wave forms for influenza and IPD using fast Fourier transforms in order to examine the relationship between these two pathogens over yearly timescales. We also used three complementary statistical methods (time-series methods, negative binomial regression, and case-crossover methods) to evaluate the short-term effect of influenza dynamics on pneumococcal risk. Annual periodicity with wintertime peaks could be demonstrated for IPD, whereas periodicity for influenza was less regular. As for long-term effects, phase and amplitude terms of pneumococcal and influenza seasonal sine waves were not correlated and meta-analysis confirmed significant heterogeneity of influenza, but not pneumococcal phase terms. In contrast, influenza was shown to Grangercause pneumococcal disease. A short-term association between IPD and influenza could be demonstrated for 1-week lags in both case-crossover (odds ratio [95% confidence interval] for one case of IPD per 100 influenza cases = 1.10 [1.02-1.18]) and negative binomial regression analysis (incidence rate ratio [95% confidence interval] for one case of IPD per 100 influenza cases = 1.09 [1.05-1.14]).", "cite_spans": [], "ref_spans": [], "section": "Abstract"}, {"text": "Conclusions: Our data support the hypothesis that influenza influences bacterial disease incidence by enhancing short-term risk of invasion in colonized individuals. The absence of correlation between seasonal waveforms, on the other hand, suggests that bacterial disease transmission is affected to a lesser extent.", "cite_spans": [], "ref_spans": [], "section": "Abstract"}], "body_text": [{"text": "The seasonal periodicity of pneumonia and influenza deaths in temperate countries is regarded as sufficiently commonplace that the term ''flu season'' is part of the English language vernacular. However, the widespread recognition of wintertime seasonality of severe respiratory disease obscures the fact that remarkably little is understood about the genesis of such seasonality [1, 2] . The wintertime co-occurrence of peaks in viral and bacterial respiratory disease, including severe invasive disease caused by Streptococcus pneumoniae, is well documented, but how and whether wintertime peaks caused by different pathogens are causally related is unknown. Existing work in this field has consisted largely of descriptive analyses that have evaluated week-by-week correlations between respiratory virus activity and invasive bacterial disease, with or without lags [3] [4] [5] .", "cite_spans": [{"start": 380, "end": 383, "text": "[1,", "ref_id": "BIBREF34"}, {"start": 384, "end": 386, "text": "2]", "ref_id": "BIBREF35"}, {"start": 869, "end": 872, "text": "[3]", "ref_id": "BIBREF36"}, {"start": 873, "end": 876, "text": "[4]", "ref_id": "BIBREF37"}, {"start": 877, "end": 880, "text": "[5]", "ref_id": "BIBREF38"}], "ref_spans": [], "section": "Introduction"}, {"text": "However, seasonal oscillation in disease incidence implies a complex system that includes such elements as loss of immunity and seasonally enhanced transmissibility with the latter potentially attributable to environmental, microbiological, or social forcing factors. Such a complex system cannot be adequately characterized by evaluating cross-sectional correlation in risk, particularly where causal links are concerned. Indeed, statistically significant correlation in risk when evaluating disease processes with shared seasonality is to be expected, and such correlation could be casual, as seen with many human respiratory pathogens with a peak incidence in winter, rather than causal.", "cite_spans": [], "ref_spans": [], "section": "Introduction"}, {"text": "We aimed to investigate the relationship between influenza infection and invasive pneumococcal disease (IPD) in Ontario, Canada, using several complementary methodological tools. We evaluated the relationship between the seasonal wave forms for influenza and IPD using fast Fourier transforms in order to examine the relationship between these epidemic waveforms over yearly timescales, i.e., to test the hypothesis that influenza influences IPD by enhancing person-to-person transmission. We also used three complementary statistical methods (time-series methods, negative binomial regression, and case-crossover methods) to evaluate the short-term effect of influenza dynamics on pneumococcal risk, i.e., to examine whether the risk of IPD is increased in previously colonized individuals.", "cite_spans": [], "ref_spans": [], "section": "Introduction"}, {"text": "The Toronto Invasive Bacterial Diseases Network (TIBDN) study was approved by Research Ethics Boards at all participating institutions. Ethical approval was not required for the remainder of this work.", "cite_spans": [], "ref_spans": [], "section": "Ethics Statement"}, {"text": "The Toronto Invasive Bacterial Diseases Network is a collaboration of all hospitals, microbiology laboratories, infection control practitioners, physicians, and public health units serving the population of metropolitan Toronto and Peel Regions (population 3.7 million), performing population-based surveillance for selected serious bacterial and viral infections [6] [7] [8] . All 25 hospitals, 19 laboratories, and 85 long-term care facilities serving residents of the population area participate in this network. All invasive pneumococcal infections identified in residents of Toronto/Peel from 1 January 1995 through 3 October 2009 were included in the analysis. Invasive pneumococcal infection was defined as illness in which S. pneumoniae was isolated from a normally sterile body site. When S. pneumoniae was isolated from specimens obtained from residents of the study area (defined by postal code), informed consent was obtained to collect isolates and detailed clinical data, including age, sex, and site of infection. Isolates were then sent to the central laboratory at Mount Sinai Hospital (Toronto), where they were confirmed as S. pneumoniae by standard methodology, including colonial morphology on blood agar, bile solubility, and susceptibility to optochin. Annual audits are conducted to ensure completeness of reporting.", "cite_spans": [{"start": 364, "end": 367, "text": "[6]", "ref_id": "BIBREF39"}, {"start": 368, "end": 371, "text": "[7]", "ref_id": "BIBREF40"}, {"start": 372, "end": 375, "text": "[8]", "ref_id": "BIBREF41"}], "ref_spans": [], "section": "Population-Based Surveillance for Invasive Pneumococcal Infections"}, {"text": "A national network of hospital and provincial laboratories submit weekly reports of numbers of tests performed (using viral culture or direct antigen detection) and numbers of positive tests for influenza A and influenza B to the Public Health Agency of Canada. For the purpose of this study, the surveillance data of the province of Ontario from 1 January 1995 through 3 October 2009 were included in the analysis.", "cite_spans": [], "ref_spans": [], "section": "Surveillance for Influenza Infections"}, {"text": "We obtained time series data on ultraviolet (UV) radiation and weather from Environment Canada monitoring stations in the Greater Toronto Area [9, 10] . Where daily readings were taken at multiple locations, the arithmetic means of environmental data were used as exposure variables.", "cite_spans": [{"start": 143, "end": 146, "text": "[9,", "ref_id": "BIBREF42"}, {"start": 147, "end": 150, "text": "10]", "ref_id": "BIBREF43"}], "ref_spans": [], "section": "Environmental Exposure Data"}, {"text": "Evaluation of seasonal waveforms. The seasonality of disease occurrence was evaluated through calculation of autocorrelations for weekly case counts [2] . As yearly periodicity was observed with IPD, we estimated seasonal trends in disease occurrence of IPD and influenza A and B using Poisson and negative binomial regression models that incorporated sine and cosine oscillators, with 52-wk (annual) frequencies (i.e., incorporated fast Fourier transforms) [2, 11] . Using these parameters, the expression for the expected number of case counts for a given week, E(Y) is given by: E(Y) = e a + b1Nsin(2p(week/52))+b2Ncos(2p(week/52)) . Accordingly, the phase-shift of the composite waveform generated by combining sine and cosine components can be approximated as tan 21 (b 1 /b 2 ) and can be used to estimate the timing of peak disease incidence [11] . Similarly, the amplitude (i.e., the maximum disease incidence) can be approximated as", "cite_spans": [{"start": 149, "end": 152, "text": "[2]", "ref_id": "BIBREF35"}, {"start": 458, "end": 461, "text": "[2,", "ref_id": "BIBREF35"}, {"start": 462, "end": 465, "text": "11]", "ref_id": "BIBREF44"}, {"start": 849, "end": 853, "text": "[11]", "ref_id": "BIBREF44"}], "ref_spans": [], "section": "Statistical Analysis"}, {"text": "). Standard errors for phase-shift and amplitude were estimated as sums of standard errors for each model coefficient minus covariance. We evaluated the correlation between phase and amplitude terms for influenza A and B (combined), influenza A, and influenza B and pneumococcal sine waves, by year, by calculating Spearman correlation coefficients. Heterogeneity of phase and amplitude terms for S. pneumoniae, influenza A and B (combined), influenza A, and influenza B was assessed through meta-analysis using Cochran's Q test, and quantified using I 2 statistics. Differences in the magnitude of heterogeneity of amplitude or phase by pathogen was assessed using Knepp and Entwisle's method for assessing difference between chisquared statistics [12] . As the 2003/2004 and 2008/2009 influenza seasons were outliers with respect to timing and amplitude, and we also performed sensitivity analyses in which these years were excluded.", "cite_spans": [{"start": 749, "end": 753, "text": "[12]", "ref_id": "BIBREF45"}], "ref_spans": [], "section": "Statistical Analysis"}, {"text": "Negative binomial regression models. As both deviance and Pearson goodness-of-fit statistics suggested over-dispersion of pneumococcal case counts, we evaluated the relationship between IPD rates, influenza, and environmental exposures using a series of negative binomial regression models [13] . Models incorporated population data derived from the 2001 and 2006 censes as offsets, with linear interpolation and extrapolation used to generate population denominators for noncensus years [14] . Model construction evaluating the impact of influenza A and B (combined), influenza A, or influenza B on IPD risk was performed by including viral infection incidence and environmental exposures considered a priori to be likely to influence pneumococcal disease epidemiology. Candidate exposures were based on prior observations by our group and previously published research by others [5, [15] [16] [17] . Environmental exposures included UV index, temperature, and relative humidity and both virological and environmental exposures were considered at lags of up to 4 wk prior to pneumococcal case occurrence, which we considered to be a biologically plausible window for effects. Models also incorporated seasonal and multi-year trend terms.", "cite_spans": [{"start": 290, "end": 294, "text": "[13]", "ref_id": "BIBREF46"}, {"start": 488, "end": 492, "text": "[14]", "ref_id": "BIBREF47"}, {"start": 881, "end": 884, "text": "[5,", "ref_id": "BIBREF38"}, {"start": 885, "end": 889, "text": "[15]", "ref_id": "BIBREF48"}, {"start": 890, "end": 894, "text": "[16]", "ref_id": "BIBREF49"}, {"start": 895, "end": 899, "text": "[17]", "ref_id": "BIBREF50"}], "ref_spans": [], "section": "Statistical Analysis"}, {"text": "Once models had been fitted, we attempted to enhance model parsimony through model reduction, removing terms that had no influence on pneumococcal case counts, in a manner that minimized Akaike's information criterion (AIC), with final models representing those that best balanced parsimony and fit [18] . In models in which viral exposures were evaluated using either total influenza counts or influenza A counts, strong and statistically significant associations were observed between influenza burden, UV index, and relative humidity; we explored multiplicative interaction terms using categorical variables representing the highest quintile ranks of these exposures [19] . As noted above the 2004 and 2009 influenza seasons were outliers with respect to timing and amplitude, and we also performed sensitivity analyses in which models were reconstructed excluding these years.", "cite_spans": [{"start": 299, "end": 303, "text": "[18]", "ref_id": "BIBREF51"}, {"start": 670, "end": 674, "text": "[19]", "ref_id": "BIBREF52"}], "ref_spans": [], "section": "Statistical Analysis"}, {"text": "Time series methods. Granger causality Wald testing was used to determine whether influenza A and B (combined), influenza A, and influenza B seasons can be used to forecast peaks in pneumococcal infections [20] . Originally, Granger methods were used in econometrics to evaluate the directionality of relationships between closely correlated time series; a causal exposure to an independent variable should be associated with a lagged change in the dependent variable, and this relationship should be absent when the temporal sequence of exposure and response is reversed. In other words, Granger ''causality'' can be used to postulate causality in linear prediction only if one thing happens before another, and not vice versa. It cannot be used to prove causation, but does provide important evidence that can support or refute causality.", "cite_spans": [{"start": 206, "end": 210, "text": "[20]", "ref_id": "BIBREF53"}], "ref_spans": [], "section": "Statistical Analysis"}, {"text": "Case-crossover analysis. We used a case-crossover approach to evaluate short-term associations between influenza A and B (combined), influenza A, and influenza B infection and IPD occurrence during influenza seasons in order to provide a means for evaluating the association between brief exposures and rare outcomes. The design is characterized by ''self matching,'' in that cases serve as their own controls. A ''case'' thereby is a day on which a case occurred, whereas a ''control'' is an adequately selected day on which a case did not occur [21, 22] . A time-stratified 2:1 matched case-crossover design in which hazard periods were defined as the reported date of IPD onset from the Toronto Invasive Bacterial Diseases Network database was incorporated. Beginning on January 1, 1995, the person-time at risk was divided into 3-wk time strata. Control periods were chosen by matching the hazard period by day of the week within the stratum, and could both precede, both follow, or straddle the hazard period [23, 24] . Random directionality of control selection was used in order to avoid biases occurring with unidirectional or uniform bidirectional control selection [24] . We evaluated the effects of influenza exposures and environmental covariates through construction of conditional logistic regression models with time lags from 0 to 4 wk.", "cite_spans": [{"start": 547, "end": 551, "text": "[21,", "ref_id": "BIBREF54"}, {"start": 552, "end": 555, "text": "22]", "ref_id": "BIBREF55"}, {"start": 1014, "end": 1018, "text": "[23,", "ref_id": "BIBREF56"}, {"start": 1019, "end": 1022, "text": "24]", "ref_id": "BIBREF57"}, {"start": 1175, "end": 1179, "text": "[24]", "ref_id": "BIBREF57"}], "ref_spans": [], "section": "Statistical Analysis"}, {"text": "Data were analyzed using Stata version 11.0 (Stata Corporation) and SAS version 9.1 (SAS Institute). p-Values of ,0.05 were considered statistically significant.", "cite_spans": [], "ref_spans": [], "section": "Statistical Analysis"}, {"text": "The period from 1 January 1995 through 3 October 2009 was available for analysis, including a total number of 38,501 positive influenza tests in Ontario and 6,191 episodes of pneumococcal disease in Metropolitan Toronto/Peel Region (Figure 1 ).", "cite_spans": [], "ref_spans": [{"start": 232, "end": 241, "text": "(Figure 1", "ref_id": "FIGREF0"}], "section": "Results"}, {"text": "Annual periodicity (i.e., recurrence at annual intervals) could be demonstrated for pneumococcal disease by spectral decomposition and construction of autocorrelations, with a maximum autocorrelation coefficient (ac) = 0.4488 at week 52 (Figures 1 and 2) . Peak incidence could be observed in week 6 (mid-February).", "cite_spans": [], "ref_spans": [{"start": 237, "end": 254, "text": "(Figures 1 and 2)", "ref_id": "FIGREF0"}], "section": "Periodicity of Influenza and Pneumococcal Disease"}, {"text": "Periodicity of influenza infections was less regular; the maximum ac could be identified at 59-week lags for influenza A and B (combined) (ac = 0.3514), at 59-week lags for influenza A (ac = 0.2922), and at 48-week lags for influenza B (ac = 0.2903).", "cite_spans": [], "ref_spans": [], "section": "Periodicity of Influenza and Pneumococcal Disease"}, {"text": "Negative binomial regression models revealed strong statistical evidence for annual oscillation for both pneumococcal disease and combined influenza A and B infections (p for nonlinear combination of sine and cosine oscillators for both pathogens ,0.001). Whereas meta-analyses revealed substantial heterogeneity of phase (Cochran Q statistic: x 2 = 62810.15, df = 15, p,0.001; I 2 = 100.0%) and amplitude (Cochran Q statistic: x 2 = 5752.86, df = 15, p,0.001; I 2 = 99.7%) terms for influenza A and B (combined), there was less heterogeneity of amplitude (Cochran Q statistic: x 2 = 40.06, df = 15, p,0.001; I 2 = 62.6%) terms for S. pneumoniae, and no significant heterogeneity for phase (Cochran Q statistic: x 2 = 23.28, df = 15, p = 0.08; I 2 = 35.6%) terms. Differences in heterogeneity x 2 statistics between pathogens [12] were highly significant for both amplitude and phase terms (p,0.001). Heterogeneity of phase and amplitude terms of influenza A and influenza B was in line with influenza A and B (combined) (unpublished data). Findings were robust when outlier seasons (2003-2004 and 2008-2009 ) were excluded in sensitivity analyses. Accordingly, no significant association between amplitude and phase of oscillatory waves of pneumococcal disease and influenza A and B (combined), influenza A, or influenza B could be detected using Spearman correlation (Tables 1-3 ).", "cite_spans": [{"start": 826, "end": 830, "text": "[12]", "ref_id": "BIBREF45"}, {"start": 1083, "end": 1107, "text": "(2003-2004 and 2008-2009", "ref_id": null}], "ref_spans": [{"start": 1369, "end": 1380, "text": "(Tables 1-3", "ref_id": "FIGREF0"}], "section": "Periodicity of Influenza and Pneumococcal Disease"}, {"text": "Negative binomial regression analysis. Results from negative binomial regression analysis suggest influenza A and B (combined) activity is associated with IPD (incidence rate ratio = 1.09 case of IPD per 100 influenza cases, p,0.001), after adjustment for seasonal oscillation, multi-year trends, humidity, temperature, and UV index. Furthermore, there is an inverse association between average clear-sky UV index, both during the prior week, and 3 wk prior, and IPD (Table 4 ). Increased relative humidity was also associated with reduced risk of case occurrence. Models constructed using influenza A counts rather than total counts were identical in covariates and model performance to those constructed using total influenza counts (consistent with the large predominance of influenza A infections identified by the FluWatch system). We identified no significant interactions between influenza counts, UV index, and humidity. There was no significant association between influenza B incidence and IPD risk in either univariable or multivariable models. Model results were robust when we excluded influenza seasons that appeared to be outliers with respect to incidence (2003-2004 and 2008-2009 ) (unpublished data).", "cite_spans": [{"start": 1172, "end": 1196, "text": "(2003-2004 and 2008-2009", "ref_id": null}], "ref_spans": [{"start": 467, "end": 475, "text": "(Table 4", "ref_id": null}], "section": "Acute Effects during Influenza Season"}, {"text": "Granger causality Wald test. Based on the Granger causality Wald test, there is evidence that influenza A and B (combined) Granger-cause pneumococcal disease (Chi-square = 23.28, df = 2, p,0.001). These results could be reproduced for influenza A (p,0.001) and influenza B (p = 0.017). Conversely, pneumococcal disease could not be shown to Granger-cause influenza A and B (combined) infection (Chi-square = 4.39, df = 2, p = 0.11).", "cite_spans": [], "ref_spans": [], "section": "Acute Effects during Influenza Season"}, {"text": "Case-crossover results. We were able to identify a significant association between total influenza (A and B) and IPD with a 1-wk lag using a case-crossover approach (odds ratio [95% confidence interval] for one case of IPD per 100 influenza cases, 1.10 [1.02-1.18]) ( Table 5 ). There was no significant association between IPD risk and daily changes in clear-sky UV index, temperature, or relative humidity.", "cite_spans": [], "ref_spans": [{"start": 268, "end": 275, "text": "Table 5", "ref_id": "TABREF3"}], "section": "Acute Effects during Influenza Season"}, {"text": "Although this observational study cannot prove epidemiological causality, our analysis of seasonal oscillation in IPD and influenza A and B incidence in Ontario, Canada, is strongly suggestive of a causal relationship between influenza and IPD. The fact that we did not find a relationship between seasonal dynamics of influenza and IPD suggests that this relationship likely results from effects of influenza on risk of invasive disease in individuals with pneumococcal colonization. We found no epidemiological evidence to support the concept that influenza has a strong effect on IPD risk via changes in pneumococcal transmission dynamics that would be caused by enhanced susceptibility to pneumococcal colonization, increased infectiousness of pneumococcus-colonized individuals, or increased duration of carriage. All such changes would be expected to perturb the dynamics of pneumococcal seasonality in such a way that pneumococcal seasonal waves would ''track'' influenza waves. While we found significant and temporally directional relationships between influenza burden in the population and IPD risk, the seasonal ''waves'' of influenza and IPD were independent of one another, with substantial variability in influenza contrasted with the far more regular seasonal occurrence of IPD. The nonstereotyped nature of wintertime seasonality of viral respiratory pathogens has been noted previously [17] .", "cite_spans": [{"start": 1404, "end": 1408, "text": "[17]", "ref_id": "BIBREF50"}], "ref_spans": [], "section": "Discussion"}, {"text": "While prior work has evaluated the impact of influenza infection on pneumococcal risk, much of this work has been performed in experimental rodent models that may not be generalizable to human populations [25] [26] [27] . A number of epidemiological analyses have been performed; many have failed to account for either confounding by other seasonal factors, or ''ecological fallacy'' resulting from the use of aggregated exposure and outcome data [3] [4] [5] 28] . More methodologically sophisticated studies have yielded conflicting results on the link between influenza and IPD [29] [30] [31] . The major clinical implications of our study are 2-fold: first, that dramatic increases in influenza incidence, as might be seen during a pandemic year, would not in and of themselves imply a marked surge in risk of IPD, but rather would do so only if there were overlap between flu and pneumococcal waves. This observation may help explain the absence of a marked increase in IPD risk in our jurisdiction during the (atypical) spring wave of the 2009 influenza A-H1N1 pandemic. Although public health agencies issued calls for stepped-up pneumococcal vaccination because of the pandemic [32] , the fact that the pandemic and pneumococcal season were out of phase may have made this unnecessary. Second, the short-term surge in IPD risk accompanying lagged increases in influenza, if causal, implies that some fraction of IPD is ''influenza-attributable.'' As such there may be important unrecognized population health benefits associated with influenza vaccination programs that include younger individuals. Traditionally, influenza immunization programs have focused on older individuals and sometimes the very young, as the risk of adverse outcomes of flu appear greatest in these age groups. Some modelers have recommended younger individuals be targeted with influenza vaccination in order to protect older individuals from influenza via herd effects, and these projections appear to have been borne out in at least one recent randomized trial [33, 34] . However, IPD causes important morbidity in those in age groups not included in traditional influenza immunization programs, and our analysis suggests that prevention of influenza-attributable pneumococcal disease could also be considered as a benefit of influenza vaccination targeting older children and younger adults.", "cite_spans": [{"start": 205, "end": 209, "text": "[25]", "ref_id": "BIBREF58"}, {"start": 210, "end": 214, "text": "[26]", "ref_id": "BIBREF59"}, {"start": 215, "end": 219, "text": "[27]", "ref_id": "BIBREF60"}, {"start": 447, "end": 450, "text": "[3]", "ref_id": "BIBREF36"}, {"start": 451, "end": 454, "text": "[4]", "ref_id": "BIBREF37"}, {"start": 455, "end": 458, "text": "[5]", "ref_id": "BIBREF38"}, {"start": 459, "end": 462, "text": "28]", "ref_id": "BIBREF61"}, {"start": 580, "end": 584, "text": "[29]", "ref_id": "BIBREF62"}, {"start": 585, "end": 589, "text": "[30]", "ref_id": "BIBREF63"}, {"start": 590, "end": 594, "text": "[31]", "ref_id": "BIBREF64"}, {"start": 1185, "end": 1189, "text": "[32]", "ref_id": "BIBREF65"}, {"start": 2046, "end": 2050, "text": "[33,", "ref_id": "BIBREF66"}, {"start": 2051, "end": 2054, "text": "34]", "ref_id": "BIBREF67"}], "ref_spans": [], "section": "Discussion"}, {"text": "If our findings are correct, and influenza increases the risk of IPD without influencing pneumococcal transmission dynamics, the question remains: what are the drivers of the remarkably stereotyped seasonality of IPD? Crude correlations between IPD risk and mean weekly temperature and mean weekly minutes of darkness, but not precipitation, have been reported by Dowell et al. [35] . A previous study by our group of environmental determinants of IPD risk in Philadelphia [22] , identified diminished ambient UV radiation as a significant predictor of increased IPD risk, an effect that could either be due to effects of UV radiation on 1,25-(OH) 2 -vitamin-D metabolism, or direct mutagenic effects on vegetative bacteria. The current study, performed in a different jurisdiction, replicates this finding.", "cite_spans": [{"start": 378, "end": 382, "text": "[35]", "ref_id": "BIBREF68"}, {"start": 473, "end": 477, "text": "[22]", "ref_id": "BIBREF55"}], "ref_spans": [], "section": "Discussion"}, {"text": "Like any observational study, ours has several limitations. As it is not possible to randomize exposure to influenza, or to meteorological exposures, observational studies like this one are necessary to evaluate the impact of such exposures on invasive bacterial disease risk in real-world human populations. Limitations of observational designs like the one we have used here include difficulties with residual confounding, ecological fallacy due to aggregation of exposures, and measurement issues. While it is not possible to control for all residual confounding by unmeasured confounders in regression models, our use of seasonal smoothers, multivariable techniques, and case-crossover design should largely have controlled for confounding of influenza effects by seasonally varying factors including seasonal behaviors and meteorological effects. Our use of case-crossover design implicitly matches for all seasonal effects that would be constant over the 3-wk time block used for each risk stratum. The case-crossover approach assumes that the distribution of exposure is constant across referent times, which should be controlled by careful referent selection. It can be associated with bias if referent periods are not chosen a priori or if referents are functions of the observed event times [36] . In order to circumvent this so-called ''overlap bias,'' control periods in our analysis were chosen by matching the hazard period by day of the week within the 3-wk stratum, and could both precede, both follow, or straddle the hazard period [24] .", "cite_spans": [{"start": 1301, "end": 1305, "text": "[36]", "ref_id": "BIBREF69"}, {"start": 1549, "end": 1553, "text": "[24]", "ref_id": "BIBREF57"}], "ref_spans": [], "section": "Discussion"}, {"text": "Although implied by its name, Granger causality testing does not prove true causation in the epidemiologic sense. It originally is an econometric method to infer predictive value of one time series Table 4 . Short-term effects of influenza dynamics on pneumococcal risk using multivariable negative binomial regression analysis. over another and thus, rather than prove causation, adds a valuable piece to the overall interpretation of our analyses towards potential causation. With respect to ecological effects, it should be noted that we effectively treat influenza as an aggregate ''environmental'' exposure, in that we don't have influenza status on the individuals who develop invasive bacterial disease, which creates the risk of ecological effects, including ecological fallacy, in our study. There are practical barriers to formulating an adequately powered study that actually captured data on the temporal relationship between influenza and invasive bacterial disease at the level of the individual (e.g., through ongoing evaluation of individuals in the population for influenza infection, with subsequent identification of the [rare] individuals who developed invasive bacterial disease). Finally, with respect to measurement issues, for influenza A and B, we had to rely on public health surveillance data that are incomplete both because of under-reporting, and also because a majority of individuals with influenza never undergo virological testing [37] . Other exposures may have been misclassified because of measurement or population mobility. This misclassification should not have introduced bias into our study in the absence of correlation between pneumococcal risk and influenza or meteorological reporting but may have reduced our statistical efficiency. Nondifferential misclassification of exposures would mean that the effects reported here are likely to be lower-bound effects, with true effects being larger. Furthermore, the strong degree of agreement in our findings, across multiple methodological approaches, suggests that they are robust and not artifacts of the analytic approach taken.", "cite_spans": [{"start": 1465, "end": 1469, "text": "[37]", "ref_id": "BIBREF70"}], "ref_spans": [{"start": 198, "end": 205, "text": "Table 4", "ref_id": null}], "section": "Discussion"}, {"text": "In conclusion, our data support the hypothesis that influenza influences IPD risk by enhancing pneumococcal invasion in colonized individuals, but has little effect on the transmission dynamics of pneumococcal infection. We suggest that the mechanism for such an effect might be influenza-related alterations at the level of the respiratory epithelium [27] . These effects appear distinct from those of ambient environmental effects, although the effect of increased UV radiation in reducing IPD risk that we had previously reported in a study performed in Philadelphia needs further study [22] . These findings have important implications for disease control policy, and suggest that improved efficacy of influenza vaccines [38] , and novel vaccination strategies that more effectively control influenza by vaccinating younger individuals [33] , could have important effects in reducing IPD as well. Although they found wintertime peaks for infections with both pathogens, there was no correlation between the seasonal wave forms for influenza and IPD. That is, there was no relationship between the seasonal patterns of the two infections. By contrast, two of the statistical methods used to test hypothesis 2 revealed a short-term association between infections with influenza and with IPD. Moreover, the third statistical method (the Granger causality Wald test, a type of time-series analysis) provided evidence that data collected at intervals on influenza can be used to predict peaks in IPD infections.", "cite_spans": [{"start": 352, "end": 356, "text": "[27]", "ref_id": "BIBREF60"}, {"start": 590, "end": 594, "text": "[22]", "ref_id": "BIBREF55"}, {"start": 725, "end": 729, "text": "[38]", "ref_id": "BIBREF71"}, {"start": 840, "end": 844, "text": "[33]", "ref_id": "BIBREF66"}], "ref_spans": [], "section": "Discussion"}, {"text": "What Do These Findings Mean? These findings support (but do not prove) the hypothesis that influenza influences IPD incidence by enhancing the short-term risk of bacterial invasion in individuals already colonized with S. pneumoniae, possibly by increasing the permeability of the lining of the airways to bacteria. By contrast, the lack of correlation between the seasonal wave forms for the two diseases suggests that person-to-person transfer of S. pneumoniae is affected by influenza infections to a lesser extent. These findings have important implications for disease control policy. First, they suggest that the increased number of influenza infections in pandemic years may not necessarily be accompanied by a marked surge in IPD. Second, because the findings suggest that some cases of IPD may be influenza-attributable, the extension of influenza vaccination to school-age children and young adults (a group of people at particular risk of IPD who are not normally vaccinated against influenza) could reduce the incidence of IPD as well as the incidence of influenza. ", "cite_spans": [], "ref_spans": [], "section": "Discussion"}], "bib_entries": {"BIBREF0": {"ref_id": "b0", "title": "Network are as follows", "authors": [], "year": null, "venue": "", "volume": "", "issn": "", "pages": "", "other_ids": {}}, "BIBREF2": {"ref_id": "b2", "title": "Credit Valley Hospital", "authors": [{"first": "A", "middle": [], "last": "Sarabia", "suffix": ""}], "year": null, "venue": "", "volume": "", "issn": "", "pages": "", "other_ids": {}}, "BIBREF3": {"ref_id": "b3", "title": "Dynacare Laboratories", "authors": [{"first": "J", "middle": [], "last": "Kapala", "suffix": ""}], "year": null, "venue": "", "volume": "", "issn": "", "pages": "", "other_ids": {}}, "BIBREF6": {"ref_id": "b6", "title": "Hospital for Sick Children", "authors": [{"first": "A", "middle": [], "last": "Matlow", "suffix": ""}, {"first": "S", "middle": [], "last": "Richardson", "suffix": ""}, {"first": "D", "middle": [], "last": "Tran", "suffix": ""}], "year": null, "venue": "", "volume": "", "issn": "", "pages": "", "other_ids": {}}, "BIBREF7": {"ref_id": "b7", "title": "Humber River Regional Hospital", "authors": [{"first": "K", "middle": [], "last": "Lee", "suffix": ""}], "year": null, "venue": "", "volume": "", "issn": "", "pages": "", "other_ids": {}}, "BIBREF12": {"ref_id": "b12", "title": "Markham Stouffville Hospital", "authors": [{"first": "P", "middle": [], "last": "Shokry", "suffix": ""}], "year": null, "venue": "", "volume": "", "issn": "", "pages": "", "other_ids": {}}, "BIBREF15": {"ref_id": "b15", "title": "North York General Hospital", "authors": [{"first": "K", "middle": [], "last": "Katz", "suffix": ""}, {"first": "B", "middle": [], "last": "Mederski", "suffix": ""}], "year": null, "venue": "", "volume": "", "issn": "", "pages": "", "other_ids": {}}, "BIBREF17": {"ref_id": "b17", "title": "Ontario Agency for Health Protection and Promotion", "authors": [{"first": "J", "middle": [], "last": "Gubbay", "suffix": ""}, {"first": "F", "middle": [], "last": "Jamieson", "suffix": ""}, {"first": "D", "middle": [], "last": "Low", "suffix": ""}], "year": null, "venue": "", "volume": "", "issn": "", "pages": "", "other_ids": {}}, "BIBREF19": {"ref_id": "b19", "title": "Rouge Valley Health System", "authors": [{"first": "I", "middle": [], "last": "Kitai", "suffix": ""}], "year": null, "venue": "", "volume": "", "issn": "", "pages": "", "other_ids": {}}, "BIBREF22": {"ref_id": "b22", "title": "Soldier's Memorial Hospital", "authors": [{"first": "C", "middle": [], "last": "Wigston", "suffix": ""}], "year": null, "venue": "", "volume": "", "issn": "", "pages": "", "other_ids": {}}, "BIBREF24": {"ref_id": "b24", "title": "St. Michael's Hospital", "authors": [{"first": "M", "middle": [], "last": "Muller", "suffix": ""}, {"first": "R", "middle": [], "last": "Devlin", "suffix": ""}], "year": null, "venue": "", "volume": "", "issn": "", "pages": "", "other_ids": {}}, "BIBREF25": {"ref_id": "b25", "title": "Sunnybrook Health Sciences Centre", "authors": [{"first": "A", "middle": [], "last": "Simor", "suffix": ""}, {"first": "M", "middle": [], "last": "Vearncombe", "suffix": ""}], "year": null, "venue": "", "volume": "", "issn": "", "pages": "", "other_ids": {}}, "BIBREF26": {"ref_id": "b26", "title": "The Scarborough Hospital", "authors": [{"first": "R", "middle": [], "last": "Lovinsky", "suffix": ""}, {"first": "D", "middle": [], "last": "Rose", "suffix": ""}], "year": null, "venue": "", "volume": "", "issn": "", "pages": "", "other_ids": {}}, "BIBREF27": {"ref_id": "b27", "title": "Toronto East General Hospital (Toronto, Canada) and Headwaters Healthcare Centre", "authors": [{"first": "J", "middle": [], "last": "Downey", "suffix": ""}], "year": null, "venue": "", "volume": "", "issn": "", "pages": "", "other_ids": {}}, "BIBREF29": {"ref_id": "b29", "title": "Trillium Health Centre", "authors": [{"first": "K", "middle": [], "last": "Ostrowska", "suffix": ""}], "year": null, "venue": "", "volume": "", "issn": "", "pages": "", "other_ids": {}}, "BIBREF33": {"ref_id": "b33", "title": "All members of the Toronto Invasive Bacterial Diseases Network have acquired data for this study and revised the article critically for important intellectual content", "authors": [{"first": "D", "middle": [], "last": "Chen", "suffix": ""}], "year": null, "venue": "", "volume": "", "issn": "", "pages": "", "other_ids": {}}, "BIBREF34": {"ref_id": "b34", "title": "Dynamical resonance can account for seasonality of influenza epiemics", "authors": [{"first": "J", "middle": [], "last": "Dushoff", "suffix": ""}, {"first": "J", "middle": ["B"], "last": "Plotkin", "suffix": ""}, {"first": "S", "middle": ["A"], "last": "Levin", "suffix": ""}, {"first": "D", "middle": ["J"], "last": "Earn", "suffix": ""}], "year": 2004, "venue": "Proc Natl Acad Sci U S A", "volume": "101", "issn": "", "pages": "16915--16916", "other_ids": {}}, "BIBREF35": {"ref_id": "b35", "title": "Seasonality of infectious diseases", "authors": [{"first": "D", "middle": ["N"], "last": "Fisman", "suffix": ""}], "year": 2007, "venue": "Annu Rev Public Health", "volume": "28", "issn": "", "pages": "127--143", "other_ids": {}}, "BIBREF36": {"ref_id": "b36", "title": "Association of invasive pneumococcal disease with season, atmospheric conditions, air pollution, and the isolation of respiratory viruses", "authors": [{"first": "P", "middle": ["E"], "last": "Kim", "suffix": ""}, {"first": "D", "middle": ["M"], "last": "Musher", "suffix": ""}, {"first": "W", "middle": ["P"], "last": "Glezen", "suffix": ""}, {"first": "M", "middle": ["C"], "last": "Rodriguez-Barradas", "suffix": ""}, {"first": "W", "middle": ["K"], "last": "Nahm", "suffix": ""}], "year": 1996, "venue": "Clin Infect Dis", "volume": "22", "issn": "", "pages": "100--106", "other_ids": {}}, "BIBREF37": {"ref_id": "b37", "title": "Seasonality of invasive pneumococcal disease: temporal relation to documented influenza and respiratory syncytial viral circulation", "authors": [{"first": "T", "middle": ["R"], "last": "Talbot", "suffix": ""}, {"first": "K", "middle": ["A"], "last": "Poehling", "suffix": ""}, {"first": "T", "middle": ["V"], "last": "Hartert", "suffix": ""}, {"first": "P", "middle": ["G"], "last": "Arbogast", "suffix": ""}, {"first": "N", "middle": ["B"], "last": "Halasa", "suffix": ""}], "year": 2005, "venue": "Am J Med", "volume": "118", "issn": "", "pages": "285--291", "other_ids": {}}, "BIBREF38": {"ref_id": "b38", "title": "The association of respiratory viruses, temperature, and other climatic parameters with the incidence of invasive pneumococcal disease in", "authors": [{"first": "M", "middle": [], "last": "Watson", "suffix": ""}, {"first": "R", "middle": [], "last": "Gilmour", "suffix": ""}, {"first": "R", "middle": [], "last": "Menzies", "suffix": ""}, {"first": "M", "middle": [], "last": "Ferson", "suffix": ""}, {"first": "P", "middle": [], "last": "Mcintyre", "suffix": ""}], "year": 2006, "venue": "Clin Infect Dis", "volume": "42", "issn": "", "pages": "211--215", "other_ids": {}}, "BIBREF39": {"ref_id": "b39", "title": "Macrolide resistance in bacteremic pneumococcal disease: implications for patient management", "authors": [{"first": "N", "middle": [], "last": "Daneman", "suffix": ""}, {"first": "A", "middle": [], "last": "Mcgeer", "suffix": ""}, {"first": "K", "middle": [], "last": "Green", "suffix": ""}, {"first": "D", "middle": ["E"], "last": "Low", "suffix": ""}], "year": 2006, "venue": "Clin Infect Dis", "volume": "43", "issn": "", "pages": "432--438", "other_ids": {}}, "BIBREF40": {"ref_id": "b40", "title": "Antiviral therapy and outcomes of influenza requiring hospitalization in Ontario", "authors": [{"first": "A", "middle": [], "last": "Mcgeer", "suffix": ""}, {"first": "K", "middle": ["A"], "last": "Green", "suffix": ""}, {"first": "A", "middle": [], "last": "Plevneshi", "suffix": ""}, {"first": "A", "middle": [], "last": "Shigayeva", "suffix": ""}, {"first": "N", "middle": [], "last": "Siddiqi", "suffix": ""}], "year": 2007, "venue": "Canada. Clin Infect Dis", "volume": "45", "issn": "", "pages": "1568--1575", "other_ids": {}}, "BIBREF41": {"ref_id": "b41", "title": "Predicting antimicrobial resistance in invasive pneumococcal infections", "authors": [{"first": "O", "middle": ["G"], "last": "Vanderkooi", "suffix": ""}, {"first": "D", "middle": ["E"], "last": "Low", "suffix": ""}, {"first": "K", "middle": [], "last": "Green", "suffix": ""}, {"first": "J", "middle": ["E"], "last": "Powis", "suffix": ""}, {"first": "A", "middle": [], "last": "Mcgeer", "suffix": ""}], "year": 2005, "venue": "Clin Infect Dis", "volume": "40", "issn": "", "pages": "1288--1297", "other_ids": {}}, "BIBREF42": {"ref_id": "b42", "title": "Ministry of the Environment (Canada)", "authors": [], "year": 2010, "venue": "", "volume": "", "issn": "", "pages": "", "other_ids": {}}, "BIBREF43": {"ref_id": "b43", "title": "UV index climatology over the United States and Canada from ground-based and satellite estimates", "authors": [{"first": "V", "middle": ["E"], "last": "Fioletov", "suffix": ""}, {"first": "M", "middle": ["G"], "last": "Kimlin", "suffix": ""}, {"first": "N", "middle": [], "last": "Krotkov", "suffix": ""}, {"first": "Ljb", "middle": [], "last": "Mcarthur", "suffix": ""}, {"first": "J", "middle": ["B"], "last": "Kerr", "suffix": ""}], "year": 2004, "venue": "J Geophys Res", "volume": "109", "issn": "", "pages": "", "other_ids": {}}, "BIBREF44": {"ref_id": "b44", "title": "Global data for ecology and epidemiology: a novel algorithm for temporal Fourier processing MODIS data", "authors": [{"first": "J", "middle": ["P"], "last": "Scharlemann", "suffix": ""}, {"first": "D", "middle": [], "last": "Benz", "suffix": ""}, {"first": "S", "middle": ["I"], "last": "Hay", "suffix": ""}, {"first": "B", "middle": ["V"], "last": "Purse", "suffix": ""}, {"first": "A", "middle": ["J"], "last": "Tatem", "suffix": ""}], "year": 2008, "venue": "PloS One", "volume": "3", "issn": "", "pages": "", "other_ids": {"DOI": ["10.1371/journal.pone.0001408"]}}, "BIBREF45": {"ref_id": "b45", "title": "On the use and misuse of chi-square", "authors": [{"first": "K", "middle": [], "last": "Delucchi", "suffix": ""}], "year": 1993, "venue": "A handbook for data analysis in the behavioral sciences: statistical issues. London: Routledge", "volume": "", "issn": "", "pages": "295--320", "other_ids": {}}, "BIBREF46": {"ref_id": "b46", "title": "Methods for improving regression analysis for skewed continuous or counted responses", "authors": [{"first": "A", "middle": ["A"], "last": "Afifi", "suffix": ""}, {"first": "J", "middle": ["B"], "last": "Kotlerman", "suffix": ""}, {"first": "S", "middle": ["L"], "last": "Ettner", "suffix": ""}, {"first": "M", "middle": [], "last": "Cowan", "suffix": ""}], "year": 2007, "venue": "Annu Rev Public Health", "volume": "28", "issn": "", "pages": "95--111", "other_ids": {}}, "BIBREF47": {"ref_id": "b47", "title": "Applied logistic regression", "authors": [{"first": "D", "middle": ["W"], "last": "Hosmer", "suffix": ""}, {"first": "S", "middle": [], "last": "Lemeshow", "suffix": ""}], "year": 1989, "venue": "", "volume": "", "issn": "", "pages": "", "other_ids": {}}, "BIBREF48": {"ref_id": "b48", "title": "Let the sun shine in: effects of ultraviolet radiation on invasive pneumococcal disease risk in", "authors": [{"first": "A", "middle": ["N"], "last": "White", "suffix": ""}, {"first": "V", "middle": [], "last": "Ng", "suffix": ""}, {"first": "C", "middle": ["V"], "last": "Spain", "suffix": ""}, {"first": "C", "middle": ["C"], "last": "Johnson", "suffix": ""}, {"first": "L", "middle": ["M"], "last": "Kinlin", "suffix": ""}], "year": null, "venue": "BMC Infect Dis", "volume": "9", "issn": "", "pages": "", "other_ids": {}}, "BIBREF49": {"ref_id": "b49", "title": "Association of respiratory virus activity and environmental factors with the incidence of invasive pneumococcal disease", "authors": [{"first": "D", "middle": ["R"], "last": "Murdoch", "suffix": ""}, {"first": "L", "middle": ["C"], "last": "Jennings", "suffix": ""}], "year": 2009, "venue": "J Infect", "volume": "58", "issn": "", "pages": "37--46", "other_ids": {}}, "BIBREF50": {"ref_id": "b50", "title": "Seasonality of infectious diseases and severe acute respiratory syndrome-what we don't know can hurt us", "authors": [{"first": "S", "middle": ["F"], "last": "Dowell", "suffix": ""}, {"first": "M", "middle": ["S"], "last": "Ho", "suffix": ""}], "year": 2004, "venue": "Lancet Infect Dis", "volume": "4", "issn": "", "pages": "704--708", "other_ids": {}}, "BIBREF51": {"ref_id": "b51", "title": "Overview of maximum likelihood estimation. Regression modeling strategies with applications to linear models,logistic regression and survival models", "authors": [{"first": "F", "middle": ["E"], "last": "Harrell", "suffix": ""}], "year": 2001, "venue": "", "volume": "", "issn": "", "pages": "", "other_ids": {}}, "BIBREF52": {"ref_id": "b52", "title": "Confounding and interaction. epidemiology: study design and data analysis", "authors": [{"first": "M", "middle": [], "last": "Woodward", "suffix": ""}], "year": 2005, "venue": "", "volume": "", "issn": "", "pages": "163--214", "other_ids": {}}, "BIBREF53": {"ref_id": "b53", "title": "Investigating causal relations by econometric methods and cross-spectral methods", "authors": [{"first": "C", "middle": [], "last": "Granger", "suffix": ""}], "year": 1969, "venue": "Econometrica", "volume": "37", "issn": "", "pages": "424--438", "other_ids": {}}, "BIBREF54": {"ref_id": "b54", "title": "It's not the heat, it's the humidity: wet weather increases legionellosis risk in the greater Philadelphia metropolitan area", "authors": [{"first": "D", "middle": ["N"], "last": "Fisman", "suffix": ""}, {"first": "S", "middle": [], "last": "Lim", "suffix": ""}, {"first": "G", "middle": ["A"], "last": "Wellenius", "suffix": ""}, {"first": "C", "middle": [], "last": "Johnson", "suffix": ""}, {"first": "P", "middle": [], "last": "Britz", "suffix": ""}], "year": 2005, "venue": "J Infect Dis", "volume": "192", "issn": "", "pages": "2066--2073", "other_ids": {}}, "BIBREF55": {"ref_id": "b55", "title": "Let the sun shine in: effects of ultraviolet radiation on invasive pneumococcal disease risk in", "authors": [{"first": "A", "middle": ["N"], "last": "White", "suffix": ""}, {"first": "V", "middle": [], "last": "Ng", "suffix": ""}, {"first": "C", "middle": ["V"], "last": "Spain", "suffix": ""}, {"first": "C", "middle": ["C"], "last": "Johnson", "suffix": ""}, {"first": "L", "middle": ["M"], "last": "Kinlin", "suffix": ""}], "year": null, "venue": "BMC Infect Dis", "volume": "9", "issn": "", "pages": "", "other_ids": {}}, "BIBREF56": {"ref_id": "b56", "title": "Case-crossover analyses of air pollution exposure data: referent selection strategies and their implications for bias", "authors": [{"first": "H", "middle": [], "last": "Janes", "suffix": ""}, {"first": "L", "middle": [], "last": "Sheppard", "suffix": ""}, {"first": "T", "middle": [], "last": "Lumley", "suffix": ""}], "year": 2005, "venue": "Epidemiology", "volume": "16", "issn": "", "pages": "717--726", "other_ids": {}}, "BIBREF57": {"ref_id": "b57", "title": "Referent selection in case-crossover analyses of acute health effects of air pollution", "authors": [{"first": "D", "middle": [], "last": "Levy", "suffix": ""}, {"first": "T", "middle": [], "last": "Lumley", "suffix": ""}, {"first": "L", "middle": [], "last": "Sheppard", "suffix": ""}, {"first": "J", "middle": [], "last": "Kaufman", "suffix": ""}, {"first": "H", "middle": [], "last": "Checkoway", "suffix": ""}], "year": 2001, "venue": "Epidemiology", "volume": "12", "issn": "", "pages": "186--192", "other_ids": {}}, "BIBREF58": {"ref_id": "b58", "title": "Influenza A virus facilitates Streptococcus pneumoniae transmission and disease", "authors": [{"first": "D", "middle": ["A"], "last": "Diavatopoulos", "suffix": ""}, {"first": "K", "middle": ["R"], "last": "Short", "suffix": ""}, {"first": "J", "middle": ["T"], "last": "Price", "suffix": ""}, {"first": "J", "middle": ["J"], "last": "Wilksch", "suffix": ""}, {"first": "L", "middle": ["E"], "last": "Brown", "suffix": ""}], "year": 2010, "venue": "FASEB J", "volume": "24", "issn": "", "pages": "1789--1798", "other_ids": {}}, "BIBREF59": {"ref_id": "b59", "title": "Pneumococcal surface protein A contributes to secondary Streptococcus pneumoniae infection after influenza virus infection", "authors": [{"first": "Q", "middle": ["O"], "last": "King", "suffix": ""}, {"first": "B", "middle": [], "last": "Lei", "suffix": ""}, {"first": "A", "middle": ["G"], "last": "Harmsen", "suffix": ""}], "year": 2009, "venue": "J Infect Dis", "volume": "200", "issn": "", "pages": "537--545", "other_ids": {}}, "BIBREF60": {"ref_id": "b60", "title": "Role of neuraminidase in lethal synergism between influenza virus and Streptococcus pneumoniae", "authors": [{"first": "J", "middle": ["A"], "last": "Mccullers", "suffix": ""}, {"first": "K", "middle": ["C"], "last": "Bartmess", "suffix": ""}], "year": 2003, "venue": "J Infect Dis", "volume": "187", "issn": "", "pages": "1000--1009", "other_ids": {}}, "BIBREF61": {"ref_id": "b61", "title": "The ecological effects of individual exposures and nonlinear disease dynamics in populations", "authors": [{"first": "J", "middle": ["S"], "last": "Koopman", "suffix": ""}, {"first": "I", "middle": ["M"], "last": "Longini", "suffix": ""}, {"first": "Jr", "middle": [], "last": "", "suffix": ""}], "year": 1994, "venue": "Am J Public Health", "volume": "84", "issn": "", "pages": "836--842", "other_ids": {}}, "BIBREF62": {"ref_id": "b62", "title": "Occurrence of invasive pneumococcal disease and number of excess cases due to influenza", "authors": [{"first": "K", "middle": [], "last": "Grabowska", "suffix": ""}, {"first": "L", "middle": [], "last": "Hogberg", "suffix": ""}, {"first": "P", "middle": [], "last": "Penttinen", "suffix": ""}, {"first": "A", "middle": [], "last": "Svensson", "suffix": ""}, {"first": "K", "middle": [], "last": "Ekdahl", "suffix": ""}], "year": 2006, "venue": "BMC Infect Dis", "volume": "6", "issn": "", "pages": "", "other_ids": {}}, "BIBREF63": {"ref_id": "b63", "title": "No temporal association between influenza outbreaks and invasive pneumococcal infections", "authors": [{"first": "A", "middle": ["M"], "last": "Toschke", "suffix": ""}, {"first": "S", "middle": [], "last": "Arenz", "suffix": ""}, {"first": "R", "middle": [], "last": "Von Kries", "suffix": ""}, {"first": "W", "middle": [], "last": "Puppe", "suffix": ""}, {"first": "J", "middle": ["A"], "last": "Weigl", "suffix": ""}], "year": 2008, "venue": "Arch Dis Child", "volume": "93", "issn": "", "pages": "", "other_ids": {}}, "BIBREF64": {"ref_id": "b64", "title": "Influenza circulation and the burden of invasive pneumococcal pneumonia during a non-pandemic period in the United States", "authors": [{"first": "N", "middle": ["D"], "last": "Walter", "suffix": ""}, {"first": "T", "middle": ["H"], "last": "Taylor", "suffix": ""}, {"first": "D", "middle": ["K"], "last": "Shay", "suffix": ""}, {"first": "W", "middle": ["W"], "last": "Thompson", "suffix": ""}, {"first": "L", "middle": [], "last": "Brammer", "suffix": ""}], "year": 2010, "venue": "Clin Infect Dis", "volume": "50", "issn": "", "pages": "", "other_ids": {}}, "BIBREF65": {"ref_id": "b65", "title": "Interim guidance for use of 23-valent pneumococcal polysaccharide vaccine during novel influenza A (H1N1) outbreak", "authors": [], "year": 2009, "venue": "Centers for Disease Control and Prevention", "volume": "", "issn": "", "pages": "", "other_ids": {}}, "BIBREF66": {"ref_id": "b66", "title": "Long-standing influenza vaccination policy is in accord with individual self-interest but not with the utilitarian optimum", "authors": [{"first": "A", "middle": ["P"], "last": "Galvani", "suffix": ""}, {"first": "T", "middle": ["C"], "last": "Reluga", "suffix": ""}, {"first": "G", "middle": ["B"], "last": "Chapman", "suffix": ""}], "year": 2007, "venue": "Proc Natl Acad Sci U S A", "volume": "104", "issn": "", "pages": "5692--5697", "other_ids": {}}, "BIBREF67": {"ref_id": "b67", "title": "Effect of influenza vaccination of children on infection rates in Hutterite communities: a randomized trial", "authors": [{"first": "M", "middle": [], "last": "Loeb", "suffix": ""}, {"first": "M", "middle": ["L"], "last": "Russell", "suffix": ""}, {"first": "L", "middle": [], "last": "Moss", "suffix": ""}, {"first": "K", "middle": [], "last": "Fonseca", "suffix": ""}, {"first": "J", "middle": [], "last": "Fox", "suffix": ""}], "year": 2010, "venue": "JAMA", "volume": "303", "issn": "", "pages": "943--950", "other_ids": {}}, "BIBREF68": {"ref_id": "b68", "title": "Seasonal patterns of invasive pneumococcal disease", "authors": [{"first": "S", "middle": ["F"], "last": "Dowell", "suffix": ""}, {"first": "C", "middle": ["G"], "last": "Whitney", "suffix": ""}, {"first": "C", "middle": [], "last": "Wright", "suffix": ""}, {"first": "C", "middle": ["E"], "last": "Rose", "suffix": ""}, {"first": "Jr", "middle": [], "last": "Schuchat", "suffix": ""}, {"first": "A", "middle": [], "last": "", "suffix": ""}], "year": 2003, "venue": "Emerg Infect Dis", "volume": "9", "issn": "", "pages": "573--579", "other_ids": {}}, "BIBREF69": {"ref_id": "b69", "title": "Overlap bias in the case-crossover design, with application to air pollution exposures", "authors": [{"first": "H", "middle": [], "last": "Janes", "suffix": ""}, {"first": "L", "middle": [], "last": "Sheppard", "suffix": ""}, {"first": "T", "middle": [], "last": "Lumley", "suffix": ""}], "year": 2005, "venue": "Stat Med", "volume": "24", "issn": "", "pages": "285--300", "other_ids": {}}, "BIBREF70": {"ref_id": "b70", "title": "Completeness of notifiable infectious disease reporting in the United States: an analytical literature review", "authors": [{"first": "T", "middle": ["J"], "last": "Doyle", "suffix": ""}, {"first": "M", "middle": ["K"], "last": "Glynn", "suffix": ""}, {"first": "S", "middle": ["L"], "last": "Groseclose", "suffix": ""}], "year": 2002, "venue": "Am J Epidemiol", "volume": "155", "issn": "", "pages": "866--874", "other_ids": {}}, "BIBREF71": {"ref_id": "b71", "title": "Influenza control in the 21st century: Optimizing protection of older adults", "authors": [{"first": "A", "middle": ["S"], "last": "Monto", "suffix": ""}, {"first": "F", "middle": [], "last": "Ansaldi", "suffix": ""}, {"first": "R", "middle": [], "last": "Aspinall", "suffix": ""}, {"first": "J", "middle": ["E"], "last": "Mcelhaney", "suffix": ""}, {"first": "L", "middle": ["F"], "last": "Montano", "suffix": ""}], "year": 2009, "venue": "Vaccine", "volume": "27", "issn": "", "pages": "5043--5053", "other_ids": {}}}, "ref_entries": {"FIGREF0": {"text": "Surveillance for influenza A and B and IPD. Weekly numbers of IPD (black bars) and positive tests for influenza A (thin curve) and B (thick curve). in the areas under surveillance from January 1995 to October 2009. doi:10.1371/journal.pmed.1001042.g001", "latex": null, "type": "figure"}, "FIGREF1": {"text": "Periodicity of influenza and IPD. Periodicity of (A) IPD, (B) influenza A and B (combined), (C) influenza A, and (D) influenza B in the Toronto-Peel area, Ontario, Canada as illustrated by autocorrelograms, for the time period from January 1995 to October 2009. doi:10.1371/journal.pmed.1001042.g002", "latex": null, "type": "figure"}, "FIGREF2": {"text": "Information. Please access these Web sites via the online version of this summary at http://dx.doi.org/10. 1371/journal.pmed.1001042 N A related research article by the same authors evaluating links between respiratory viruses and invasive meningococcal disease can be found in PLoS One (e0015493) N The US Centers for Disease Control and Prevention provides information for patients and health professionals on all aspects of seasonal influenza and pneumococcal disease and pneumococcal vaccination N The UK National Health Service Choices website also provides information for patients about seasonal influenza and pneumococcal infection N MedlinePlus has links to further information about influenza and pneumococcal infections (in English and Spanish) N FluWatch is the Canadian national surveillance system for influenza N More information about the Toronto Invasive Bacterial Network is available N The International Association for Ecology and Health provides information on the physical environment and its influence on health", "latex": null, "type": "figure"}, "TABREF0": {"text": "Spearman correlation coefficients for the association of phase and amplitude terms for influenza A and pneumococcal sine waves.", "latex": null, "type": "table", "html": "<html><body><table><tr><td>Phase or Amplitude </td><td>Phase Influenza A </td><td>Amplitude S. pneumoniae </td><td>Phase S. pneumoniae\n</td></tr><tr><td>Amplitude influenza A </td><td>20.19 (0.48) </td><td>20.06 (0.83) </td><td>20.20 (0.05)\n</td></tr><tr><td>Phase influenza A </td><td>- </td><td>20.11 (0.70) </td><td>0.12 (0.65)\n</td></tr></table></body></html>"}, "TABREF2": {"text": "", "latex": null, "type": "table"}, "TABREF3": {"text": "Short-term associations between influenza A and B and IPD according to case-crossover methods. cause illness all year round, others are responsible for seasonal peaks of illness. These peaks occur because of a complex interplay of factors such as the loss of immunity to the pathogen over time and seasonal changes in the pathogen's ability to infect new individuals. Thus, in temperate countries in the northern hemisphere, illness caused by influenza viruses (pathogens that infect the nose, throat, and airways) usually peaks between December and March, perhaps because weather conditions during these months favor the survival of influenza virus in the environment and thus increase its chances of being transferred among people. Another illness that peaks during the winter months in temperate regions is pneumonia, a severe lung infection that is often caused by Streptococcus pneumoniae. These bacteria can colonize the back of the throat without causing disease but occasionally spread into the lungs and other organs where they cause potentially fatal invasive pneumococcal disease (IPD). Was This Study Done? Although the co-occurrence of seasonal peaks of influenza and IPD is well documented, it is unclear whether (or how) these peaks are causally related. For example, do the peaks of influenza and IPD both occur in the winter because influenza enhances person-to-person transmission of S. pneumoniae (hypothesis 1)? Alternatively, do the diseases co-occur because influenza infection increases the risk of IPD in individuals who are already colonized with S. pneumoniae (hypothesis 2)? Healthcare professionals need to know whether there is a causal relationship between influenza and IPD so that they can target vaccination for both diseases to those individuals most at risk of developing the potentially serious complications of these diseases. In this study, the researchers use several mathematical and statistical methods and data on influenza and IPD collected in Ontario, Canada to investigate the relationship between these seasonal illnesses.What Did the Researchers Do and Find? Between January 1995 and October 2009, 38,501 positive influenza tests were recorded in Ontario by the Canadian national influenza surveillance network. Over the same time period, the Toronto Invasive Bacterial Diseases Network (a group of hospitals, laboratories, and doctors that undertakes population-based surveillance for serious bacterial infections in the Toronto and Peel Regions of Ontario) recorded 6,191 IPD episodes. The researchers used a mathematical method called fast Fourier transforms that compares the shape of wave forms to look for any relationship between infections with the two pathogens over yearly timescales (a test of hypothesis 1) and three statistical methods to evaluate the short-term effect of influenza dynamics on IPD risk (tests of hypothesis 2).", "latex": null, "type": "table"}}, "back_matter": [{"text": "Collaborating investigators in the Toronto Invasive Bacterial Disease", "cite_spans": [], "ref_spans": [], "section": "Acknowledgments"}]}