{"paper_id": "0c0e91904a6c84a7ee80cc69fe83370aaa3ca708", "metadata": {"title": "Travel-related MERS-CoV cases: an assessment of exposures and risk factors in a group of Dutch travellers returning from the Kingdom of Saudi Arabia, May 2014", "authors": [{"first": "Ewout", "middle": ["B"], "last": "Fanoy", "suffix": "", "affiliation": {}, "email": ""}, {"first": "Marianne", "middle": [], "last": "Ab Van Der Sande", "suffix": "", "affiliation": {}, "email": ""}, {"first": "Marleen", "middle": [], "last": "Kraaij-Dirkzwager", "suffix": "", "affiliation": {}, "email": ""}, {"first": "Kees", "middle": [], "last": "Dirksen", "suffix": "", "affiliation": {}, "email": ""}, {"first": "Marcel", "middle": [], "last": "Jonges", "suffix": "", "affiliation": {}, "email": ""}, {"first": "Wim", "middle": [], "last": "Van Der Hoek", "suffix": "", "affiliation": {}, "email": ""}, {"first": "Marion", "middle": ["Pg"], "last": "Koopmans", "suffix": "", "affiliation": {}, "email": ""}, {"first": "Douwe", "middle": [], "last": "Van Der Werf", "suffix": "", "affiliation": {}, "email": ""}, {"first": "Gerard", "middle": [], "last": "Sonder", "suffix": "", "affiliation": {}, "email": ""}, {"first": "Charlie", "middle": [], "last": "Van Der Weijden", "suffix": "", "affiliation": {}, "email": ""}, {"first": "Jet", "middle": [], "last": "Van Der Heuvel", "suffix": "", "affiliation": {}, "email": ""}, {"first": "Luc", "middle": [], "last": "Gelinck", "suffix": "", "affiliation": {}, "email": ""}, {"first": "Jolande", "middle": ["W"], "last": "Bouwhuis", "suffix": "", "affiliation": {}, "email": ""}, {"first": "Arianne", "middle": ["B"], "last": "Van Gageldonk-Lafeber", "suffix": "", "affiliation": {}, "email": ""}]}, "abstract": [{"text": "on behalf of the members of the MERS-CoV outbreak investigation team of The Netherlands Abstract Background: In May 2014, Middle East respiratory syndrome coronavirus (MERS-CoV) infection, with closely related viral genomes, was diagnosed in two Dutch residents, returning from a pilgrimage to Medina and Mecca, Kingdom of Saudi Arabia (KSA). These patients travelled with a group of 29 other Dutch travellers. We conducted an epidemiological assessment of the travel group to identify likely source(s) of infection and presence of potential risk factors.", "cite_spans": [], "ref_spans": [], "section": "Abstract"}, {"text": "Methods: All travellers, including the two cases, completed a questionnaire focussing on potential human, animal and food exposures to MERS-CoV. The questionnaire was modified from the WHO MERS-CoV questionnaire, taking into account the specific route and activities of the travel group.", "cite_spans": [], "ref_spans": [], "section": "Abstract"}, {"text": "Results: Twelve non-cases drank unpasteurized camel milk and had contact with camels. Most travellers, including one of the two patients (Case 1), visited local markets, where six of them consumed fruits. Two travellers, including Case 1, were exposed to coughing patients when visiting a hospital in Medina. Four travellers, including Case 1, visited two hospitals in Mecca. All travellers had been in contact with Case 1 while he was sick, with initially non-respiratory complaints. The cases were found to be older than the other travellers and both had co-morbidities.", "cite_spans": [], "ref_spans": [], "section": "Abstract"}, {"text": "Conclusions: This epidemiological study revealed the complexity of MERS-CoV outbreak investigations with multiple potential exposures to MERS-CoV reported such as healthcare visits, camel exposure, and exposure to untreated food products. Exposure to MERS-CoV during a hospital visit is considered a likely source of infection for Case 1 but not for Case 2. For Case 2, the most likely source could not be determined. Exposure to MERS-CoV via direct contact with animals or dairy products seems unlikely for the two Dutch cases. Furthermore, exposure to a common but still unidentified source cannot be ruled out. More comprehensive research into sources of infection in the Arabian Peninsula is needed to strengthen and specify the prevention of MERS-CoV infections.", "cite_spans": [], "ref_spans": [], "section": "Abstract"}], "body_text": [{"text": "In 2012, the Middle East respiratory syndrome coronavirus (MERS-CoV) was isolated for the first time from the sputum of a 60-year-old man who presented with an acute pneumonia in Kingdom of Saudi Arabia (KSA) [1] . As of June 24 2014, 707 laboratory-confirmed cases of MERS-CoV infection have been reported to the WHO including 252 (36%) fatal cases [2] . Following the first upsurge of cases in spring 2013, a second wave occurred in 2014, mainly in KSA [3] . Most cases so far either resided in or travelled to the Arabian Peninsula and neighbouring countries or were close contacts of these cases. Furthermore, travel related cases have been reported from the United States of America (USA), the United Kingdom (UK), Germany, France, Tunisia, Italy, Greece, Algeria, Egypt, the Philippines and Malaysia [3] [4] [5] [6] [7] .", "cite_spans": [{"start": 209, "end": 212, "text": "[1]", "ref_id": "BIBREF0"}, {"start": 350, "end": 353, "text": "[2]", "ref_id": "BIBREF1"}, {"start": 455, "end": 458, "text": "[3]", "ref_id": null}, {"start": 806, "end": 809, "text": "[3]", "ref_id": null}, {"start": 810, "end": 813, "text": "[4]", "ref_id": "BIBREF2"}, {"start": 814, "end": 817, "text": "[5]", "ref_id": "BIBREF3"}, {"start": 818, "end": 821, "text": "[6]", "ref_id": "BIBREF4"}, {"start": 822, "end": 825, "text": "[7]", "ref_id": "BIBREF5"}], "ref_spans": [], "section": "Background"}, {"text": "So far, mainly sporadic cases are reported as well as a few hospital outbreaks, which is in line with a low reproduction rate (R0) of MERS-CoV, estimated to range from 0.4 to 1.5 [8] [9] [10] . The median incubation period is estimated to be 5.2 days (95% CI 1.9-14.7 days) [8] . For most non healthcare associated cases no clear source of infection could be identified, although camels are considered a reservoir as the virus and antibodies against MERS-CoV have been identified in camels (Camelus dromedarius) and in their milk [9, 10] . The exact modes of transmission of the virus to humans remain unclear [11] [12] [13] [14] , leaving the possibility for other yet unidentified sources of infection. To stop or reduce transmission of MERS-CoV and prevent new human infections, it is important to identify all potential sources of infections as well as risk factors and route(s) of transmission.", "cite_spans": [{"start": 179, "end": 182, "text": "[8]", "ref_id": null}, {"start": 183, "end": 186, "text": "[9]", "ref_id": "BIBREF8"}, {"start": 187, "end": 191, "text": "[10]", "ref_id": "BIBREF9"}, {"start": 274, "end": 277, "text": "[8]", "ref_id": null}, {"start": 530, "end": 533, "text": "[9,", "ref_id": "BIBREF8"}, {"start": 534, "end": 537, "text": "10]", "ref_id": "BIBREF9"}, {"start": 610, "end": 614, "text": "[11]", "ref_id": "BIBREF10"}, {"start": 615, "end": 619, "text": "[12]", "ref_id": "BIBREF11"}, {"start": 620, "end": 624, "text": "[13]", "ref_id": "BIBREF12"}, {"start": 625, "end": 629, "text": "[14]", "ref_id": "BIBREF13"}], "ref_spans": [], "section": "Background"}, {"text": "In May 2014, MERS-CoV infection was diagnosed in two Dutch residents. These cases travelled with a group of 29 other people, returning to the Netherlands from pilgrimage to Medina and Mecca, KSA [15] . We conducted a comprehensive epidemiological assessment of the travel group aiming to identify the likely source(s) of infection and presence of potential risk factors for these two cases.", "cite_spans": [{"start": 195, "end": 199, "text": "[15]", "ref_id": "BIBREF14"}], "ref_spans": [], "section": "Background"}, {"text": "We compiled a questionnaire based on sample questionnaires originating from two WHO-protocols aimed to asses risk factors and investigate contacts of patients with MERS-CoV infection [16, 17] . We adapted the questionnaire to the specific route and activities of the Dutch travellers. Our questionnaire covered human, animal and food exposures to MERS-CoV during the whole trip to KSA. The questionnaires consisted of 28 open and closed questions, and it took approximately 20 minutes to complete the face-to-face interview with the travellers (Additional file 1). Nurses of the public health services administered the questionnaires approximately 3 weeks after return to the Netherlands. For the two cases the questionnaire was completed with data on the travel route and stay in KSA collected by the National Coordination Centre for Communicable Disease Control.", "cite_spans": [{"start": 183, "end": 187, "text": "[16,", "ref_id": "BIBREF15"}, {"start": 188, "end": 191, "text": "17]", "ref_id": "BIBREF16"}], "ref_spans": [], "section": "Methods"}, {"text": "The patients were a 70-year-old man (Case 1) and his 73-year-old sister (Case 2), both having underlying cardiovascular co-morbidities and diabetes mellitus. The remaining travel group included 29 persons (41% male) aged between 10 and 70 years (median age: 55 years). Seventeen (59%) of the non-cases did not report any comorbidities (Table 1 ). Upon identification of Case 1, throat swabs of all contacts were tested by PCR to assess other MERS-CoV cases. Apart from Case 2, who had reported mild respiratory complaints starting on the 5 th of May (t = day 9), all other 29 travellers tested negative and did not develop symptoms.", "cite_spans": [], "ref_spans": [{"start": 335, "end": 343, "text": "(Table 1", "ref_id": "TABREF0"}], "section": "Results"}, {"text": "The group made a pilgrimage to Medina and Mecca, KSA ( Figure 1 ). They arrived on the 26th of April 2014 (day 0) in Medina, left by private bus to Mecca on the 4 th of May (day 8) and returned to Amsterdam on the 10 th of May (day 14). Case 1 started to feel feverish and had diarrhoea on the 1 st of May (day 5). Respiratory complaints started on the 10 th of May (day 14). MERS-CoV was identified in Case 1 on the 13 th of May (day 17) and in Case 2 on the 14 th of May (day 18). Detailed case reports of the two patients are described by Kraaij et al. [15] . During their pilgrimage, the whole group stayed in the same hotels and had breakfasts together. There was no fixed collective travel programme, but they had some joint visits to several mosques. The travellers also spent time alone or in smaller subgroups, visiting different mosques, markets and restaurants.", "cite_spans": [{"start": 556, "end": 560, "text": "[15]", "ref_id": "BIBREF14"}], "ref_spans": [{"start": 55, "end": 63, "text": "Figure 1", "ref_id": "FIGREF1"}], "section": "Travel route exposures"}, {"text": "The exposures for both the cases and 29 asymptomatic travellers during their visit to Saudi Arabia are summarized in Table 2 .", "cite_spans": [], "ref_spans": [{"start": 117, "end": 124, "text": "Table 2", "ref_id": "TABREF1"}], "section": "Travel route exposures"}, {"text": "On the 3 rd of May (day 7), 12 travellers (excluding the two cases) made a trip to the touristic valley Wadi-e-Jinn, and stopped when they came across a herd of camels laying behind an improvised razor fence. Four travellers reported direct contact with the camels. Eight travellers mentioned indirect contact, for example via the fences surrounding the animals. Eleven travellers consumed unpasteurized camel milk, offered to them by the caretakers of the camels. Besides contact with camels, two travellers reported that they spotted many pigeons in the cities and fed them. No other direct contact with animals was mentioned. Page 2 of 6 http://www.ete-online.com/content/11/1/16", "cite_spans": [], "ref_spans": [], "section": "Animal exposure"}, {"text": "As mentioned above, eleven travellers, excluding the two cases, consumed unpasteurized camel milk. Furthermore, 22 travellers, including Case 1, visited one or more local markets in Medina. Seven of them, excluding Case 1, bought and consumed a range of fruits such as prunes and dates. Furthermore, 14 travellers bought souvenirs, such as dates, perfume and clothing on these markets.", "cite_spans": [], "ref_spans": [], "section": "Food exposure"}, {"text": "Case 1 and his son visited two hospitals in Medina on the 29 th of April (day 3) because of eye complaints of the son. As mentioned before, they spent 45 minutes in a crowded waiting room of a general hospital where they were exposed to coughing patients. Subsequently, the son was referred to a specialized eye clinic where they spent no time in a waiting room and did not notice any coughing patients.", "cite_spans": [], "ref_spans": [], "section": "Human exposures Hospital exposures"}, {"text": "On the 5 th of May (day 9), Case 1, accompanied by his son, visited an emergency department of a general hospital in Mecca because of acute malaise, weakness, nausea and diarrhoea (without respiratory complaints). These symptoms started on May 1 (day 5). Case 1 and his son spend 30-45 minutes in the waiting room, though they had no specific exposure to coughing people. On the 7 th of May (day 11) Case 1 returned to another hospital in Mecca, accompanied by his son, where he only briefly stayed in the waiting room, received antibiotic treatment and was observed for approximately three hours. Four other travellers, including his son, accompanied him. Two of them did not notice any coughing persons, while the other two did not answer this question. Case 2 did not visit a hospital during the pilgrimage or prior to her diagnosis in the Netherlands.", "cite_spans": [], "ref_spans": [], "section": "Human exposures Hospital exposures"}, {"text": "Two travellers (Case 1 and his son) waited 45 minutes in a crowded waiting room of a general hospital in Medina (29th of April, day 3) where they were exposed to coughing patients. One other traveller, who did not enter a hospital, reported coughing persons outdoors. The duration and intensity of this contact was not clarified in more detail. Case 1 and 2 had been in close contact with each other during the entire trip, as they shared hotel rooms.", "cite_spans": [], "ref_spans": [], "section": "Contact with coughing persons"}, {"text": "All 29 travellers had been in contact with both cases during the trip. Seventeen travellers had minimal social contact with the two cases, for example only brief eye contact in the hotel lobby or in the bus. Twelve travellers reported daily contact, such as visits to the hotel room of Case 1 while he was sick, or accompanying him while shopping. The son of Case 1 had the most intensive contact sharing a hotel room with both cases. Nevertheless, his throat swabs tested negative to MERS-CoV by PCR during the follow-up after the identification of Case 1.", "cite_spans": [], "ref_spans": [], "section": "Contact with coughing persons"}, {"text": "We found no indications that the two cases were infected via contact with specific animals or dairy products. Infection during a hospital visit could be a source for Case 1. Sequence analysis of parts of the viral genome collected from both patients had shown that the strains were nearly identical, suggesting that the cases have infected each other, or that they were exposed to a common source. In the latter case, exposure during a hospital visit is unlikely because Case 2 did not visit a hospital before onset of disease. The possibility of asymptomatic infections and transmission among the accompanying travellers cannot be ruled out, but seems unlikely in view of the negative PCR results. Subsequently, although considered unlikely, we cannot exclude the possibility of asymptomatic travellers being a source of infection for Case 1 and/or 2. No other common sources were identified although we cannot exclude the possibility of lack of accurate recall or indirect exposure to animal excreta. It might be possible that one or both cases were infected during non-specific contacts with the local population or the environment. If initial zoonotic introductions of MERS-CoV from camels have been followed by low level presence among the (asymptomatic) population or in the environment at large, this might result in an ongoing community-based outbreak, which, unlike SARS, cannot be controlled by rigorous hospital hygiene alone. Both patients were of older age and had comorbidities. In general, older age and comorbidity are considered risk factors for symptomatic MERS-CoV infections, although this was not the case in all outbreaks [18, 19] . In this study, the distribution of symptoms towards higher age and comorbidity fits this assumption. Ongoing serological analysis upon travellers and people exposed to the case in the Netherlands may reveal to what extent asymptomatic infection has occurred. The remainder of the travellers did not develop symptomatic MERS-CoV and did not have positive PCR-test results despite exposure to camels, dairy products and the two cases. This could point to a low transmissibility of the virus, which is also illustrated by the limited number of secondary infections among contacts of import cases described elsewhere, with the reservation that asymptomatic infections among the remaining travellers cannot be excluded fully as final serologic results are not available [5, 6] . Currently, there is only limited epidemiological information published considering potential sources and transmission dynamics of MERS-CoV infection within the Arabian Peninsula. Descriptive studies among a well-defined group of travellers can therefore provide relevant epidemiologic information, even when the number of travellers is too small to draw definite conclusions. More in depth epidemiological investigation of comparable travel groups will add to the body of evidence, although the diversity of activities during a relatively short trip makes accurate recall of potential exposure challenging. Alternatively, prospective cohort studies among travellers to affected areas, whereby travellers are asked to keep a daily diary, are likely to be more informative and complete. Due to the uncertainty about the source, the detailed questions of the WHO-questionnaire were a very useful guide to decide on the most relevant exposures to be explored, adapted to the specific route of travel.", "cite_spans": [{"start": 1644, "end": 1648, "text": "[18,", "ref_id": "BIBREF17"}, {"start": 1649, "end": 1652, "text": "19]", "ref_id": "BIBREF18"}, {"start": 2420, "end": 2423, "text": "[5,", "ref_id": "BIBREF3"}, {"start": 2424, "end": 2426, "text": "6]", "ref_id": "BIBREF4"}], "ref_spans": [], "section": "Discussion"}, {"text": "The exact source of infection remains difficult to identify. Case 1 could have been infected during his visit to a Page 4 of 6 http://www.ete-online.com/content/11/1/16 hospital and subsequently have infected Case 2. However, exposure to a common source for both Case 1 and 2 cannot be ruled out. Besides, Case 1 may have been exposed to a yet unidentified source and subsequently have infected Case 2, or vice versa. More research to relevant sources in the Arabian Peninsula is needed. The suggested role of underlying disease to develop MERS-CoV infection is in line with the age and comorbidity of the two Dutch cases and the absence of symptomatic MERS-CoV infections among the younger and healthier travellers.", "cite_spans": [], "ref_spans": [], "section": "Conclusions"}, {"text": "Additional file 1: The questionnaire.", "cite_spans": [], "ref_spans": [], "section": "Additional file"}], "bib_entries": {"BIBREF0": {"ref_id": "b0", "title": "Isolation of a novel coronavirus from a man with pneumonia in Saudi Arabia", "authors": [{"first": "A", "middle": ["M"], "last": "Zaki", "suffix": ""}, {"first": "S", "middle": [], "last": "Van Boheemen", "suffix": ""}, {"first": "T", "middle": ["M"], "last": "Bestebroer", "suffix": ""}, {"first": "A", "middle": ["D"], "last": "Osterhaus", "suffix": ""}, {"first": "R", "middle": ["A"], "last": "Fouchier", "suffix": ""}], "year": null, "venue": "N Engl J Med", "volume": "2012", "issn": "19", "pages": "1814--1820", "other_ids": {}}, "BIBREF1": {"ref_id": "b1", "title": "Organization WH: Coronavirus Infections Global Alert and Repsonse (GAR)", "authors": [], "year": 2014, "venue": "", "volume": "", "issn": "", "pages": "", "other_ids": {}}, "BIBREF2": {"ref_id": "b2", "title": "First confirmed cases of Middle East respiratory syndrome coronavirus (MERS-CoV) infection in the united states, updated information on the epidemiology of MERS-CoV infection, and guidance for the public, clinicians, and public health authorities", "authors": [{"first": "S", "middle": ["R"], "last": "Bialek", "suffix": ""}, {"first": "D", "middle": [], "last": "Allen", "suffix": ""}, {"first": "F", "middle": [], "last": "Alvarado-Ramy", "suffix": ""}, {"first": "R", "middle": [], "last": "Arthur", "suffix": ""}, {"first": "A", "middle": [], "last": "Balajee", "suffix": ""}, {"first": "D", "middle": [], "last": "Bell", "suffix": ""}, {"first": "S", "middle": [], "last": "Best", "suffix": ""}, {"first": "C", "middle": [], "last": "Blackmore", "suffix": ""}, {"first": "L", "middle": [], "last": "Breakwell", "suffix": ""}, {"first": "A", "middle": [], "last": "Cannons", "suffix": ""}, {"first": "C", "middle": [], "last": "Brown", "suffix": ""}, {"first": "M", "middle": [], "last": "Cetron", "suffix": ""}, {"first": "N", "middle": [], "last": "Chea", "suffix": ""}, {"first": "C", "middle": [], "last": "Chommanard", "suffix": ""}, {"first": "N", "middle": [], "last": "Cohen", "suffix": ""}, {"first": "C", "middle": [], "last": "Conover", "suffix": ""}, {"first": "A", "middle": [], "last": "Crespo", "suffix": ""}, {"first": "J", "middle": [], "last": "Creviston", "suffix": ""}, {"first": "A", "middle": ["T"], "last": "Curns", "suffix": ""}, {"first": "R", "middle": [], "last": "Dahl", "suffix": ""}, {"first": "S", "middle": [], "last": "Dearth", "suffix": ""}, {"first": "A", "middle": [], "last": "Demaria", "suffix": ""}, {"first": "F", "middle": [], "last": "Echols", "suffix": ""}, {"first": "D", "middle": ["D"], "last": "Erdman", "suffix": ""}, {"first": "D", "middle": [], "last": "Feikin", "suffix": ""}, {"first": "M", "middle": [], "last": "Frias", "suffix": ""}, {"first": "S", "middle": ["I"], "last": "Gerber", "suffix": ""}, {"first": "R", "middle": [], "last": "Gulati", "suffix": ""}, {"first": "C", "middle": [], "last": "Hale", "suffix": ""}, {"first": "L", "middle": ["M"], "last": "Haynes", "suffix": ""}], "year": 2014, "venue": "MMWR Morb Mortal Wkly Rep", "volume": "63", "issn": "19", "pages": "431--436", "other_ids": {}}, "BIBREF3": {"ref_id": "b3", "title": "Euro surveillance: bulletin Europeen sur les maladies transmissibles = European communicable disease bulletin", "authors": [{"first": "R", "middle": ["G"], "last": "Pebody", "suffix": ""}, {"first": "M", "middle": ["A"], "last": "Chand", "suffix": ""}, {"first": "H", "middle": ["L"], "last": "Thomas", "suffix": ""}, {"first": "H", "middle": ["K"], "last": "Green", "suffix": ""}, {"first": "N", "middle": ["L"], "last": "Boddington", "suffix": ""}, {"first": "C", "middle": [], "last": "Carvalho", "suffix": ""}, {"first": "C", "middle": ["S"], "last": "Brown", "suffix": ""}, {"first": "S", "middle": ["R"], "last": "Anderson", "suffix": ""}, {"first": "C", "middle": [], "last": "Rooney", "suffix": ""}, {"first": "E", "middle": [], "last": "Crawley-Boevey", "suffix": ""}, {"first": "D", "middle": ["J"], "last": "Irwin", "suffix": ""}, {"first": "E", "middle": [], "last": "Aarons", "suffix": ""}, {"first": "C", "middle": [], "last": "Tong", "suffix": ""}, {"first": "W", "middle": [], "last": "Newsholme", "suffix": ""}, {"first": "N", "middle": [], "last": "Price", "suffix": ""}, {"first": "C", "middle": [], "last": "Langrish", "suffix": ""}, {"first": "D", "middle": [], "last": "Tucker", "suffix": ""}, {"first": "H", "middle": [], "last": "Zhao", "suffix": ""}, {"first": "N", "middle": [], "last": "Phin", "suffix": ""}, {"first": "J", "middle": [], "last": "Crofts", "suffix": ""}, {"first": "A", "middle": [], "last": "Bermingham", "suffix": ""}, {"first": "E", "middle": [], "last": "Gilgunn-Jones", "suffix": ""}, {"first": "K", "middle": ["E"], "last": "Brown", "suffix": ""}, {"first": "B", "middle": [], "last": "Evans", "suffix": ""}, {"first": "M", "middle": [], "last": "Catchpole", "suffix": ""}, {"first": "J", "middle": ["M"], "last": "Watson", "suffix": ""}], "year": 2012, "venue": "", "volume": "17", "issn": "", "pages": "", "other_ids": {}}, "BIBREF4": {"ref_id": "b4", "title": "Investigation of an imported case of Middle East respiratory syndrome coronavirus (MERS-CoV) infection in", "authors": [{"first": "S", "middle": [], "last": "Puzelli", "suffix": ""}, {"first": "A", "middle": [], "last": "Azzi", "suffix": ""}, {"first": "M", "middle": ["G"], "last": "Santini", "suffix": ""}, {"first": "Di", "middle": [], "last": "Martino", "suffix": ""}, {"first": "A", "middle": [], "last": "Facchini", "suffix": ""}, {"first": "M", "middle": [], "last": "Castrucci", "suffix": ""}, {"first": "M", "middle": ["R"], "last": "Meola", "suffix": ""}, {"first": "M", "middle": [], "last": "Arvia", "suffix": ""}, {"first": "R", "middle": [], "last": "Corcioli", "suffix": ""}, {"first": "F", "middle": [], "last": "Pierucci", "suffix": ""}, {"first": "F", "middle": [], "last": "Baretti", "suffix": ""}, {"first": "S", "middle": [], "last": "Bartoloni", "suffix": ""}, {"first": "A", "middle": [], "last": "Bartolozzi", "suffix": ""}, {"first": "D", "middle": [], "last": "De Martino", "suffix": ""}, {"first": "M", "middle": [], "last": "Galli", "suffix": ""}, {"first": "L", "middle": [], "last": "Pompa", "suffix": ""}, {"first": "M", "middle": ["G"], "last": "Rezza", "suffix": ""}, {"first": "G", "middle": [], "last": "Balocchini", "suffix": ""}, {"first": "E", "middle": [], "last": "Donatelli", "suffix": ""}, {"first": "I", "middle": [], "last": "", "suffix": ""}], "year": 2013, "venue": "Euro surveillance: bulletin Europeen sur les maladies transmissibles = European communicable disease bulletin", "volume": "18", "issn": "", "pages": "2--5", "other_ids": {}}, "BIBREF5": {"ref_id": "b5", "title": "A case of imported Middle East respiratory syndrome coronavirus infection and public health response", "authors": [{"first": "S", "middle": [], "last": "Tsiodras", "suffix": ""}, {"first": "A", "middle": [], "last": "Baka", "suffix": ""}, {"first": "A", "middle": [], "last": "Mentis", "suffix": ""}, {"first": "D", "middle": [], "last": "Iliopoulos", "suffix": ""}, {"first": "X", "middle": [], "last": "Dedoukou", "suffix": ""}, {"first": "G", "middle": [], "last": "Papamavrou", "suffix": ""}, {"first": "S", "middle": [], "last": "Karadima", "suffix": ""}, {"first": "M", "middle": [], "last": "Emmanouil", "suffix": ""}, {"first": "A", "middle": [], "last": "Kossyvakis", "suffix": ""}, {"first": "N", "middle": [], "last": "Spanakis", "suffix": ""}, {"first": "A", "middle": [], "last": "Pavli", "suffix": ""}, {"first": "H", "middle": [], "last": "Maltezou", "suffix": ""}, {"first": "A", "middle": [], "last": "Karageorgou", "suffix": ""}, {"first": "G", "middle": [], "last": "Spala", "suffix": ""}, {"first": "V", "middle": [], "last": "Pitiriga", "suffix": ""}, {"first": "E", "middle": [], "last": "Kosmas", "suffix": ""}, {"first": "S", "middle": [], "last": "Tsiagklis", "suffix": ""}, {"first": "S", "middle": [], "last": "Gkatzias", "suffix": ""}, {"first": "N", "middle": [], "last": "Koulouris", "suffix": ""}, {"first": "A", "middle": [], "last": "Koutsoukou", "suffix": ""}, {"first": "P", "middle": [], "last": "Bakakos", "suffix": ""}, {"first": "E", "middle": [], "last": "Markozanhs", "suffix": ""}, {"first": "G", "middle": [], "last": "Dionellis", "suffix": ""}, {"first": "K", "middle": [], "last": "Pontikis", "suffix": ""}, {"first": "N", "middle": [], "last": "Rovina", "suffix": ""}, {"first": "M", "middle": [], "last": "Kyriakopoulou", "suffix": ""}, {"first": "P", "middle": [], "last": "Efstathiou", "suffix": ""}, {"first": "T", "middle": [], "last": "Papadimitriou", "suffix": ""}, {"first": "J", "middle": [], "last": "Kremastinou", "suffix": ""}, {"first": "A", "middle": [], "last": "Tsakris", "suffix": ""}, {"first": "G", "middle": [], "last": "Saroglou", "suffix": ""}], "year": 2014, "venue": "European communicable disease bulletin", "volume": "19", "issn": "16", "pages": "", "other_ids": {}}, "BIBREF7": {"ref_id": "b7", "title": "Clinical features and viral diagnosis of two cases of infection with Middle East Respiratory Syndrome coronavirus: a report of nosocomial transmission", "authors": [{"first": "A", "middle": [], "last": "Fontanet", "suffix": ""}, {"first": "S", "middle": [], "last": "Van Der Werf", "suffix": ""}, {"first": "Group", "middle": [], "last": "Me-Cs", "suffix": ""}], "year": null, "venue": "Lancet", "volume": "2013", "issn": "9885", "pages": "2265--2272", "other_ids": {}}, "BIBREF8": {"ref_id": "b8", "title": "Middle East respiratory syndrome coronavirus neutralising serum antibodies in dromedary camels: a comparative serological study", "authors": [{"first": "C", "middle": ["B"], "last": "Reusken", "suffix": ""}, {"first": "B", "middle": ["L"], "last": "Haagmans", "suffix": ""}, {"first": "M", "middle": ["A"], "last": "Muller", "suffix": ""}, {"first": "C", "middle": [], "last": "Gutierrez", "suffix": ""}, {"first": "G", "middle": ["J"], "last": "Godeke", "suffix": ""}, {"first": "B", "middle": [], "last": "Meyer", "suffix": ""}, {"first": "D", "middle": [], "last": "Muth", "suffix": ""}, {"first": "V", "middle": ["S"], "last": "Raj", "suffix": ""}, {"first": "", "middle": [], "last": "Smits-De", "suffix": ""}, {"first": "L", "middle": [], "last": "Vries", "suffix": ""}, {"first": "V", "middle": ["M"], "last": "Corman", "suffix": ""}, {"first": "J", "middle": ["F"], "last": "Drexler", "suffix": ""}, {"first": "S", "middle": ["L"], "last": "Smits", "suffix": ""}, {"first": "El", "middle": [], "last": "Tahir", "suffix": ""}, {"first": "Y", "middle": ["E"], "last": "", "suffix": ""}, {"first": "De", "middle": [], "last": "Sousa", "suffix": ""}, {"first": "R", "middle": [], "last": "Van Beek", "suffix": ""}, {"first": "J", "middle": [], "last": "Nowotny", "suffix": ""}, {"first": "N", "middle": [], "last": "Van Maanen", "suffix": ""}, {"first": "K", "middle": [], "last": "Hidalgo-Hermoso", "suffix": ""}, {"first": "E", "middle": [], "last": "Bosch", "suffix": ""}, {"first": "B", "middle": ["J"], "last": "Rottier", "suffix": ""}, {"first": "P", "middle": [], "last": "Osterhaus", "suffix": ""}, {"first": "A", "middle": [], "last": "Gortazar-Schmidt", "suffix": ""}, {"first": "C", "middle": [], "last": "Drosten", "suffix": ""}, {"first": "C", "middle": [], "last": "Koopmans", "suffix": ""}, {"first": "M", "middle": ["P"], "last": "", "suffix": ""}], "year": 2013, "venue": "Lancet Infect Dis", "volume": "13", "issn": "10", "pages": "859--866", "other_ids": {}}, "BIBREF9": {"ref_id": "b9", "title": "Geographic distribution of MERS coronavirus among dromedary camels", "authors": [{"first": "Cbem", "middle": [], "last": "Reusken", "suffix": ""}, {"first": "", "middle": [], "last": "Ml", "suffix": ""}, {"first": "A", "middle": [], "last": "Feyisa", "suffix": ""}, {"first": "H", "middle": [], "last": "Ularamu", "suffix": ""}, {"first": "G-J", "middle": [], "last": "Godeke", "suffix": ""}, {"first": "A", "middle": [], "last": "Danmarwa", "suffix": ""}, {"first": "F", "middle": [], "last": "Dawo", "suffix": ""}, {"first": "M", "middle": [], "last": "Jemli", "suffix": ""}, {"first": "S", "middle": [], "last": "Melaku", "suffix": ""}, {"first": "D", "middle": [], "last": "Shamaki", "suffix": ""}, {"first": "Y", "middle": [], "last": "Woma", "suffix": ""}, {"first": "Y", "middle": [], "last": "Wungak", "suffix": ""}, {"first": "E", "middle": ["Z"], "last": "Gebremedhin", "suffix": ""}, {"first": "I", "middle": [], "last": "Zutt", "suffix": ""}, {"first": "B-J", "middle": [], "last": "Bosch", "suffix": ""}, {"first": "B", "middle": ["L"], "last": "Haagmans", "suffix": ""}, {"first": "Mpg", "middle": [], "last": "Koopmans", "suffix": ""}], "year": 2014, "venue": "Africa. Emerg Infect Dis", "volume": "20", "issn": "8", "pages": "1370--1374", "other_ids": {}}, "BIBREF10": {"ref_id": "b10", "title": "Middle East respiratory syndrome coronavirus in dromedary camels: an outbreak investigation", "authors": [{"first": "B", "middle": ["L"], "last": "Haagmans", "suffix": ""}, {"first": "Al", "middle": [], "last": "Dhahiry", "suffix": ""}, {"first": "S", "middle": ["H"], "last": "Reusken", "suffix": ""}, {"first": "C", "middle": ["B"], "last": "Raj", "suffix": ""}, {"first": "V", "middle": ["S"], "last": "Galiano", "suffix": ""}, {"first": "M", "middle": [], "last": "Myers", "suffix": ""}, {"first": "R", "middle": [], "last": "Godeke", "suffix": ""}, {"first": "G", "middle": ["J"], "last": "Jonges", "suffix": ""}, {"first": "M", "middle": [], "last": "Farag", "suffix": ""}, {"first": "E", "middle": [], "last": "Diab", "suffix": ""}, {"first": "A", "middle": [], "last": "Ghobashy", "suffix": ""}, {"first": "H", "middle": [], "last": "Alhajri", "suffix": ""}, {"first": "F", "middle": [], "last": "Al-Thani", "suffix": ""}, {"first": "M", "middle": [], "last": "", "suffix": ""}, {"first": "Al-Marri", "middle": [], "last": "Sa", "suffix": ""}, {"first": "Al", "middle": [], "last": "Romaihi", "suffix": ""}, {"first": "H", "middle": ["E"], "last": "", "suffix": ""}, {"first": "Al", "middle": [], "last": "Khal", "suffix": ""}, {"first": "A", "middle": [], "last": "Bermingham", "suffix": ""}, {"first": "A", "middle": [], "last": "Osterhaus", "suffix": ""}, {"first": "A", "middle": ["D"], "last": "Alhajri", "suffix": ""}, {"first": "M", "middle": ["M"], "last": "Koopmans", "suffix": ""}, {"first": "M", "middle": ["P"], "last": "", "suffix": ""}], "year": 2014, "venue": "Lancet Infect Dis", "volume": "14", "issn": "2", "pages": "140--145", "other_ids": {}}, "BIBREF11": {"ref_id": "b11", "title": "Human infection with MERS coronavirus after exposure to infected camels", "authors": [{"first": "Z", "middle": ["A"], "last": "Memish", "suffix": ""}, {"first": "M", "middle": [], "last": "Cotten", "suffix": ""}, {"first": "B", "middle": [], "last": "Meyer", "suffix": ""}, {"first": "S", "middle": ["J"], "last": "Watson", "suffix": ""}, {"first": "A", "middle": ["J"], "last": "Alsahafi", "suffix": ""}, {"first": "Al", "middle": [], "last": "Rabeeah", "suffix": ""}, {"first": "A", "middle": ["A"], "last": "Corman", "suffix": ""}, {"first": "V", "middle": ["M"], "last": "Sieberg", "suffix": ""}, {"first": "A", "middle": [], "last": "Makhdoom", "suffix": ""}, {"first": "H", "middle": ["Q"], "last": "Assiri", "suffix": ""}, {"first": "A", "middle": [], "last": "", "suffix": ""}, {"first": "Al", "middle": [], "last": "Masri", "suffix": ""}, {"first": "M", "middle": [], "last": "Aldabbagh", "suffix": ""}, {"first": "S", "middle": [], "last": "Bosch", "suffix": ""}, {"first": "B", "middle": ["J"], "last": "Beer", "suffix": ""}, {"first": "M", "middle": [], "last": "Muller", "suffix": ""}, {"first": "M", "middle": ["A"], "last": "Kellam", "suffix": ""}, {"first": "P", "middle": [], "last": "Drosten", "suffix": ""}, {"first": "C", "middle": [], "last": "", "suffix": ""}], "year": 2013, "venue": "Emerg Infect Dis", "volume": "20", "issn": "6", "pages": "1012--1015", "other_ids": {}}, "BIBREF12": {"ref_id": "b12", "title": "Antibodies against MERS coronavirus in dromedary camels", "authors": [{"first": "B", "middle": [], "last": "Meyer", "suffix": ""}, {"first": "M", "middle": ["A"], "last": "Muller", "suffix": ""}, {"first": "V", "middle": ["M"], "last": "Corman", "suffix": ""}, {"first": "C", "middle": ["B"], "last": "Reusken", "suffix": ""}, {"first": "D", "middle": [], "last": "Ritz", "suffix": ""}, {"first": "G", "middle": ["J"], "last": "Godeke", "suffix": ""}, {"first": "E", "middle": [], "last": "Lattwein", "suffix": ""}, {"first": "S", "middle": [], "last": "Kallies", "suffix": ""}, {"first": "A", "middle": [], "last": "Siemens", "suffix": ""}, {"first": "J", "middle": [], "last": "Van Beek", "suffix": ""}, {"first": "J", "middle": ["F"], "last": "Drexler", "suffix": ""}, {"first": "D", "middle": [], "last": "Muth", "suffix": ""}, {"first": "B", "middle": ["J"], "last": "Bosch", "suffix": ""}, {"first": "U", "middle": [], "last": "Wernery", "suffix": ""}, {"first": "M", "middle": ["P"], "last": "Koopmans", "suffix": ""}, {"first": "R", "middle": [], "last": "Wernery", "suffix": ""}, {"first": "C", "middle": [], "last": "Drosten", "suffix": ""}], "year": 2003, "venue": "Emerg Infect Dis", "volume": "20", "issn": "4", "pages": "552--559", "other_ids": {}}, "BIBREF13": {"ref_id": "b13", "title": "Middle East respiratory syndrome coronavirus (MERS-CoV) serology in major livestock species in an affected region in Jordan", "authors": [{"first": "C", "middle": ["B"], "last": "Reusken", "suffix": ""}, {"first": "M", "middle": [], "last": "Ababneh", "suffix": ""}, {"first": "V", "middle": ["S"], "last": "Raj", "suffix": ""}, {"first": "B", "middle": [], "last": "Meyer", "suffix": ""}, {"first": "A", "middle": [], "last": "Eljarah", "suffix": ""}, {"first": "S", "middle": [], "last": "Abutarbush", "suffix": ""}, {"first": "G", "middle": ["J"], "last": "Godeke", "suffix": ""}, {"first": "T", "middle": ["M"], "last": "Bestebroer", "suffix": ""}, {"first": "I", "middle": [], "last": "Zutt", "suffix": ""}, {"first": "M", "middle": ["A"], "last": "Muller", "suffix": ""}, {"first": "B", "middle": ["J"], "last": "Bosch", "suffix": ""}, {"first": "P", "middle": ["J"], "last": "Rottier", "suffix": ""}, {"first": "A", "middle": ["D"], "last": "Osterhaus", "suffix": ""}, {"first": "C", "middle": [], "last": "Drosten", "suffix": ""}, {"first": "B", "middle": ["L"], "last": "Haagmans", "suffix": ""}, {"first": "M", "middle": ["P"], "last": "Koopmans", "suffix": ""}], "year": 2013, "venue": "Euro surveillance: bulletin Europeen sur les maladies transmissibles = European communicable disease bulletin", "volume": "18", "issn": "", "pages": "", "other_ids": {}}, "BIBREF14": {"ref_id": "b14", "title": "Middle East respiratory syndrome coronavirus (MERS-CoV) infections in two returning travellers in the Netherlands", "authors": [{"first": "M", "middle": [], "last": "Kraaij-Dirkzwager", "suffix": ""}, {"first": "A", "middle": [], "last": "Timen", "suffix": ""}, {"first": "K", "middle": [], "last": "Dirksen", "suffix": ""}, {"first": "L", "middle": [], "last": "Gelinck", "suffix": ""}, {"first": "E", "middle": [], "last": "Leyten", "suffix": ""}, {"first": "P", "middle": [], "last": "Groeneveld", "suffix": ""}, {"first": "C", "middle": [], "last": "Jansen", "suffix": ""}, {"first": "M", "middle": [], "last": "Jonges", "suffix": ""}, {"first": "S", "middle": [], "last": "Raj", "suffix": ""}, {"first": "I", "middle": [], "last": "Thurkow", "suffix": ""}, {"first": "R", "middle": [], "last": "Van Gageldonk-Lafeber", "suffix": ""}, {"first": "A", "middle": [], "last": "Van Der Eijk", "suffix": ""}, {"first": "M", "middle": [], "last": "Koopmans", "suffix": ""}, {"first": "Me-Coitot", "middle": [], "last": "Netherlands", "suffix": ""}], "year": 2014, "venue": "", "volume": "19", "issn": "", "pages": "2--7", "other_ids": {}}, "BIBREF15": {"ref_id": "b15", "title": "World Health Organization: Seroepidemiological Investigation of Contacts of Middle East Respiratory Syndrome Coronavirus (MERS-CoV) Patients", "authors": [], "year": 2013, "venue": "", "volume": "", "issn": "", "pages": "", "other_ids": {}}, "BIBREF16": {"ref_id": "b16", "title": "World Health Organization: Case-Control Study to Assess Potential Risk Factors Related to Human Illness Caused by Middle East Respiratory Syndrome Coronavirus (MERS-CoV)", "authors": [], "year": 2014, "venue": "", "volume": "", "issn": "", "pages": "", "other_ids": {}}, "BIBREF17": {"ref_id": "b17", "title": "Al Raiy B: Clinical course and outcomes of critically ill patients with Middle East respiratory syndrome coronavirus infection", "authors": [{"first": "Y", "middle": ["M"], "last": "Arabi", "suffix": ""}, {"first": "A", "middle": ["A"], "last": "Arifi", "suffix": ""}, {"first": "H", "middle": ["H"], "last": "Balkhy", "suffix": ""}, {"first": "H", "middle": [], "last": "Najm", "suffix": ""}, {"first": "A", "middle": ["S"], "last": "Aldawood", "suffix": ""}, {"first": "A", "middle": [], "last": "Ghabashi", "suffix": ""}, {"first": "H", "middle": [], "last": "Hawa", "suffix": ""}, {"first": "A", "middle": [], "last": "Alothman", "suffix": ""}, {"first": "A", "middle": [], "last": "Khaldi", "suffix": ""}], "year": 2014, "venue": "Ann Intern Med", "volume": "160", "issn": "6", "pages": "389--397", "other_ids": {}}, "BIBREF18": {"ref_id": "b18", "title": "Hospital-associated outbreak of Middle East respiratory syndrome coronavirus: a serologic, epidemiologic, and clinical description", "authors": [{"first": "Al-Abdallat Mm", "middle": [], "last": "Payne", "suffix": ""}, {"first": "D", "middle": ["C"], "last": "Alqasrawi", "suffix": ""}, {"first": "S", "middle": [], "last": "Rha", "suffix": ""}, {"first": "B", "middle": [], "last": "Tohme", "suffix": ""}, {"first": "R", "middle": ["A"], "last": "Abedi", "suffix": ""}, {"first": "G", "middle": ["R"], "last": "", "suffix": ""}, {"first": "Al", "middle": [], "last": "Nsour", "suffix": ""}, {"first": "M", "middle": [], "last": "Iblan", "suffix": ""}, {"first": "I", "middle": [], "last": "Jarour", "suffix": ""}, {"first": "N", "middle": [], "last": "Farag", "suffix": ""}, {"first": "N", "middle": ["H"], "last": "Haddadin", "suffix": ""}, {"first": "A", "middle": [], "last": "Al-Sanouri", "suffix": ""}, {"first": "T", "middle": [], "last": "Tamin", "suffix": ""}, {"first": "A", "middle": [], "last": "Harcourt", "suffix": ""}, {"first": "J", "middle": ["L"], "last": "Kuhar", "suffix": ""}, {"first": "D", "middle": ["T"], "last": "Swerdlow", "suffix": ""}, {"first": "D", "middle": ["L"], "last": "Erdman", "suffix": ""}, {"first": "D", "middle": ["D"], "last": "Pallansch", "suffix": ""}, {"first": "M", "middle": ["A"], "last": "Haynes", "suffix": ""}, {"first": "L", "middle": ["M"], "last": "Gerber", "suffix": ""}, {"first": "S", "middle": ["I"], "last": "", "suffix": ""}], "year": 2014, "venue": "Clinical infectious diseases: an official publication of the Infectious Diseases Society of America", "volume": "", "issn": "", "pages": "", "other_ids": {}}, "BIBREF20": {"ref_id": "b20", "title": "Submit your next manuscript to BioMed Central and take full advantage of: \u2022 Convenient online submission \u2022 Thorough peer review \u2022 No space constraints or color figure charges \u2022 Immediate publication on acceptance \u2022 Inclusion in PubMed, CAS, Scopus and Google Scholar \u2022 Research which is freely available for redistribution", "authors": [{"first": "", "middle": [], "last": "Fanoy", "suffix": ""}], "year": 2014, "venue": "Emerging Themes in Epidemiology", "volume": "11", "issn": "", "pages": "", "other_ids": {}}}, "ref_entries": {"FIGREF1": {"text": "Timeline of events for two MERS-CoV patients returning to the Netherlands from Saudi Arabia, May 2014. This is a figure created by Rita de Sousa and published in the following article in Eurosurveillance: Kraaij -Dirkzwager M, et al.[15].", "latex": null, "type": "figure"}, "TABREF0": {"text": "Self-reported co-morbidity for the 31 persons who made a pilgrimage to Medina and Mecca, Kingdom of Saudi Arabia, April-May 2014", "latex": null, "type": "table"}, "TABREF1": {"text": "Overview of potential MERS-CoV exposures of cases and asymptomatic travellers during a visit to the Kingdom of Saudi Arabia, April 26 th -May 10 th 2014", "latex": null, "type": "table"}}, "back_matter": [{"text": " 11 Medical Centre Haaglanden, The Hague, The Netherlands. 12 Isalaklinieken, Zwolle, The Netherlands. 13 National Institute for Public Health and the Environment, Epidemiology and Surveillance Unit, Antonie van Leeuwenhoeklaan 9, Bilthoven, MA 3721, The Netherlands.", "cite_spans": [{"start": 1, "end": 3, "text": "11", "ref_id": "BIBREF10"}, {"start": 59, "end": 61, "text": "12", "ref_id": "BIBREF11"}, {"start": 103, "end": 105, "text": "13", "ref_id": "BIBREF12"}], "ref_spans": [], "section": "Authors' informations"}, {"text": "The authors declare that they have no competing interests. All readers have read and approved the manuscript.Authors' contributions EF compiled the questionnaires, analysed the data and drafted the manuscript. MS is in charge of the epidemiology department; she designed and coordinated the study and reviewed the manuscript. MK assessed travel data and reviewed the manuscript. KD coordinated interviews with travellers and reviewed the manuscript. MJ was responsible for laboratory testing and reviewed the manuscript. WH is in charge of respiratory epidemiology department and reviewed the manuscript. MPGK is involved in laboratory testing and reviewed the manuscript. DW coordinated interviews with travellers and reviewed the manuscript. GS coordinated interviews with travellers and reviewed the manuscript. CW coordinated interviews with travellers and reviewed the manuscript. JH coordinated interviews with travellers and reviewed the manuscript. LG was involved in clinical care and interviewed a case. JB was involved in clinical care and interviewed a case. AG was leading the study, including the study design and analysis and she reviewed the manuscript. All authors read and approved the final manuscript.", "cite_spans": [], "ref_spans": [], "section": "Competing interests"}]}