{"paper_id": "0c2489ea506fea5ac57b464c2a99f893cc867ff3", "metadata": {"title": "", "authors": []}, "abstract": [{"text": "Objective: To describe the epidemiology of RSV infection and to analyze the factors associated with severe infections in children and adults in Mexico.", "cite_spans": [], "ref_spans": [], "section": "Abstract"}, {"text": "Patients \u22651 month old, who presented with an influenza-like illness (ILI) to six hospitals in Mexico, were eligible for participation in the study. Multiplex reversetranscriptase polymerase chain reaction identified viral pathogens in nasal swabs from 5629 episodes of ILI. Patients in whom RSV was detected were included in this report.", "cite_spans": [], "ref_spans": [], "section": "Abstract"}, {"text": "Results: Respiratory syncytial virus was detected in 399 children and 171 adults. RSV A was detected in 413 cases and RSV B in 163, including six patients who had coinfection with both subtypes; 414 (72.6%) patients required hospital admission, including 96 (16.8%) patients that required admission to the intensive care unit. Coinfection with one or more respiratory pathogens other than RSV was detected in 159 cases.", "cite_spans": [], "ref_spans": [], "section": "Abstract"}, {"text": "Young age (in children) and older age (in adults) as well as the presence of some underlying conditions were associated with more severe disease.", "cite_spans": [], "ref_spans": [], "section": "Abstract"}, {"text": "This study confirms that RSV is an important respiratory pathogen in children in Mexico. In addition, a substantial number of cases in adults were also detected highlighting the relevance of this virus in all ages. It is important to identify subjects at high risk of complications who may benefit from current or future preventive interventions.", "cite_spans": [], "ref_spans": [], "section": "Abstract"}], "body_text": [{"text": "Respiratory syncytial virus (RSV) is the major infectious cause of lower respiratory tract illness in infants and young children around the world. 1,2 It has also been recognized as an important etiologic agent of pneumonia and other respiratory tract infections in adults and elderly patients. 3, 4 The clinical presentation of this infection varies widely, from mild upper respiratory tract disease to bronchiolitis and pneumonia. 5 This virus is responsible for the majority of bronchiolitis cases and causes approximately 50% of pneumonia cases during the first years of life. 6 In children, host factors such as young age, prematurity, and chronic cardiopulmonary diseases have been associated with severe disease. In addition, other factors such as lower socioeconomic status, exposure to cigarette smoke, air pollution, crowded households, and the lack of breastfeeding have also been associated with severe disease. 7 Viral factors associated with virulence leading to severe disease are not sufficiently understood. 8 Human RSV is a member of the Paramyxoviridae family. Outbreaks of RSV infections occur between fall and spring in temperate climates and tend to last up to 5 months. 9,10 RSV isolates can be divided into two groups: group A and group B based on antigenic and genetic characteristics. 8 These two groups cocirculate in the human population, with group A being more prevalent. Several studies have compared the severity of disease between infants infected with RSV group A and group B with mixed results. Most studies have not found significant clinical differences between both subtypes. 8 Despite the recognized importance of RSV as a cause of respiratory illness, the information regarding the epidemiology of this virus in Latin America, particularly among adults, is limited. 11 In the present study, 570 cases of RSV infection identified during four epidemic years in Mexico were evaluated to clarify the epidemiology of this infection and to assess the possible variations in demographic and clinical characteristics according to viral groups. Results from patients enrolled during the first year of the study have previously been described. 6 In this report, we analyzed the characteristics of 570 patients (399 children and 171 adults) with confirmed RSV infection included in the study during a 4-year period.", "cite_spans": [{"start": 295, "end": 297, "text": "3,", "ref_id": "BIBREF12"}, {"start": 298, "end": 299, "text": "4", "ref_id": "BIBREF13"}, {"start": 433, "end": 434, "text": "5", "ref_id": "BIBREF14"}, {"start": 581, "end": 582, "text": "6", "ref_id": "BIBREF15"}, {"start": 924, "end": 925, "text": "7", "ref_id": "BIBREF16"}, {"start": 1025, "end": 1026, "text": "8", "ref_id": "BIBREF17"}, {"start": 1311, "end": 1312, "text": "8", "ref_id": "BIBREF17"}, {"start": 1614, "end": 1615, "text": "8", "ref_id": "BIBREF17"}, {"start": 1806, "end": 1808, "text": "11", "ref_id": "BIBREF20"}, {"start": 2174, "end": 2175, "text": "6", "ref_id": "BIBREF15"}], "ref_spans": [], "section": "| INTRODUCTION"}, {"text": "Patients \u22651 month old who presented with an ILI to any of the participating hospitals were eligible for participation in the study. ILI was defined by the presence of at least one respiratory symptom (e.g., shortness of breath, nasal congestion, and cough) and one of the two following criteria: (i) fever \u226538\u00b0C on examination, or self-reported fever, or feverishness in the past 24 hours; (ii) one or more nonrespiratory symptoms (e.g., malaise, headache, myalgia, or chest pain).", "cite_spans": [], "ref_spans": [], "section": "| Case definition and selection criteria"}, {"text": "In order to rule out a nosocomial infection, patients who had been hospitalized for more than 48 hours at the time of symptom onset were excluded from the study.", "cite_spans": [], "ref_spans": [], "section": "| Case definition and selection criteria"}, {"text": "Subjects were interviewed and examined at the time of enrollment, a nasopharyngeal swab was obtained for the detection of respiratory pathogens, and a blood sample for the complete blood counts and chemistry analysis were obtained. When available, the results of other tests obtained for standard clinical care were extracted from medical records. Subjects were evaluated again on day 28 after enrollment, and follow-up information was also obtained by a telephone call on day 14 after the enrollment. At each follow-up visit, clinical information (symptoms, rehospitalizations, and death) was assessed. These visits allowed the ascertainment of the final disposition of the study patients (outpatient, emergency room, hospital ward, or intensive care unit [ICU]).", "cite_spans": [], "ref_spans": [], "section": "| Study procedures"}, {"text": "Nasopharyngeal swab specimens were collected from enrolled patients, placed in a tube with viral transport media, and maintained under refrigeration until they were sent to the Molecular Biology ", "cite_spans": [], "ref_spans": [], "section": "| Laboratory diagnostics"}, {"text": "Verbal consent was obtained from parents/legal tutor and subjects before screening to determine eligibility. Once a patient was determined to be eligible for study participation, written informed consent and assent (for children older than 8 years) were obtained.", "cite_spans": [], "ref_spans": [], "section": "| Ethical considerations"}, {"text": "The protocol was approved by the institutional review board of each hospital.", "cite_spans": [], "ref_spans": [], "section": "| Ethical considerations"}, {"text": "Means and standard deviation were used to summarize the quantitative variables, while frequencies and percentages were used for the qualitative variables. Comparisons between groups were made using Student's t-test for quantitative variables and the chi-squared or Fisher's exact test for qualitative variables. Multivariate logistic regression analysis was used to determine the factors associated with hospitalization and ICU admission. Data were analyzed with the use of pspp and OpenEpi. A P value <.05 was considered as statistically significant.", "cite_spans": [], "ref_spans": [], "section": "| Statistical analysis"}, {"text": "Between 2010 and 2014, there were 5662 subjects enrolled in the ILI-002 study; 33 patients did not have respiratory samples available F I G U R E 1 Respiratory syncytial virus infections in subjects included during four seasons in the ILI-002 study F I G U R E 2 Respiratory syncytial virus seasonality according to the viral subtype and presence of coinfection for viral testing, and therefore, the final sample size for analysis was 5629 subjects. Of these subjects, there were 570 (10.7%) cases with RSV infection: 407 with RSV A infection, 157 with RSV B, and six in whom both RSV A and B were detected (Fig. 1) .", "cite_spans": [], "ref_spans": [{"start": 607, "end": 615, "text": "(Fig. 1)", "ref_id": null}], "section": "| RESULTS"}, {"text": "RSV cases were detected throughout the study period. However, a marked seasonality was observed with a high number of cases during the fall and winter and a decrease in detections during spring and summer (Fig. 2) . RSV A was the predominant virus between 2010 and 2012, but in seasons between 2012 and 2014, both RSV subtypes circulated simultaneously.", "cite_spans": [], "ref_spans": [{"start": 205, "end": 213, "text": "(Fig. 2)", "ref_id": null}], "section": "| RESULTS"}, {"text": "The characteristics of patients with RSV infection were compared to those of all other patients enrolled in the ILI-002 study ( Table 1) .", "cite_spans": [], "ref_spans": [{"start": 128, "end": 136, "text": "Table 1)", "ref_id": null}], "section": "| RESULTS"}, {"text": "The age group affected more frequently by RSV was that of children 0-5 years of age; 66.84% of RSV infections occurred in children in this age group, while 30% occurred in adults and 3.16% in children 6-17 years of age; 24.6% (381/1550) of respiratory tract infections in children <5 years were caused by RSV as compared to 4.7% (18/379) of children older than 5 years and 4.6% (171/3700) of adults. Also, the proportion of cases seen as outpatients was lower in patients with RSV infection compared to those in which this virus was not detected, while the proportion of ICU admissions was higher (Table 1) .", "cite_spans": [], "ref_spans": [{"start": 597, "end": 606, "text": "(Table 1)", "ref_id": null}], "section": "| RESULTS"}, {"text": "In 159 (28%) patients, another pathogen was detected in addition to RSV. In 136 of these patients, there was one additional pathogen detected, while in 22 cases there were two, and in one case, there were three; these included rhinovirus (n=61), coronaviruses (n=30), parainfluenza viruses (n=17), influenza A (n=17), influenza B (n=12), adenovirus (n=12), metapneumovirus (n=11), Bordetella pertussis (n=11), Mycoplasma (n=6), and bocavirus (n=6). The proportions of infections caused by each RSV subtype and the presence of coinfections, according to the age group, are shown in Fig. 3 .", "cite_spans": [], "ref_spans": [{"start": 581, "end": 587, "text": "Fig. 3", "ref_id": null}], "section": "| RESULTS"}, {"text": "We compared the characteristics of infections caused by RSV A and RSV B to assess whether there were significant clinical differences between them (Table 2) ; the six cases with coinfection with RSV A and B were excluded from this analysis. We did not find any differences in the medical history between patients with RSV A and RSV B infections. We also compared the frequency of each symptom between patients with RSV A and RSV B infections; no significant differences were observed for any of the symptoms that were recorded (including fever, cough, sore throat, fatigue, headache, myalgias, eye symptoms, sneezing, rhinorrhea, shortness of breath, nausea, vomiting, diarrhea, confusion, malaise, and irritability) (data not shown).", "cite_spans": [], "ref_spans": [{"start": 147, "end": 156, "text": "(Table 2)", "ref_id": null}], "section": "| RESULTS"}, {"text": "In addition, we compared the clinical characteristics of patients with and without coinfection with other pathogens (Table 3) .", "cite_spans": [], "ref_spans": [{"start": 116, "end": 125, "text": "(Table 3)", "ref_id": null}], "section": "| RESULTS"}, {"text": "Differences in the age group distribution were noted between cases with and without coinfection with other pathogens: The proportion of pediatric cases was higher for those infections caused by RSV only, while a larger proportion of coinfections was noted in adults. Most symptoms were as frequent in patients with infections caused by RSV only compared to those with coinfections (data not shown); however, there were differences in the frequencies of some symptoms: ", "cite_spans": [], "ref_spans": [], "section": "| RESULTS"}, {"text": "We present the characteristics of RSV infections detected in a prospective, multicenter study of children and adults seeking clinical care.", "cite_spans": [], "ref_spans": [], "section": "| DISCUSSION"}, {"text": "Our data obtained over four seasons provide a description of the epi- children with RSV infection in whom other pathogens were detected were hospitalized less frequently than those infected by RSV only.", "cite_spans": [], "ref_spans": [], "section": "| DISCUSSION"}, {"text": "However, among hospitalized children, the presence of another respiratory pathogen was associated with admission to the ICU. In order to interpret these results, it is important to take into account that there was a wide variety of coinfecting pathogens and that in some cases two and even three viruses, in addition to RSV, were detected.", "cite_spans": [], "ref_spans": [], "section": "| DISCUSSION"}, {"text": "One of the main objectives of the study was to identify the factors associated with severe disease leading to RSV hospitalization in our country. Approximately 40% of subjects with RSV infection that were enrolled in the study had at least one underlying disorder. The most frequent conditions included congenital malformations/congenital syndromes, cardiovascular disorders, chronic lung disease, and asthma. We observed significant differences in the factors associated with hospitalization between children and adults; while multivariate logistic regression analysis indicated that young age was the main variable associated with hospitalization in children, adults showed an association between additional factors and the requirement of hospitalization. In this age group, multivariate logistic regression analysis showed an association between RSV infection and age, the presence of any underlying condition, and asthma. In their global study of respiratory tract viral infections in elderly adults, Falsey et al. 15 found that congestive heart failure, other cardiopulmonary diseases, and noninflammatory cerebrovascular/neurological disorders appeared to be associated with RSV infection; however, on multivariate analysis, no specific factors were associated with this virus.", "cite_spans": [{"start": 1019, "end": 1021, "text": "15", "ref_id": "BIBREF24"}], "ref_spans": [], "section": "| DISCUSSION"}, {"text": "In the group of children, multivariate logistic regression analysis showed an association between the risk of ICU admission and the presence of coinfection with other respiratory pathogens, cardiovas- Other limitations include the fact that the presence of underlying conditions (including history of prematurity and other chronic diseases)", "cite_spans": [], "ref_spans": [], "section": "| DISCUSSION"}, {"text": "was based on patient self-report, which might not be totally reliable.", "cite_spans": [], "ref_spans": [], "section": "| DISCUSSION"}, {"text": "Also, we did not collect data on palivizumab use which might be relevant in infants; however, access to this prophylaxis is limited in Mexico because of the high cost and, therefore, the number of patients that may have received it is likely to be low.", "cite_spans": [], "ref_spans": [], "section": "| DISCUSSION"}, {"text": "On the other hand, strengths of our study include the participa- ", "cite_spans": [], "ref_spans": [], "section": "| DISCUSSION"}], "bib_entries": {"BIBREF3": {"ref_id": "b3", "title": "Instituto Nacional de Pediatr\u00eda: Beatriz Llamosas-Gallardo", "authors": [], "year": null, "venue": "", "volume": "", "issn": "", "pages": "", "other_ids": {}}, "BIBREF4": {"ref_id": "b4", "title": "Hospital Infantil de M\u00e9xico Federico G\u00f3mez", "authors": [{"first": "Nora", "middle": ["E"], "last": "Paulin", "suffix": ""}, {"first": "Josu\u00e9", "middle": [], "last": "Bautista", "suffix": ""}, {"first": ";", "middle": [], "last": "Vel\u00e1squez", "suffix": ""}, {"first": "Briceida", "middle": [], "last": "Moreno-Espinosa", "suffix": ""}, {"first": "M\u00f3nica", "middle": [], "last": "L\u00f3pez-Mart\u00ednez", "suffix": ""}, {"first": "Luis", "middle": [], "last": "Gonz\u00e1lez", "suffix": ""}, {"first": "Ana", "middle": ["E"], "last": "Mendoza", "suffix": ""}, {"first": "", "middle": [], "last": "Gami\u00f1o-Arroyo", "suffix": ""}], "year": null, "venue": "", "volume": "", "issn": "", "pages": "", "other_ids": {}}, "BIBREF5": {"ref_id": "b5", "title": "Juana del Carmen B\u00e1ez", "authors": [{"first": "San", "middle": [], "last": "Luis Potos\u00ed ; Martin Maga\u00f1a-Aquino", "suffix": ""}, {"first": "Luis", "middle": ["F"], "last": "P\u00e9rez-Gonz\u00e1lez", "suffix": ""}, {"first": "Javier", "middle": [], "last": "Araujo-Mel\u00e9ndez", "suffix": ""}], "year": null, "venue": "", "volume": "", "issn": "", "pages": "", "other_ids": {}}, "BIBREF8": {"ref_id": "b8", "title": "National Institute of Allergies and Infectious Disease (NIAID): Cliff Lane, Mary Smolskis, Dean Follmann, Sally Hunsberger", "authors": [{"first": "", "middle": [], "last": "Network Coordinating", "suffix": ""}, {"first": "F", "middle": [], "last": "Center ; Juan", "suffix": ""}, {"first": "Hugo", "middle": [], "last": "Gal\u00e1n-Herrera", "suffix": ""}, {"first": "Nadine", "middle": [], "last": "Arroyo", "suffix": ""}, {"first": "C\u00e9sar", "middle": [], "last": "Mascare\u00f1as", "suffix": ""}, {"first": "Sarahy", "middle": [], "last": "Barrera", "suffix": ""}, {"first": "Manuel", "middle": [], "last": "Segura", "suffix": ""}, {"first": "", "middle": [], "last": "Mej\u00eda", "suffix": ""}], "year": null, "venue": "", "volume": "", "issn": "", "pages": "", "other_ids": {}}, "BIBREF10": {"ref_id": "b10", "title": "La Red is funded by the Mexico Ministry of Health and the U.S. National Institute of Allergy and Infectious Diseases", "authors": [], "year": 1999, "venue": "Lancet", "volume": "354", "issn": "", "pages": "847--852", "other_ids": {}}, "BIBREF11": {"ref_id": "b11", "title": "Viral etiology of hospitalized acute lower respiratory infections in children under 5 years of age -a systematic review and meta-analysis", "authors": [{"first": "I", "middle": [], "last": "Luk\u0161i\u0107", "suffix": ""}, {"first": "P", "middle": ["K"], "last": "Kearns", "suffix": ""}, {"first": "F", "middle": [], "last": "Scott", "suffix": ""}, {"first": "I", "middle": [], "last": "Rudan", "suffix": ""}, {"first": "H", "middle": [], "last": "Campbell", "suffix": ""}, {"first": "H", "middle": [], "last": "Nair", "suffix": ""}], "year": 2013, "venue": "Croat Med J", "volume": "54", "issn": "", "pages": "122--134", "other_ids": {}}, "BIBREF12": {"ref_id": "b12", "title": "Respiratory syncytial virus is an important cause of community-acquired lower respiratory infection among hospitalized adults", "authors": [{"first": "S", "middle": ["F"], "last": "Dowell", "suffix": ""}, {"first": "L", "middle": ["J"], "last": "Anderson", "suffix": ""}, {"first": "Gary", "middle": [], "last": "He", "suffix": ""}], "year": 1996, "venue": "J Infect Dis", "volume": "174", "issn": "", "pages": "456--462", "other_ids": {}}, "BIBREF13": {"ref_id": "b13", "title": "Rates of hospitalizations for respiratory syncytial virus, human metapneumovirus and influenza virus in older adults", "authors": [{"first": "K", "middle": [], "last": "Widmer", "suffix": ""}, {"first": "Y", "middle": [], "last": "Zhu", "suffix": ""}, {"first": "J", "middle": ["V"], "last": "Williams", "suffix": ""}, {"first": "M", "middle": ["R"], "last": "Griffin", "suffix": ""}, {"first": "K", "middle": ["M"], "last": "Edwards", "suffix": ""}, {"first": "H", "middle": ["K"], "last": "Talbot", "suffix": ""}], "year": 2012, "venue": "J Infect Dis", "volume": "206", "issn": "", "pages": "56--62", "other_ids": {}}, "BIBREF14": {"ref_id": "b14", "title": "Respiratory syncytial virus infection: immune response, immunopathogenesis, and treatment", "authors": [{"first": "J", "middle": ["B"], "last": "Domachowske", "suffix": ""}, {"first": "H", "middle": ["F"], "last": "Rosenberg", "suffix": ""}], "year": 1999, "venue": "Clin Microbiol Rev", "volume": "12", "issn": "", "pages": "289--309", "other_ids": {}}, "BIBREF15": {"ref_id": "b15", "title": "Clinical characteristics and outcomes of influenza and other influenza-like illnesses in Mexico City", "authors": [{"first": "A", "middle": [], "last": "Galindo-Fraga", "suffix": ""}, {"first": "A", "middle": ["A"], "last": "Ortiz-Hern\u00e1ndez", "suffix": ""}, {"first": "A", "middle": [], "last": "Ram\u00edrez-Venegas", "suffix": ""}], "year": 2013, "venue": "Int J Infect Dis", "volume": "17", "issn": "", "pages": "510--517", "other_ids": {}}, "BIBREF16": {"ref_id": "b16", "title": "Performance of different mono-and multiplex nucleic acid amplification tests on a multipathogen external quality assessment panel", "authors": [{"first": "K", "middle": [], "last": "Loens", "suffix": ""}, {"first": "A", "middle": ["M"], "last": "Van Loon", "suffix": ""}, {"first": "F", "middle": [], "last": "Coenjaerts", "suffix": ""}], "year": 2012, "venue": "J Clin Microbiol", "volume": "50", "issn": "", "pages": "977--987", "other_ids": {}}, "BIBREF17": {"ref_id": "b17", "title": "Viral and host factors in human respiratory syncytial virus pathogenesis", "authors": [{"first": "P", "middle": ["L"], "last": "Collins", "suffix": ""}, {"first": "B", "middle": ["S"], "last": "Graham", "suffix": ""}], "year": 2008, "venue": "J Virol", "volume": "82", "issn": "", "pages": "2040--2055", "other_ids": {}}, "BIBREF18": {"ref_id": "b18", "title": "Global burden of acute lower respiratory infections due to respiratory syncytial virus in young children: a systematic review and meta-analysis", "authors": [{"first": "H", "middle": [], "last": "Nair", "suffix": ""}, {"first": "D", "middle": ["J"], "last": "Nokes", "suffix": ""}, {"first": "B", "middle": ["D"], "last": "Gessner", "suffix": ""}], "year": 2010, "venue": "Lancet", "volume": "375", "issn": "9725", "pages": "1545--1555", "other_ids": {}}, "BIBREF19": {"ref_id": "b19", "title": "Respiratory syncytial virus epidemics: the ups and downs of a seasonal virus", "authors": [{"first": "L", "middle": ["G"], "last": "Stensballe", "suffix": ""}, {"first": "J", "middle": ["K"], "last": "Devasundaram", "suffix": ""}, {"first": "E", "middle": ["A"], "last": "Simoes", "suffix": ""}], "year": 2003, "venue": "Pediatr Infect Dis J", "volume": "22", "issn": "", "pages": "21--32", "other_ids": {}}, "BIBREF20": {"ref_id": "b20", "title": "Systematic review and meta-analysis of respiratory syncytial virus infection epidemiology in Latin America", "authors": [{"first": "A", "middle": [], "last": "Bardach", "suffix": ""}, {"first": "L", "middle": [], "last": "Rey-Ares", "suffix": ""}, {"first": "M", "middle": ["L"], "last": "Cafferata", "suffix": ""}], "year": 2014, "venue": "Rev Med Virol", "volume": "24", "issn": "", "pages": "76--89", "other_ids": {}}, "BIBREF21": {"ref_id": "b21", "title": "World Health Organization. CDC protocol of realtime RTPCR for swine influenza A(H1N1)", "authors": [], "year": 2016, "venue": "", "volume": "", "issn": "", "pages": "", "other_ids": {}}, "BIBREF22": {"ref_id": "b22", "title": "Viral infections in adults hospitalized with community-acquired pneumonia: prevalence, pathogens, and presentation", "authors": [{"first": "J", "middle": [], "last": "Johnstone", "suffix": ""}, {"first": "S", "middle": ["R"], "last": "Majumdar", "suffix": ""}, {"first": "J", "middle": ["D"], "last": "Fox", "suffix": ""}, {"first": "T", "middle": ["J"], "last": "Marrie", "suffix": ""}], "year": 2008, "venue": "Chest", "volume": "134", "issn": "", "pages": "1141--1148", "other_ids": {}}, "BIBREF23": {"ref_id": "b23", "title": "Respiratory syncytial virus-and human metapneumovirus-associated emergency department and hospital burden in adults", "authors": [{"first": "K", "middle": [], "last": "Widmer", "suffix": ""}, {"first": "M", "middle": ["R"], "last": "Griffin", "suffix": ""}, {"first": "Y", "middle": [], "last": "Zhu", "suffix": ""}, {"first": "J", "middle": ["V"], "last": "Williams", "suffix": ""}, {"first": "H", "middle": ["K"], "last": "Talbot", "suffix": ""}], "year": 2014, "venue": "Influenza Other Respir Viruses", "volume": "8", "issn": "", "pages": "347--352", "other_ids": {}}, "BIBREF24": {"ref_id": "b24", "title": "Respiratory syncytial virus and other respiratory viral infections in older adults with moderate to severe influenza-like illness", "authors": [{"first": "A", "middle": ["R"], "last": "Falsey", "suffix": ""}, {"first": "J", "middle": ["E"], "last": "Mcelhaney", "suffix": ""}, {"first": "J", "middle": [], "last": "Beran", "suffix": ""}], "year": 2014, "venue": "J Infect Dis", "volume": "209", "issn": "", "pages": "1873--1881", "other_ids": {}}, "BIBREF25": {"ref_id": "b25", "title": "Respiratory syncytial virus pneumonia among the elderly: an assessment of disease burden", "authors": [{"first": "L", "middle": ["L"], "last": "Han", "suffix": ""}, {"first": "J", "middle": ["P"], "last": "Alexander", "suffix": ""}, {"first": "L", "middle": ["J"], "last": "Anderson", "suffix": ""}], "year": 1999, "venue": "J Infect Dis", "volume": "179", "issn": "", "pages": "25--30", "other_ids": {}}, "BIBREF26": {"ref_id": "b26", "title": "Respiratory syncytial virus: how, why and what to do", "authors": [{"first": "R", "middle": [], "last": "Rodriguez", "suffix": ""}, {"first": "O", "middle": [], "last": "Ramilo", "suffix": ""}], "year": 2014, "venue": "J Infect", "volume": "68", "issn": "", "pages": "115--118", "other_ids": {}}, "BIBREF27": {"ref_id": "b27", "title": "Associations between co-detected respiratory viruses in children with acute respiratory infections", "authors": [{"first": "A", "middle": [], "last": "Kaida", "suffix": ""}, {"first": "H", "middle": [], "last": "Kubo", "suffix": ""}, {"first": "K", "middle": [], "last": "Takakura", "suffix": ""}], "year": 2014, "venue": "Jpn J Infect Dis", "volume": "67", "issn": "", "pages": "469--475", "other_ids": {}}, "BIBREF28": {"ref_id": "b28", "title": "Viral coinfection in childhood respiratory tract infections", "authors": [{"first": "A", "middle": [], "last": "Mart\u00ednez-Roig", "suffix": ""}, {"first": "M", "middle": [], "last": "Salvad\u00f3", "suffix": ""}, {"first": "M", "middle": ["A"], "last": "Caballero-Rabasco", "suffix": ""}, {"first": "A", "middle": [], "last": "S\u00e1nchez-Buenavida", "suffix": ""}, {"first": "N", "middle": [], "last": "L\u00f3pez-Segura", "suffix": ""}, {"first": "M", "middle": [], "last": "Bonet-Alcaina", "suffix": ""}], "year": 2015, "venue": "Arch Bronconeumol", "volume": "51", "issn": "", "pages": "5--9", "other_ids": {}}, "BIBREF29": {"ref_id": "b29", "title": "Pre-existing disease is associated with a significantly higher risk of death in severe respiratory syncytial virus infection", "authors": [{"first": "K", "middle": [], "last": "Thorburn", "suffix": ""}], "year": 2009, "venue": "Arch Dis Child", "volume": "94", "issn": "", "pages": "99--103", "other_ids": {}}, "BIBREF30": {"ref_id": "b30", "title": "Epidemiological and clinical data of hospitalizations associated with respiratory syncytial virus infection in children under 5 years of age in Spain: FIVE multicenter study", "authors": [{"first": "D", "middle": [], "last": "Moreno-Perez", "suffix": ""}, {"first": "C; Five Study", "middle": [], "last": "Calvo", "suffix": ""}, {"first": "", "middle": [], "last": "Group", "suffix": ""}], "year": 2014, "venue": "Influenza Other Respir Viruses", "volume": "8", "issn": "", "pages": "209--216", "other_ids": {}}, "BIBREF31": {"ref_id": "b31", "title": "Respiratory syncytial virus genotypes and disease severity among children in hospital", "authors": [{"first": "J", "middle": ["N"], "last": "Fletcher", "suffix": ""}, {"first": "R", "middle": ["L"], "last": "Smyth", "suffix": ""}, {"first": "H", "middle": ["M"], "last": "Thomas", "suffix": ""}, {"first": "D", "middle": [], "last": "Ashby", "suffix": ""}, {"first": "C", "middle": ["A"], "last": "Hart", "suffix": ""}], "year": 1997, "venue": "Arch Dis Child", "volume": "77", "issn": "", "pages": "508--511", "other_ids": {}}, "BIBREF32": {"ref_id": "b32", "title": "Correlation between respiratory syncytial virus genotype and severity of illness", "authors": [{"first": "R", "middle": ["A"], "last": "Martinello", "suffix": ""}, {"first": "M", "middle": ["D"], "last": "Chen", "suffix": ""}, {"first": "C", "middle": [], "last": "Weibel", "suffix": ""}, {"first": "J", "middle": ["S"], "last": "Kahn", "suffix": ""}], "year": 2002, "venue": "J Infect Dis", "volume": "186", "issn": "", "pages": "839--842", "other_ids": {}}, "BIBREF33": {"ref_id": "b33", "title": "Sequencing and analysis of globally obtained human respiratory syncytial virus A and B genomes", "authors": [{"first": "M", "middle": ["E"], "last": "Bose", "suffix": ""}, {"first": "J", "middle": [], "last": "He", "suffix": ""}, {"first": "S", "middle": [], "last": "Shrivastava", "suffix": ""}], "year": 2015, "venue": "PLoS One", "volume": "10", "issn": "", "pages": "", "other_ids": {}}, "BIBREF34": {"ref_id": "b34", "title": "Epidemiology and clinical characteristics of respiratory syncytial virus infections among children and adults in Mexico", "authors": [{"first": "A", "middle": ["E"], "last": "Gami\u00f1o-Arroyo", "suffix": ""}, {"first": "S", "middle": [], "last": "Moreno-Espinosa", "suffix": ""}, {"first": "B", "middle": [], "last": "Llamosas-Gallardo", "suffix": ""}, {"first": "A", "middle": ["A"], "last": "Ortiz-Hern\u00e1ndez", "suffix": ""}, {"first": "M", "middle": ["L"], "last": "Guerrero", "suffix": ""}, {"first": "A", "middle": [], "last": "Galindo-Fraga", "suffix": ""}, {"first": "J", "middle": ["F"], "last": "Gal\u00e1n-Herrera", "suffix": ""}, {"first": "F", "middle": ["J"], "last": "Prado-Galbarro", "suffix": ""}, {"first": "J", "middle": ["H"], "last": "Beigel", "suffix": ""}, {"first": "G", "middle": ["M"], "last": "Ruiz-Palacios", "suffix": ""}, {"first": "D", "middle": ["E"], "last": "Noyola", "suffix": ""}], "year": 2017, "venue": "on behalf of the Mexico Emerging Infectious Diseases Clinical Research Network", "volume": "11", "issn": "", "pages": "48--56", "other_ids": {"DOI": ["10.1111/irv.12414"]}}}, "ref_entries": {"FIGREF0": {"text": "However, a possible effect of different viral strains on disease severity remains an open question.", "latex": null, "type": "figure"}, "FIGREF1": {"text": "2009, a new influenza strain, influenza A(H1N1)pdm09 virus, was identified. This virus spread worldwide causing significant morbidity and mortality. It is recognized that multiple pathogens may present with respiratory symptoms, including influenza-like illness (ILI). To improve our understanding of the epidemiological features of respiratory tract infections caused by influenza and other viruses in Mexico, a cohort study to determine the etiology and clinical characteristics of patients presenting with ILI was performed between 2010 and 2014. The study was conducted by the Mexican Emerging Infectious Diseases Clinical Research Network (La Red), a collaboration established by the Mexican Ministry of Health and the US National Institute of Allergy and Infectious Diseases. The study (ILI-002 Study) was carried out at five hospitals in Mexico City and one in San Luis Potos\u00ed.", "latex": null, "type": "figure"}, "FIGREF2": {"text": "tion of several institutions and the inclusion of patients of all ages. This allows us to report the characteristics of RSV infection in children and adults in Mexico. Our study illustrates the importance of RSV as a cause of serious respiratory illness affecting not only pediatric patients. We observed that, similar to influenza, young infants and the elderly show higher proportions of RSV-associated hospitalizations than middle-aged adults. However, the precise role of different underlying conditions as risk factors for severe infection in this population could not be established. Additional prospective studies are needed to identify populations that may benefit from current or future preventive interventions against RSV, such as vaccines. AUTHOR CONTRIBUTIONS Ana E. Gami\u00f1o-Arroyo (Hospital Infantil de M\u00e9xico Federico Gomez) involved in concept and design, data analysis and correlation of results, writing of manuscript, and final approval of version to be published. Sarbelio Moreno-Espinosa (Hospital Infantil de M\u00e9xico Federico Gomez) involved in coordinating patient enrollment and data collection, interpretation of results, revision of intellectual content of the manuscript, and final approval of version to be published. Beatriz Llamosas-Gallardo (Instituto Nacional de Pediatr\u00eda) involved in coordinating patient enrollment and data collection, interpretation of results, revision of intellectual content of the manuscript, and final approval of version to be published. Ana A. Ort\u00edz-Hern\u00e1ndez (Instituto Nacional de Pediatr\u00eda) involved in project coordination, patient enrollment and data collection, interpretation of results, revision of intellectual content of the manuscript, and final approval of version to be published. M. Lourdes Guerrero-Almeida (Instituto Nacional de Ciencias M\u00e9dicas y Nutrici\u00f3n Salvador Zubir\u00e1n) involved in data collection, database revision, interpretation of results, revision of intellectual content of the manuscript, and final approval of version to be published. Arturo Galindo-Fraga (Instituto Nacional de Ciencias M\u00e9dicas y Nutrici\u00f3n Salvador Zubir\u00e1n) involved in project coordination, patient enrollment and data collection, interpretation of data and results, revision of intellectual content of the manuscript, and final approval of version to be published. Juan F. Gal\u00e1n-Herrera involved in coordination of the various hospitals in the network, coordination of data statistical analysis, interpretation of data, revision of intellectual content of the manuscript, and final approval of version to be published. John H. Beigel (Leidos Biomedical) involved in project coordination, interpretation of data and results, revision of intellectual content of the manuscript, and final approval of version to be published. Guillermo M. Ruiz-Palacios (Instituto Nacional de Ciencias M\u00e9dicas y Nutrici\u00f3n Salvador Zubir\u00e1n) involved in project coordination, interpretation of data and results, revision of intellectual content of the manuscript, and final approval of version to be published. Daniel E. Noyola (Universidad Aut\u00f3noma de San Luis Potos\u00ed) involved in concept and design, data analysis and correlation of results, writing of manuscript, and final approval of version to be published. this publication does not necessarily reflect the views or policies of the Department of Health and Human Services, or Westat, nor does mention of trade names, commercial products, or organizations imply endorsement by the US Government.", "latex": null, "type": "figure"}, "TABREF0": {"text": "Laboratory of the Infectious Diseases Department, Instituto Nacional de Ciencias M\u00e9dicas Salvador Zubir\u00e1n, where they were stored at \u221270\u00b0C. Samples from the patients enrolled in San Luis Potos\u00ed were maintained under refrigeration and transported to the Medical School (Universidad Aut\u00f3noma de San Luis Potos\u00ed) where they were stored at \u221270\u00b0C until they were sent to the Instituto Nacional de Ciencias M\u00e9dicas Salvador Zubir\u00e1n for storage and virological testing; the samples sent from San Luis Potos\u00ed to Mexico City were shipped on dry ice. All nasopharyngeal swabs were tested by real-time polymerase chain reaction (RT-PCR) for influenza A following the Centers for Disease Control and Prevention protocol as described previously. 12 virus, influenza A, influenza AH5N1, influenza B, parainfluenza virus types 1 to 4, RSV A and B, rhinovirus, and adenovirus), as well as four bacteria (Bordetella pertussis, Chlamydophila pneumoniae, Legionella pneumophila, and Mycoplasma pneumoniae). RespiFinder 22 removed influenza H5N1 and added bocavirus (type 1), coronavirus HKU1, influenza A H1N1v, and enterovirus.", "latex": null, "type": "table"}, "TABREF1": {"text": "Patients with coinfections reported fatigue (51.6% vs 36.9%; P=.001) and headache (28.3% vs 19.5%; P=.02) more frequently than those T A B L E 1 Characteristics of patients with ILI and RSV infections compared to those in whom respiratory syncytial virus was not detected Includes patients in emergency room and hospital wards.F I G U R E 3 Proportion of respiratory syncytial virus viral subtype and the presence of coinfection according to age group without coinfections; on the other hand, the presence of rales (24.5% vs 33.3%; P=.04), wheezing (50.9% vs 61.1%; P=.03), and shortness of breath (61% vs 70.1%; P=.04) was noted less frequently among patients with coinfections compared to those in whom RSV was the only pathogen. The proportion of hospitalized patients was higher in those infected by RSV only compared to those with other respiratory pathogens (77.1% vs 61%; P<.001); however, no increase in the proportion of ICU admissions was noted (16.5% vs 17.6%; P=.76). further assess the role of coinfections and other factors in the severity of RSV infections, we compared the characteristics of patients admitted to the hospital and those that were treated only as outpatients. Because of the differences in risk factors described in pediatric and adult patients, a separate analysis was carried out for these two groups(Tables 4 and 5). Variables with a significant association on univariate analysis (P<.05) were included in a multivariate logistic regression model. In children, factors with a significant independent association with RSV hospitalization included patient's age (younger children with higher risk) and the presence of another respiratory pathogen (reduced risk in those with coinfection) (Table 6). In adults, there was a significant association between patient's age (older patients with higher risk; odds ratio (OR) 1.06; 95% CI, 1.03-1.09, P= Does not include six cases of RSV A+RSV B coinfection. of admission to the ICU in this analysis limited only to children.", "latex": null, "type": "table"}, "TABREF2": {"text": "demiology of RSV infection in Mexico among people of all ages that presented to hospital with ILI. Infections caused by this virus were detected year-round, but had a notable seasonal distribution with high circulation during the fall and winter. Overall, the highest numbers of detections were recorded between October and December. The predominant subtype was RSV A over the four seasons, although during the last season included in the study the number of RSV B detections was similar to that of RSV A.In recent years, there has been a growing interest on the impact of RSV infection in adults. RSV has been reported to be one of the leading causes of community-acquired pneumonia in adults, just behind Streptococcus pneumonia and influenza virus.3 In this study, RSV was detected in 4.6% of adults with respiratory tract infections and ILI.Previous studies have also found a significant role of RSV in adults; for instance, Johnstone et al.13 detected the presence of RSV in 2.6% of cases of community-acquired pneumonia in adults. In a recent study including adults with respiratory tract infections assessed in the emergency room or in the hospital, RSV was also detected in 2.6% of patients. 14 In another study, RSV was detected in 7.4% of respiratory illnesses in subjects \u2265 65 years from 14 countries with moderate-tosevere ILI and was more prevalent in hospitalized patients.15 Thus, our results are consistent with previous reports suggesting that RSV is an important cause of moderate-to-severe ILI and may be associated with hospitalization in the elderly.16 In this study, multiple viruses were detected in some samples from children and adults because of the use of a multiplex RT-PCR assay, which can detect 19-22 different respiratory pathogens. The combination of RSV A and rhinovirus was the coinfection most frequently found. The role of other viruses during RSV infection has been subject of previous studies.17 Rhinovirus is one of the most frequently reported viruses in combination with RSV.18 An increase in disease severity during viral coinfection has been suggested in several of these reports. However, not all studies concur in their results.19 In our study,", "latex": null, "type": "table"}, "TABREF3": {"text": "ICU, intensive care unit. severity of illness. However, strains belonging to this clade appear to be a minority among currently circulating RSV strains.24 Our study is subject to some limitations. To be eligible for study participation, subjects had to fulfill the ILI definition established in this project. As such, not all patients with respiratory tract infections were eligible for inclusion. Nevertheless, our definition of ILI allowed for a wide spectrum of disease severity to be included in the study.", "latex": null, "type": "table"}}, "back_matter": [{"text": "ILI-002 study principal investigators, coprincipal investigators, study staff, NIAID, Leidos and Westat staff include the following: Instituto Nacional de Ciencias M\u00e9dicas y Nutrici\u00f3n Salvador Zubir\u00e1n: Guillermo", "cite_spans": [], "ref_spans": [], "section": "Mexico Emerging Infectious Diseases Clinical Research Network"}, {"text": "D. E. Noyola has participated as a member of the speakers' bureau of AbbVie. The rest of the authors declare that they have no relevant conflicts of interest to report.", "cite_spans": [], "ref_spans": [], "section": "COMPETING INTEREST STATEMENT"}]}