{
    "paper_id": "0c414e86388887ad8483e04d91884d3b04f3a609",
    "metadata": {
        "title": "Supplementary appendix Preparedness and vulnerability of African countries against importations of COVID-19: a modelling study",
        "authors": [
            {
                "first": "Marius",
                "middle": [],
                "last": "Gilbert",
                "suffix": "",
                "affiliation": {
                    "laboratory": "Spatial Epidemiology Lab (SpELL)",
                    "institution": "Universit\u00e9 Libre de Bruxelles",
                    "location": {
                        "settlement": "Brussels",
                        "country": "Belgium"
                    }
                },
                "email": ""
            },
            {
                "first": "Giulia",
                "middle": [],
                "last": "Pullano",
                "suffix": "",
                "affiliation": {
                    "laboratory": "",
                    "institution": "IPLESP",
                    "location": {
                        "settlement": "Paris",
                        "country": "France"
                    }
                },
                "email": ""
            },
            {
                "first": "Francesco",
                "middle": [],
                "last": "Pinotti",
                "suffix": "",
                "affiliation": {
                    "laboratory": "",
                    "institution": "IPLESP",
                    "location": {
                        "settlement": "Paris",
                        "country": "France"
                    }
                },
                "email": ""
            },
            {
                "first": "Eugenio",
                "middle": [],
                "last": "Valdano",
                "suffix": "",
                "affiliation": {
                    "laboratory": "",
                    "institution": "University of California Los Angeles",
                    "location": {
                        "settlement": "Los Angeles",
                        "country": "United States"
                    }
                },
                "email": ""
            },
            {
                "first": "Chiara",
                "middle": [],
                "last": "Poletto",
                "suffix": "",
                "affiliation": {
                    "laboratory": "",
                    "institution": "IPLESP",
                    "location": {
                        "settlement": "Paris",
                        "country": "France"
                    }
                },
                "email": ""
            },
            {
                "first": "Pierre-Yves",
                "middle": [],
                "last": "Bo\u00eblle",
                "suffix": "",
                "affiliation": {
                    "laboratory": "",
                    "institution": "IPLESP",
                    "location": {
                        "settlement": "Paris",
                        "country": "France"
                    }
                },
                "email": ""
            },
            {
                "first": "Eric",
                "middle": [
                    "D &apos;"
                ],
                "last": "Ortenzio",
                "suffix": "",
                "affiliation": {
                    "laboratory": "",
                    "institution": "INSERM",
                    "location": {
                        "postCode": "F-75018",
                        "settlement": "Paris",
                        "country": "France"
                    }
                },
                "email": ""
            },
            {
                "first": "Yazdan",
                "middle": [],
                "last": "Yazdanpanah",
                "suffix": "",
                "affiliation": {
                    "laboratory": "",
                    "institution": "INSERM",
                    "location": {
                        "postCode": "F-75018",
                        "settlement": "Paris",
                        "country": "France"
                    }
                },
                "email": ""
            },
            {
                "first": "Serge",
                "middle": [
                    "Paul"
                ],
                "last": "Eholie",
                "suffix": "",
                "affiliation": {
                    "laboratory": "Service des Maladies Infectieuses et Tropicales",
                    "institution": "Centre Hospitalier Universitaire de Treichville",
                    "location": {
                        "addrLine": "C\u00f4te d'Ivoire",
                        "settlement": "Abidjan"
                    }
                },
                "email": ""
            },
            {
                "first": "Mathias",
                "middle": [],
                "last": "Altmann",
                "suffix": "",
                "affiliation": {},
                "email": ""
            },
            {
                "first": "Bernardo",
                "middle": [],
                "last": "Gutierrez",
                "suffix": "",
                "affiliation": {
                    "laboratory": "",
                    "institution": "University of Oxford",
                    "location": {
                        "settlement": "Oxford",
                        "country": "UK"
                    }
                },
                "email": ""
            },
            {
                "first": "Moritz",
                "middle": [
                    "U G"
                ],
                "last": "Kraemer",
                "suffix": "",
                "affiliation": {
                    "laboratory": "",
                    "institution": "University of Oxford",
                    "location": {
                        "settlement": "Oxford",
                        "country": "UK"
                    }
                },
                "email": ""
            },
            {
                "first": "Vittoria",
                "middle": [],
                "last": "Colizza",
                "suffix": "",
                "affiliation": {
                    "laboratory": "",
                    "institution": "IPLESP",
                    "location": {
                        "settlement": "Paris",
                        "country": "France"
                    }
                },
                "email": ""
            }
        ]
    },
    "abstract": [],
    "body_text": [
        {
            "text": "The risk of importation of COVID-19 cases in a country outside China, , from a city in China , is based on:",
            "cite_spans": [],
            "ref_spans": [],
            "section": "Risk of case importation"
        },
        {
            "text": "the travel flux from , $ ; -the cumulated incidence in , $ (assumed to be homogeneous within each province); -the probability of traveling from to , conditioned on traveling internationally from , $' (by construction, \u2211 $' = 1 ' ).",
            "cite_spans": [
                {
                    "start": 227,
                    "end": 228,
                    "text": "'",
                    "ref_id": null
                }
            ],
            "ref_spans": [],
            "section": "Risk of case importation"
        },
        {
            "text": "We define risk flow from to as the matrix",
            "cite_spans": [],
            "ref_spans": [],
            "section": "Risk of case importation"
        },
        {
            "text": "The risk of case importation to from whatever origin in China is then",
            "cite_spans": [],
            "ref_spans": [],
            "section": "Risk of case importation"
        },
        {
            "text": "This risk is normalized so that \u2211 ' = 1 ' .",
            "cite_spans": [
                {
                    "start": 40,
                    "end": 41,
                    "text": "'",
                    "ref_id": null
                }
            ],
            "ref_spans": [],
            "section": "Risk of case importation"
        },
        {
            "text": "For each African country, , we define the exposure vector, (') , whose entry $ (') encodes the contribution of city in China to the importation risk ' :",
            "cite_spans": [],
            "ref_spans": [],
            "section": "Exposure analysis"
        },
        {
            "text": "By construction these entries sum to one, \u2211 $ (') $ = 1. Therefore, we can use entropyrelated metrics to quantify the similarity between the exposure patterns of two different destination countries, and . Specifically, once defined the entropy of (') as",
            "cite_spans": [],
            "ref_spans": [],
            "section": "Exposure analysis"
        },
        {
            "text": "we used the Jensen-Shannon divergence between the two vectors, (') , and (=) , defined as",
            "cite_spans": [],
            "ref_spans": [],
            "section": "Exposure analysis"
        },
        {
            "text": "We then apply agglomerative clustering (linkage complete) to identify clusters of countries with similar exposure patterns.",
            "cite_spans": [],
            "ref_spans": [],
            "section": "Exposure analysis"
        },
        {
            "text": "The risk computation is based on the hypothesis that infectious travelers out of China will depart from airports located within the province of residence. However, this may not be the case in some situations. We relaxed this hypothesis by associating to Beijing and Shanghai airports the overall incidence of their municipality and of neighboring provinces. Specifically, overall incidence is computed by dividing the total number of cases in the municipality and its neighbors by the total population of the area. Figure S1 shows that the risk obtained with the modified definition of incidence is highly correlated with baseline values.",
            "cite_spans": [],
            "ref_spans": [
                {
                    "start": 515,
                    "end": 524,
                    "text": "Figure S1",
                    "ref_id": null
                }
            ],
            "section": "Sensitivity analysis"
        },
        {
            "text": "Scatter plot of the modified importation risk vs. baseline risk.",
            "cite_spans": [],
            "ref_spans": [],
            "section": "Figure S1"
        },
        {
            "text": "A preliminary analysis of indicators of preparedness and vulnerability was carried out using six indicators.",
            "cite_spans": [],
            "ref_spans": [],
            "section": "Selection of preparedness and vulnerability metrics"
        },
        {
            "text": "The WHO Monitoring and Evaluation Framework produces two indicators that were particularly relevant to quantify the preparedness: the mandatory State Parties selfassessment Annual Reporting (SPAR), and the voluntary Joint External Evaluation (JEE). The SPAR includes data on all countries annually, and the JEE includes data on countries that have been through the joint evaluation process on a voluntary basis between 2016 and 2019. (2) and Radiation emergency (2) .",
            "cite_spans": [
                {
                    "start": 462,
                    "end": 465,
                    "text": "(2)",
                    "ref_id": "BIBREF1"
                }
            ],
            "ref_spans": [],
            "section": "Selection of preparedness and vulnerability metrics"
        },
        {
            "text": "From both the SPAR and JEE data, we extracted two indicators each: one to quantify the overall capacity of the country to deal with an emerging epidemics, and one focusing more specifically on the detection capacity.",
            "cite_spans": [],
            "ref_spans": [],
            "section": "Selection of preparedness and vulnerability metrics"
        },
        {
            "text": "For the broad capacity with the SPAR data (SPAR1), we estimated the average score of all capacities except those of the groups Zoonoses, Food safety, Chemical events and Radiation emergency. For the broad capacity with the JEE data (JEE1), we estimated the average score of all technical areas except Antimicrobial resistance, Zoonotic diseases, Food safety, Chemical events and Radiation emergencies.",
            "cite_spans": [],
            "ref_spans": [],
            "section": "Selection of preparedness and vulnerability metrics"
        },
        {
            "text": "For the detection capacity with the SPAR data (SPAR2), we averaged the score of the capacities: Laboratory, Surveillance, Points of Entry. For the detection capacity with the JEE data (JEE2), we averaged the score of the technical areas: National laboratory system, Surveillance and Point of entry.",
            "cite_spans": [],
            "ref_spans": [],
            "section": "Selection of preparedness and vulnerability metrics"
        },
        {
            "text": "As indicators of overall vulnerability, we extracted the Infectious Disease Vulnerability Index (IDVI) [3] , and the INFORM Epidemic Risk Index (ERI) [4] .",
            "cite_spans": [
                {
                    "start": 103,
                    "end": 106,
                    "text": "[3]",
                    "ref_id": "BIBREF2"
                },
                {
                    "start": 150,
                    "end": 153,
                    "text": "[4]",
                    "ref_id": "BIBREF3"
                }
            ],
            "ref_spans": [],
            "section": "Selection of preparedness and vulnerability metrics"
        },
        {
            "text": "All metrics were rescaled from 0-100 from the lowest to the highest capacity, or, conversely from the highest to the lowest vulnerability.",
            "cite_spans": [],
            "ref_spans": [],
            "section": "Selection of preparedness and vulnerability metrics"
        },
        {
            "text": "The multivariate analysis ( Figure S2 ) showed a very high correlation between SPAR1 & SPAR2 (r = 0.895), JEE1 & JEE2 (r = 0.854) and between IERI and IDVI (r = 0.858). Between the four indicators of capacity (SPAR1, SPAR2, JEE1, JEE2) and the two indicators of vulnerability (IDVI & ERI), the lowest correlation was found between the SPAR1 and IDVI indicators, (r = 0.459), with a lower correlation than SPAR1 and ERI (r = 0.473). The principal component analysis bi-plot (showing 88.63% of the variability) visualizes these trends and highlights that SPAR1 and IDVI as the least redundant index.",
            "cite_spans": [],
            "ref_spans": [
                {
                    "start": 28,
                    "end": 37,
                    "text": "Figure S2",
                    "ref_id": "FIGREF1"
                }
            ],
            "section": "Selection of preparedness and vulnerability metrics"
        },
        {
            "text": "Given the availability of the SPAR data in all countries (vs. only 43 countries for the JEE data), the very high correlation between SPAR1 and SPAR2, the very high correlation between IDVI and ERI, and the lowest correlation between SPAR1 and IDVI, we selected SPAR1 and IDVI as the most complementary measures to capture the overall preparedness capacity in one hand, and the overall disease vulnerability in the other hand. ",
            "cite_spans": [],
            "ref_spans": [],
            "section": "Selection of preparedness and vulnerability metrics"
        }
    ],
    "bib_entries": {
        "BIBREF0": {
            "ref_id": "b0",
            "title": "State Party self-assessment annual reporting tool. Geneva: World Health Organization",
            "authors": [],
            "year": 2005,
            "venue": "International Health Regulations",
            "volume": "",
            "issn": "",
            "pages": "",
            "other_ids": {}
        },
        "BIBREF1": {
            "ref_id": "b1",
            "title": "Joint external evaluation tool: International Health Regulations",
            "authors": [],
            "year": 2005,
            "venue": "World Health Organization",
            "volume": "",
            "issn": "",
            "pages": "",
            "other_ids": {}
        },
        "BIBREF2": {
            "ref_id": "b2",
            "title": "Identifying future disease hot spots: infectious disease vulnerability index. RAND",
            "authors": [
                {
                    "first": "M",
                    "middle": [],
                    "last": "Moore",
                    "suffix": ""
                },
                {
                    "first": "B",
                    "middle": [],
                    "last": "Gelfeld",
                    "suffix": ""
                },
                {
                    "first": "A",
                    "middle": [],
                    "last": "Okunogbe",
                    "suffix": ""
                },
                {
                    "first": "C",
                    "middle": [],
                    "last": "Paul",
                    "suffix": ""
                },
                {
                    "first": "B",
                    "middle": [],
                    "last": "Gelfeld",
                    "suffix": ""
                }
            ],
            "year": 2016,
            "venue": "",
            "volume": "",
            "issn": "",
            "pages": "",
            "other_ids": {}
        },
        "BIBREF3": {
            "ref_id": "b3",
            "title": "Incorporating epidemics risk in the INFORM Global Risk Index, EUR 29603 EN, Publications Office of the European Union",
            "authors": [
                {
                    "first": "K",
                    "middle": [],
                    "last": "Poljan\u0161ek",
                    "suffix": ""
                },
                {
                    "first": "M",
                    "middle": [],
                    "last": "Marin-Ferrer",
                    "suffix": ""
                },
                {
                    "first": "L",
                    "middle": [],
                    "last": "Vernaccini",
                    "suffix": ""
                },
                {
                    "first": "L",
                    "middle": [],
                    "last": "Messina",
                    "suffix": ""
                }
            ],
            "year": 2018,
            "venue": "",
            "volume": "",
            "issn": "",
            "pages": "",
            "other_ids": {
                "DOI": [
                    "10.2760/647382"
                ]
            }
        }
    },
    "ref_entries": {
        "FIGREF0": {
            "text": "The SPAR data[1] contains a total of 20 indicator scores collected annually and extracted for 2018 in all countries in Africa organized and grouped according to capacities (number between brackets is the number of indicators per capacity): Legislation (2), IHR Coordination(2), Zoonoses (1), Food safety (1), Laboratory (3), Surveillance (2), Human resource (1), National health emergency framework (3)health and security (1), Medical countermeasures and personal deployment (2), Risk communication (6), Points of entry (2), Chemical events",
            "latex": null,
            "type": "figure"
        },
        "FIGREF1": {
            "text": "Correlogram (left) and principal component analysis bi-plot (right) of the different indicators of preparedness and vulnerability.",
            "latex": null,
            "type": "figure"
        }
    },
    "back_matter": []
}