{"paper_id": "0c5fbfd4840c2689fbec7ae1fcd204fbc937b7b1", "metadata": {"title": "Genetic diversity in the yellow head nidovirus complex", "authors": [{"first": "Priyanjalie", "middle": ["K M"], "last": "Wijegoonawardane", "suffix": "", "affiliation": {"laboratory": "", "institution": "Queensland Bioscience Precinct", "location": {"addrLine": "306 Carmody Road", "postCode": "4067", "settlement": "St. Lucia", "region": "Queensland", "country": "Australia"}}, "email": ""}, {"first": "Jeff", "middle": ["A"], "last": "Cowley", "suffix": "", "affiliation": {"laboratory": "", "institution": "Queensland Bioscience Precinct", "location": {"addrLine": "306 Carmody Road", "postCode": "4067", "settlement": "St. Lucia", "region": "Queensland", "country": "Australia"}}, "email": ""}, {"first": "Thuy", "middle": [], "last": "Phan", "suffix": "", "affiliation": {"laboratory": "", "institution": "Queensland Bioscience Precinct", "location": {"addrLine": "306 Carmody Road", "postCode": "4067", "settlement": "St. Lucia", "region": "Queensland", "country": "Australia"}}, "email": ""}, {"first": "Richard", "middle": ["A J"], "last": "Hodgson", "suffix": "", "affiliation": {"laboratory": "", "institution": "Queensland Bioscience Precinct", "location": {"addrLine": "306 Carmody Road", "postCode": "4067", "settlement": "St. Lucia", "region": "Queensland", "country": "Australia"}}, "email": ""}, {"first": "Linda", "middle": [], "last": "Nielsen", "suffix": "", "affiliation": {"laboratory": "", "institution": "Mahidol University", "location": {"addrLine": "Rama 6 Road", "postCode": "10400", "settlement": "Bangkok", "country": "Thailand"}}, "email": ""}, {"first": "Wansika", "middle": [], "last": "Kiatpathomchai", "suffix": "", "affiliation": {"laboratory": "", "institution": "Mahidol University", "location": {"addrLine": "Rama 6 Road", "postCode": "10400", "settlement": "Bangkok", "country": "Thailand"}}, "email": ""}, {"first": "Peter", "middle": ["J"], "last": "Walker", "suffix": "", "affiliation": {"laboratory": "", "institution": "Queensland Bioscience Precinct", "location": {"addrLine": "306 Carmody Road", "postCode": "4067", "settlement": "St. Lucia", "region": "Queensland", "country": "Australia"}}, "email": ""}]}, "abstract": [], "body_text": [{"text": "Yellow head disease (YHD) emerged in 1990 in farmed black tiger shrimp (Penaeus monodon) in Thailand (Limsuwan, 1991) . It is a devastating disease that can cause total crop losses within a few days following the appearance of gross signs (Chantanachookin et al., 1993) . The causative agent, yellow head virus (YHV), is a bacilliform, enveloped, (+) ssRNA virus classified in the genus Okavirus, family Roniviridae within the order Nidovirales (Walker et al., 2005) . A related nidovirus, gill-associated virus (GAV), occurs commonly as a chronic infection in healthy wild and farmed P. monodon in eastern Australia (Spann et al., 1995; Cowley et al., 2000a; Walker et al., 2001) . GAV has been associated with a disease described as mid-crop mortality syndrome (MCMS) in which mortalities progressively accumulate from the mid-late juvenile stage onwards (Spann et al., 1997; Walker et al., 2001) . A variant YHV genotype has also been detected in healthy P. monodon broodstock from Thailand (Soowannayan et al., 2003) and YHV or related viruses have been reported in P. monodon and Penaeus japonicus farmed in Taiwan (Wang et al., 1996; Wang and Chang, 2000) . However, these viruses were not associated with typical YHD and their relationships to YHV or GAV remain unconfirmed. There are also reports of YHD or YHV in P. monodon in several other countries in the Asian region including the Philippines, India, Indonesia, Sri Lanka, Malaysia, Vietnam and China (Walker et al., 2001) but these have rarely been confirmed by laboratory analysis.", "cite_spans": [{"start": 101, "end": 117, "text": "(Limsuwan, 1991)", "ref_id": "BIBREF20"}, {"start": 239, "end": 269, "text": "(Chantanachookin et al., 1993)", "ref_id": "BIBREF2"}, {"start": 445, "end": 466, "text": "(Walker et al., 2005)", "ref_id": "BIBREF47"}, {"start": 617, "end": 637, "text": "(Spann et al., 1995;", "ref_id": "BIBREF42"}, {"start": 638, "end": 659, "text": "Cowley et al., 2000a;", "ref_id": "BIBREF7"}, {"start": 660, "end": 680, "text": "Walker et al., 2001)", "ref_id": "BIBREF48"}, {"start": 857, "end": 877, "text": "(Spann et al., 1997;", "ref_id": "BIBREF41"}, {"start": 878, "end": 898, "text": "Walker et al., 2001)", "ref_id": "BIBREF48"}, {"start": 994, "end": 1020, "text": "(Soowannayan et al., 2003)", "ref_id": "BIBREF40"}, {"start": 1120, "end": 1139, "text": "(Wang et al., 1996;", "ref_id": "BIBREF50"}, {"start": 1140, "end": 1161, "text": "Wang and Chang, 2000)", "ref_id": "BIBREF49"}, {"start": 1464, "end": 1485, "text": "(Walker et al., 2001)", "ref_id": "BIBREF48"}], "ref_spans": [], "section": "Introduction"}, {"text": "Like other nidoviruses, the polyadenylated, (+) RNA genomes of YHV (26,662 nt) and GAV (26,235 nt) are expressed from a nested set of genomic and subgenomic mRNAs Cowley et al., 2002a; Sittidilokratna et al., 2008) . The genomes are organized similarly (5\u2032-ORF1a/ORF1b-ORF2-ORF3-(ORF4)-polyA-3\u2032). ORF1a encodes a long polyprotein (pp1a) containing 3C-like and papain-like proteases required for auto-processing, and overlaps ORF1b which encodes a 'SDD' RNA-dependent RNA polymerase, helicase, metal-ion-binding, exonuclease, uridylate-specific endoribonuclease and ribose-2\u2032-O-methyl transferase domains (Cowley et al., 2000b; Ziebuhr et al., 2003; Sittidilokratna et al., 2002 Sittidilokratna et al., , 2008 . A -1 Virology 380 (2008) [213] [214] [215] [216] [217] [218] [219] [220] [221] [222] [223] [224] [225] ribosomal frame-shift element at the ORF1a/ORF1b overlap facilitates translation of the complete pp1ab polyprotein (Cowley et al., 2002a) . ORF2 encodes the nucleoprotein (p20) and ORF3 encodes a polyprotein that is processed to generate two envelope glycoproteins (gp116 and gp64) and a small N-terminal triple-membrane-spanning (TMS) fragment of unknown function Jitrapakdee et al., 2003; Cowley et al., 2004a; Sittidilokratna et al., 2006) . ORF4 is a short open reading frame that, although possibly expressed in GAV , is severely truncated in YHV and unlikely to encode a functional protein (Sittidilokratna et al., 2008) . Intergenic regions (IGRs) upstream of ORF2 and ORF3 contain conserved transcription regulatory sequences (TRSs) that facilitate transcription of two sub-genomic mRNAs (sgmRNAs) which, together with the genome-length mRNA, form a 3\u2032-coterminal nested set characteristic of nidoviruses (Cowley et al., 2002a; Sittidilokratna et al., 2008) . The genome sequences of YHV and GAV are \u223c79% identical, with amino acid sequence identity ranging from \u223c 73% in gp116 to \u223c 84% in pp1ab (Sittidilokratna et al., 2008) . Based on levels of sequence divergence, YHV and GAV have been regarded as closely related variants that are likely to represent geographic topotypes in a larger complex (Cowley et al., 1999; Walker et al., 2001) . Currently, they are each classified as the species Gill-associated virus (Walker et al., 2005) .", "cite_spans": [{"start": 163, "end": 184, "text": "Cowley et al., 2002a;", "ref_id": "BIBREF9"}, {"start": 185, "end": 214, "text": "Sittidilokratna et al., 2008)", "ref_id": "BIBREF38"}, {"start": 604, "end": 626, "text": "(Cowley et al., 2000b;", "ref_id": "BIBREF8"}, {"start": 627, "end": 648, "text": "Ziebuhr et al., 2003;", "ref_id": "BIBREF53"}, {"start": 649, "end": 677, "text": "Sittidilokratna et al., 2002", "ref_id": "BIBREF37"}, {"start": 678, "end": 708, "text": "Sittidilokratna et al., , 2008", "ref_id": "BIBREF38"}, {"start": 711, "end": 735, "text": "A -1 Virology 380 (2008)", "ref_id": null}, {"start": 736, "end": 741, "text": "[213]", "ref_id": null}, {"start": 742, "end": 747, "text": "[214]", "ref_id": null}, {"start": 748, "end": 753, "text": "[215]", "ref_id": null}, {"start": 754, "end": 759, "text": "[216]", "ref_id": null}, {"start": 760, "end": 765, "text": "[217]", "ref_id": null}, {"start": 766, "end": 771, "text": "[218]", "ref_id": null}, {"start": 772, "end": 777, "text": "[219]", "ref_id": null}, {"start": 778, "end": 783, "text": "[220]", "ref_id": null}, {"start": 784, "end": 789, "text": "[221]", "ref_id": null}, {"start": 790, "end": 795, "text": "[222]", "ref_id": null}, {"start": 796, "end": 801, "text": "[223]", "ref_id": null}, {"start": 802, "end": 807, "text": "[224]", "ref_id": null}, {"start": 808, "end": 813, "text": "[225]", "ref_id": null}, {"start": 929, "end": 951, "text": "(Cowley et al., 2002a)", "ref_id": "BIBREF9"}, {"start": 1179, "end": 1204, "text": "Jitrapakdee et al., 2003;", "ref_id": "BIBREF19"}, {"start": 1205, "end": 1226, "text": "Cowley et al., 2004a;", "ref_id": "BIBREF11"}, {"start": 1227, "end": 1256, "text": "Sittidilokratna et al., 2006)", "ref_id": "BIBREF39"}, {"start": 1410, "end": 1440, "text": "(Sittidilokratna et al., 2008)", "ref_id": "BIBREF38"}, {"start": 1727, "end": 1749, "text": "(Cowley et al., 2002a;", "ref_id": "BIBREF9"}, {"start": 1750, "end": 1779, "text": "Sittidilokratna et al., 2008)", "ref_id": "BIBREF38"}, {"start": 1918, "end": 1948, "text": "(Sittidilokratna et al., 2008)", "ref_id": "BIBREF38"}, {"start": 2120, "end": 2141, "text": "(Cowley et al., 1999;", "ref_id": "BIBREF6"}, {"start": 2142, "end": 2162, "text": "Walker et al., 2001)", "ref_id": "BIBREF48"}, {"start": 2238, "end": 2259, "text": "(Walker et al., 2005)", "ref_id": "BIBREF47"}], "ref_spans": [], "section": "Introduction"}, {"text": "This paper reports the analysis of tissue samples from healthy and diseased P. monodon collected from several countries in the Indo-Pacific region. Analysis of partial ORF1b sequences identified at least six distinct genetic lineages (genotypes) of yellow head-related viruses of which only YHV (genotype 1) was detected in shrimp from YHD-outbreak ponds. Sequencing of the structural gene region of representatives of genotypes 3, 4 and 5 identified significant diversity, particularly in IGRs and the N-terminal gp116 region, but preservation of TRS-like elements and a 3\u2032-terminal hairpin structure likely to be involved in negative-strand RNA synthesis.", "cite_spans": [], "ref_spans": [], "section": "Introduction"}, {"text": "A new genotype (genotype 3) detected in healthy P. monodon broodstock and postlarvae", "cite_spans": [], "ref_spans": [], "section": "Results"}, {"text": "In an initial study, a semi-nested RT-PCR targeting a 279 nt ORF1b sequence located just downstream of helicase domain motif VI was used to detect YHV-related viruses in 38 apparently healthy P. monodon broodstock sampled from commercial hatcheries in Central Thailand in March 2000. PCR products were amplified from 25 (66%) of the broodstock (Fig. 1A) . Nucleotide sequences were determined for six of these in addition to PCR products amplified from juvenile shrimp from YHD outbreaks in Thailand and Taiwan and healthy broodstock and postlarvae from hatcheries in Australia, Vietnam and Sarawak in Malaysia (Table 1) . Using 25 sequences, ClustalX was used to align the 231 nt segment bounded by the nested PCR primers (equivalent to the sequence A 17492 to A 17722 in the GAV reference strain; GenBank AF227196). An unrooted neighbour-joining phylogenetic tree generated from this alignment segregated the sequences into three clusters (Fig. 1B) . One cluster (genotype 1) included the YHV reference strain (GenBank AY052786) and all eight viruses from juvenile shrimp from YHD outbreaks. Whilst slight nucleotide variation occurred between some of these viruses, the sequences of one Thai (THA-00-D11) and three of the four Taiwanese viruses (TWN-00-D1, TWN-00-D2, TWN-00-D3) were identical. The second cluster (genotype 2) included the GAV reference strain, the two other Australian viruses from either healthy or MCMS-affected shrimp, and one of the five Vietnamese viruses from healthy postlarvae (VNM-01-H65). The third phylogenetic cluster (genotype 3), which has not been described previously, comprised all viruses from healthy broodstock from Thailand and Sarawak and the other four Vietnamese viruses detected in healthy postlarvae. The Vietnamese viruses appeared to form a sub-group within genotype 3.", "cite_spans": [], "ref_spans": [{"start": 344, "end": 353, "text": "(Fig. 1A)", "ref_id": "FIGREF0"}, {"start": 611, "end": 620, "text": "(Table 1)", "ref_id": "TABREF0"}, {"start": 941, "end": 950, "text": "(Fig. 1B)", "ref_id": "FIGREF0"}], "section": "Results"}, {"text": "Other genotypes detected in P. monodon from various Indo-Pacific regions A more extensive study was conducted using a larger set of P. monodon sampled over a wider geographic range. A new RT-nested PCR designed to amplify a 722 nt ORF1b gene segment encompassing the semi-nested RT-PCR sequence was used in initial analyses. This test was further modified to utilize degenerate primer pairs YH30-F2/ R2 and YHV31-F2/R2 to better accommodate sequence variations among the known genotypes and was applied to \u223c 200 P. monodon sampled between 1997 and 2004 from Indonesia, the Philippines, Taiwan, Vietnam, Thailand, Malaysia, India, Sri Lanka, Mozambique and Australia (Table 1) . Samples included whole postlarvae as well as gill, lymphoid organ, hepatopancreas or whole head tissues of juvenile farmed shrimp or adult broodstock from hatcheries. Most samples were from healthy shrimp but some originated from shrimp either displaying typical signs of YHD or that were moribund and collected from MCMS-affected ponds in Australia.", "cite_spans": [], "ref_spans": [{"start": 666, "end": 675, "text": "(Table 1)", "ref_id": "TABREF0"}], "section": "Results"}, {"text": "In total, 57 of the \u223c 200 samples generated nested PCR amplicon yields suitable for sequencing. Sequences of these 57 viruses, together with YHV and GAV reference strain sequences, were aligned using ClustalX. An unrooted neighbour-joining tree generated from the alignment of the 688-671 nt segment (equivalent to the GAV reference strain sequence G 17259 to A 17929 ) segregated the viruses into six major clusters well supported by bootstrap values (N70%) (Fig. 2) . The clustering of viruses in genotypes 1, 2 and 3 substantiated initial findings with the 231 nt sequence in that all 13 viruses clustering with YHV (genotype 1) originated from juvenile YHDaffected shrimp and all seven viruses from healthy and diseased Australian shrimp clustered with GAV (genotype 2). Ten Thai and Vietnamese viruses from healthy shrimp also clustered with GAV. The 17 genotype 3 viruses displayed the widest geographic distribution, being identified in healthy broodstock and postlarvae from hatcheries in Thailand, Vietnam, Taiwan, Indonesia, Malaysia and Mozambique. The three viruses from Malaysian shrimp also appeared to form a subcluster in genotype 3.", "cite_spans": [], "ref_spans": [{"start": 459, "end": 467, "text": "(Fig. 2)", "ref_id": "FIGREF1"}], "section": "Results"}, {"text": "In addition to these genotypes, the tree delineated three new clusters. One lineage (genotype 4) was clearly separated from all other genotypes and comprised viruses detected in three healthy postlarvae batches sampled from hatcheries in Nellore, India. Another lineage (genotype 6) was most closely related to genotype 2 (GAV) and comprised viruses detected in five of the six broodstock from Mozambique. The other Mozambique virus clustered in genotype 3. However, as Mozambique shrimp were supplied from a commercial breeding facility in Malaysia, it is possible this sample was mislabeled. Another lineage (genotype 5) comprised viruses derived from a healthy sub-adult from Malaysia (MYS-03-H4), a sub-adult from Thailand displaying slower than normal growth (THA-03-SG21), and a batch of healthy postlarvae sampled from the Philippines (PHL-03-H8). The relationships among the three genotype 5 viruses were more disparate than viruses clustering within the other lineages. Pair-wise alignments indicated that THA-03-SG21 and MYS-03-H4 share 97.3% sequence identity and that the levels of identity of these two viruses to PHL-03-H8 (92.8% and 93.4%) was less than that distinguishing viruses clustered in genotypes 2 and 6 (\u223c 96.5%) and comparable to that distinguishing viruses clustered in genotypes 2 and 3 (\u223c 93.3%). PHL-03-H8 was the only YH-related virus detected among 18 P. monodon sampled from the Philippines and it is likely that genotype 5 will resolve into a two separate lineages once more viruses are analyzed. Phylogenetic analysis using the maximum parsimony method clustered the viruses similarly into six genotypes (data not shown).", "cite_spans": [], "ref_spans": [], "section": "Results"}, {"text": "Translation of the 57 amplified ORF1b gene fragments revealed 35 unique 223 aa sequences that extended from the start of the pp1ab helicase domain motif V to a locus 173 aa downstream of motif VI (Cowley et al., 2000b; Sittidilokratna et al., 2002 ). An unrooted phylogenetic tree was generated from a ClustalX alignment of the sequences using the neighbour-joining distance matrix. The viruses clustered into the same phylogenetic lineages as defined by the nucleotide sequences, except that the three genotype 6 viruses merged with viruses clustering in genotype 2 (data not shown).", "cite_spans": [{"start": 196, "end": 218, "text": "(Cowley et al., 2000b;", "ref_id": "BIBREF8"}, {"start": 219, "end": 247, "text": "Sittidilokratna et al., 2002", "ref_id": "BIBREF37"}], "ref_spans": [], "section": "Results"}, {"text": "Partial genomic sequences of representatives of genotypes 3 (VNM-02-H93), 4 (IND-02-H9) and 5 (THA-03-SG21) were compiled from three to five fragments amplified by RT-nested PCR, RT-seminested PCR and 3\u2032-polyA-anchored RT-PCR. For genotypes 3 and 4, the \u223c6.15 kb sequence extended from IGR1 to the 3\u2032-polyA tail and thus encompassed ORF2 (N protein) and ORF3 (glycoproteins) and the genome 3\u2032-UTR. Due to the poor quality of tissue available to extract RNA, no sequence was obtained for the central ORF3 region or the near 3\u2032-terminal region of genotype 5. Comparisons with genomic sequences of the reference strains of YHV (genotype 1) and GAV (genotype 2) identified high levels of overall nucleotide sequence Table 1 . Bootstrap values shown at key branch nodes were determined for 1000 replicates. Horizontal branch lengths indicate phylogenetic distance calculated as the number of nucleotide substitutions per total nucleotide residues. The clustering of viruses into three discrete genetic lineages (genotypes 1 to 3) is indicated. identity between the genotypes and a similar genome organization (5\u2032\u2026IGR1-ORF2-IGR2-ORF3-IGR3-ORF4-UTR-polyA-3\u2032).", "cite_spans": [], "ref_spans": [{"start": 712, "end": 719, "text": "Table 1", "ref_id": "TABREF0"}], "section": "Partial genome sequence analysis of genotype 3, 4 and 5 viruses"}, {"text": "Nucleoprotein gene ORF2 gene amino acid sequence lengths (144 aa) were identical for GAV and the genotype 3, 4 and 5 viruses and slightly longer for YHV (146 aa). Sequence identity varied between 84.0% (GAV and YHV) and 94.4% (GAV and genotype 3), with most variability, including the two amino acid insertions in YHV, occurring in N-and C-terminal regions (Fig. 3A) . Phylogenetic analysis using the N gene sequences (Fig. 3B ) confirmed the relationships determined using the ORF1b sequence, with genotypes 2 and 3 and genotypes 4 and 5 clustering on separate branches and genotype 1 (YHV) being more distantly related.", "cite_spans": [], "ref_spans": [{"start": 357, "end": 366, "text": "(Fig. 3A)", "ref_id": "FIGREF2"}, {"start": 418, "end": 426, "text": "(Fig. 3B", "ref_id": "FIGREF2"}], "section": "Partial genome sequence analysis of genotype 3, 4 and 5 viruses"}, {"text": "In YHV and GAV, ORF3 encodes a polyprotein (pp3) that is cleaved to generate envelope glycoproteins gp116 and gp64, and an N-terminal TMS fragment that has yet to be identified in virions or infected cells (Jitrapakdee et al., 2003; Cowley and Walker, 2002) . The pp3 sequences of the genotype 3 (1642 aa) and genotype 4 viruses (1638 aa) were similar in length to GAV (1640 aa) and somewhat shorter than YHV (1666 aa). A ClustalX alignment of the pp3 sequences indicated overall identity to vary between 75.4% (genotypes 1 and 4) and 86.7% (genotypes 2 and 4). Identity was lower in gp116 (71.3%-83.4%) than gp64 (81.8%-92.4%). Of the four genotypes, YHV was most distantly related in all three polypeptides generated by pp3 processing. All 50 cysteine residues located in the predicted ectodomains were perfectly conserved and, of the 25 likely disulphide bridges, two occurred in the TMS fragment, 12 in gp116, and 11 in gp64. Predicted N-linked glycosylation sites are less well conserved amongst the genotypes. Both sites in the GAV TMS ectodomain also exist in genotypes 3 and 4 but only one is present in YHV. In the gp116 ectodomain, GAV contains eight potential sites. YHV contains seven of which six are present in GAV Jitrapakdee et al., 2003) . All seven potential sites in genotype 3 are shared with GAV as are six of the seven sites in genotype 4, the other being unique. Five of the potential sites in gp116 are conserved across all four genotypes. In the gp64 ectodomain, all four potential N-linked glycosylation sites are conserved across the genotypes.", "cite_spans": [{"start": 206, "end": 232, "text": "(Jitrapakdee et al., 2003;", "ref_id": "BIBREF19"}, {"start": 233, "end": 257, "text": "Cowley and Walker, 2002)", "ref_id": "BIBREF4"}, {"start": 1229, "end": 1254, "text": "Jitrapakdee et al., 2003)", "ref_id": "BIBREF19"}], "ref_spans": [], "section": "Glycoprotein gene"}, {"text": "TMHMM hydropathy profiles of the pp3 sequences of genotypes 3 and 4 predicted six transmembrane (TM) helices with ectodomains between helices (TM1-TM2, TM3-TM4, and TM5-TM6) and a membrane topology identical to that predicted previously for YHV and GAV (Fig. 4) . SignalP3.0 analysis of each pp3 predicted two signal peptidase type I-like cleavage sites immediately downstream of TM3 and TM5. The TM3 cleavage sites of genotypes 3 (AFA 228 \u2193ST), genotype 4 (SFA 228 \u2193KE) and genotype 5 (AFS 228 \u2193QE) correspond to those used in YHV (AFA 228 \u2193TI) and GAV (TFA 228 \u2193KE) to generate the gp116 Nterminus Jitrapakdee et al., 2003) . The TM5 cleavage site generates the gp116 C-terminus and the gp64 Nterminus. Although this site is highly conserved in YHV and GAV (ASA 1127 \u2193LA), substitutions were observed upstream of the point of cleavage in genotype 3 (ATA 1104 \u2193LA) and genotype 4 (VSS 1099 \u2193LA). As indicated, there is marked variability in the amino acid sequence immediately downstream of the TM3 cleavage site (Fig. 4) . Although all seven cysteine residues are preserved, there are differences in the number and location of N-linked glycosylation sites and, in YHV, there is a large sequence deletion at the gp116 N-terminus.", "cite_spans": [{"start": 600, "end": 625, "text": "Jitrapakdee et al., 2003)", "ref_id": "BIBREF19"}], "ref_spans": [{"start": 253, "end": 261, "text": "(Fig. 4)", "ref_id": "FIGREF3"}, {"start": 1014, "end": 1022, "text": "(Fig. 4)", "ref_id": "FIGREF3"}], "section": "Glycoprotein gene"}, {"text": "The IGRs upstream of ORF2 (IGR1) and ORF3 (IGR2) and the \u223c650 nt 3\u2032-terminal region downstream of ORF3 were aligned using ClustalX and compared. As observed previously (Cowley et al., 2002a; Sittidilokratna et al., 2002) , IGR1 is significantly longer in YHV (352 nt) than in GAV (93 nt) but each contains a highly conserved motif predicted to function as a TRS. In GAV, the 5\u2032-terminus of sub-genomic (sg) mRNA1 is located within the TRS and the terminal seven nucleotides (5\u2032-AACACCU-) are preserved in YHV (Cowley et al., 2002a; Sittidilokratna et al., 2008) . As shown in Figure 5A , IGR1 lengths in the genotype 3 (91 nt), 4 (112 nt) and 5 (104 nt) viruses are similar to GAV and contain a highly conserved block of 25 nt including a 13 nt motif (5\u2032-GGUCAAUUACAAC-3\u2032) encompassing the sgmRNA1 5\u2032-terminus that is conserved across all five genotypes. IGR2 sequences (54-57 nt) are highly conserved across all genotypes. In the most conserved block of 24 nt (5\u2032-AUU(G/U) GUCAAUUACAACC(U/A)AAAUUUU-3\u2032), substitutions occur at only two positions, one in genotype 4 (G/U) and another in genotypes 3 and 4 (U/ A) (Fig. 6A ). WebLogo presentation of ClustalX alignments indicated that the sequence 5\u2032-GUCAAUUACAACxxAxxUU-3\u2032, encompassing the 5\u2032termini of sgmRNA1 and 2 of GAV, is invariant in all five genotypes (Fig. 5B) .", "cite_spans": [{"start": 168, "end": 190, "text": "(Cowley et al., 2002a;", "ref_id": "BIBREF9"}, {"start": 191, "end": 220, "text": "Sittidilokratna et al., 2002)", "ref_id": "BIBREF37"}, {"start": 509, "end": 531, "text": "(Cowley et al., 2002a;", "ref_id": "BIBREF9"}, {"start": 532, "end": 561, "text": "Sittidilokratna et al., 2008)", "ref_id": "BIBREF38"}], "ref_spans": [{"start": 576, "end": 585, "text": "Figure 5A", "ref_id": "FIGREF4"}, {"start": 1112, "end": 1120, "text": "(Fig. 6A", "ref_id": null}, {"start": 1310, "end": 1319, "text": "(Fig. 5B)", "ref_id": "FIGREF4"}], "section": "Intergenic regions, ORF4 and 3\u2032-UTR"}, {"text": "In GAV, the 3\u2032-terminal region downstream of ORF3 contains a TRS-like element followed by a short ORF4 predicted to encode an unidentified 83 aa (9.2 kDa) polypeptide . In YHV, the TRS-like sequence is highly conserved but ORF4 is severely truncated (20 aa) (Sittidilokratna et al., 2008) . As shown in Figure 5A , the 3\u2032-terminal regions of genotype 3, 4 and 5 viruses also contain TRS-like elements immediately upstream of truncated ORF4 sequences. This region is highly conserved across all five genotypes, with a conserved block of 22 nt sequence encompassing the TRS-like element (5\u2032-UAGCUA(U/)UU(G/U)CAACCUUAUUCU-A-3\u2032) containing only a U insertion in genotype 3 and a G/U substitution in YHV. This sequence includes 9 of 15 nt that were invariant and two others highly dominant in the WebLogo analysis of IGR1 and IGR2 (Fig. 5B) . However, in the putative IGR3 of all genotypes, the conserved the 5\u2032-A nucleotide of the sgmRNA terminal sequence motif (5\u2032-ACAAC) is corrupted by a (G/U) substitution (Fig. 6A) .", "cite_spans": [{"start": 258, "end": 288, "text": "(Sittidilokratna et al., 2008)", "ref_id": "BIBREF38"}], "ref_spans": [{"start": 303, "end": 312, "text": "Figure 5A", "ref_id": "FIGREF4"}, {"start": 826, "end": 835, "text": "(Fig. 5B)", "ref_id": "FIGREF4"}, {"start": 1006, "end": 1015, "text": "(Fig. 6A)", "ref_id": null}], "section": "Intergenic regions, ORF4 and 3\u2032-UTR"}, {"text": "Due to multiple insertions and deletions, ORF4 in YHV (20 aa) (Sittidilokratna et al., 2008) and genotypes 3 (36 aa), 4 (36 aa) and 5 (37 aa) is severely truncated relative to GAV (83 aa). Nevertheless, a ClustalX alignment of the ORF4 sequences indicated that 16 of 20 aa in the N-terminal region upstream of the insertion/deletions were conserved across all five genotypes (Fig. 5C) .", "cite_spans": [{"start": 62, "end": 92, "text": "(Sittidilokratna et al., 2008)", "ref_id": "BIBREF38"}], "ref_spans": [{"start": 375, "end": 384, "text": "(Fig. 5C)", "ref_id": "FIGREF4"}], "section": "Intergenic regions, ORF4 and 3\u2032-UTR"}, {"text": "A ClustalX alignment of available sequences for YHV, GAV and genotypes 3 and 4 indicated that the 128-131 nt 3\u2032-UTR extending from the GAV ORF4 termination codon to the polyA tail is extremely conserved (data not shown). MFOLD analysis showed the sequences formed similar RNA hairpin structures stabilized by four helices (\u0394G = \u2212 32.4 to \u221241.3 kcal/mol) (Fig. 6) . Significantly, compared to YHV, the integrity of helix 2 in GAV and genotypes 3 and 4 was preserved by compensatory nucleotide changes in either one or both strands (C:GN U:A, G:C N A:U and U:G N C:G). Both strands of YHV helix 4 possessed compensatory C: G N U:A changes and the leading strand possessed a CCN AU change Table 1 . Bootstrap values shown at key branch nodes were determined for 1000 replicates. Horizontal branch lengths indicate phylogenetic distance calculated as the number of nucleotide substitutions per total nucleotide residues. The clustering of viruses into the six discrete genetic lineages (genotypes 1 to 6) is indicated.", "cite_spans": [], "ref_spans": [{"start": 354, "end": 362, "text": "(Fig. 6)", "ref_id": null}, {"start": 686, "end": 693, "text": "Table 1", "ref_id": "TABREF0"}], "section": "Intergenic regions, ORF4 and 3\u2032-UTR"}, {"text": "allowing the formation of additional A:U and U:A base pairs that extended the helix. Moreover, a two nucleotide (UA) insertion maintained a hairpin loop size (6 nt) in YHV comparable to the loops of GAV (7 nt) and genotypes 3 (7 nt) and 4 (6 nt). The conformity of these low energy RNA secondary structures suggests that they may be important for the viral polymerase binding and initiation of anti-genomic RNA synthesis.", "cite_spans": [], "ref_spans": [], "section": "Intergenic regions, ORF4 and 3\u2032-UTR"}, {"text": "Yellow head virus is a major pathogen of farmed P. monodon shrimp and is listed by the World Organisation for Animal Health as causing a notifiable disease (OIE, 2007) . This paper provides evidence for the existence of at least six distinct genetic lineages of YHV distributed across most of the natural geographic range of P. monodon from Africa, through South and Southeast Asia, to eastern Australia. Viruses assigned to genotypes other that genotype 1 (YHV) or 2 (GAV) were detected exclusively as low level infections in apparently healthy shrimp. All viruses clustering with the 1998 Chachoengsao (Thailand) reference YHV isolate (genotype 1) occurred in shrimp displaying typical signs of YHD sampled from pond outbreaks in Thailand and Taiwan between 2000 and 2003. Some genotype 2 (GAV) viruses were detected in moribund Australian shrimp sampled from MCMS-affected ponds. However, whilst similar in histopathology to YHD, MCMS is far less severe, developing less rapidly and rarely causing mass mortalities (Owens, 1997; Spann et al., 1997) . GAV is also far less virulent (\u223c 10 6fold by LD 50 ) than YHV in experimental bioassays (Sittidilokratna and Walker, unpublished) and occurs at a high prevalence in healthy wild and farmed P. monodon along eastern Australia (Spann et al., 1995; Cowley et al 2000a , Walker et al., 2001 due to its likely maintenance in a natural cycle by vertical transmission (Cowley et al., 2002b, Cowley and . Although one virus (THA-03-SG21) assigned to genotype 5 was detected in a shrimp affected by a condition of unknown aetiology described as monodon slow growth syndrome (MSGS) (Chayaburakul et al., 2004) , there is no evidence to suggest its causal association with this condition for which at least one other virus (Laem Singh virus) has been implicated (Sritunyalucksana et al., 2006) .", "cite_spans": [{"start": 156, "end": 167, "text": "(OIE, 2007)", "ref_id": null}, {"start": 1018, "end": 1031, "text": "(Owens, 1997;", "ref_id": "BIBREF28"}, {"start": 1032, "end": 1051, "text": "Spann et al., 1997)", "ref_id": "BIBREF41"}, {"start": 1142, "end": 1183, "text": "(Sittidilokratna and Walker, unpublished)", "ref_id": null}, {"start": 1278, "end": 1298, "text": "(Spann et al., 1995;", "ref_id": "BIBREF42"}, {"start": 1299, "end": 1317, "text": "Cowley et al 2000a", "ref_id": "BIBREF7"}, {"start": 1318, "end": 1339, "text": ", Walker et al., 2001", "ref_id": "BIBREF48"}, {"start": 1414, "end": 1447, "text": "(Cowley et al., 2002b, Cowley and", "ref_id": "BIBREF10"}, {"start": 1625, "end": 1652, "text": "(Chayaburakul et al., 2004)", "ref_id": "BIBREF3"}, {"start": 1804, "end": 1835, "text": "(Sritunyalucksana et al., 2006)", "ref_id": "BIBREF43"}], "ref_spans": [], "section": "Discussion"}, {"text": "The nucleotide sequence comparisons of an ORF1b gene region overlapping the highly conserved helicase domain delineated at least six genotypes, although the genotype 6 viruses were not distinguishable from genotype 2 (GAV) viruses when deduced amino acid sequences were compared. Extensive surveys have failed to provide evidence of genotypes other than genotype 2 in eastern Australian P. monodon. It appears, therefore, that GAV is an endemic natural infection of this tiger shrimp population and that other genotypes have not been introduced to Australia because of a prohibition on the importation of live crustaceans (Doyle et al., 1996) . Many genotype 2 viruses found at lower prevalence in healthy P. monodon sampled from hatcheries in Thailand and Vietnam showed no clear segregation from Australian viruses, suggesting their possible recent introduction through the export of eastern Australian broodstock. The exclusive clustering of Indian viruses in genotype 4 and Mozambique viruses (with one exception) in genotype 6 may also reflect their isolation from the active trade in P. monodon broodstock and seed that occurs throughout East and South-East Asia. It has been hypothesized that, prior to the advent of aquaculture, efficient vertical transmission allowed individual genotypes to co-evolve with penaeid shrimp host populations in geographic isolation (Cowley et al., 2002b; Cowley and Walker, 2008) . The similarity of Australian genotype 2 and Mozambique genotype 6 viruses is intriguing and mirrors the close relationship between Australian and African strains of infectious hypodermal and haematopoietic necrosis virus (IHHNV) infecting P. monodon (Cowley et al., 2004b) . Although there has been no recorded traffic in shrimp to between Australia and Africa for aquaculture purposes, the translocation of viruses via shipping routes cannot be excluded.", "cite_spans": [{"start": 622, "end": 642, "text": "(Doyle et al., 1996)", "ref_id": "BIBREF13"}, {"start": 1372, "end": 1394, "text": "(Cowley et al., 2002b;", "ref_id": "BIBREF10"}, {"start": 1395, "end": 1419, "text": "Cowley and Walker, 2008)", "ref_id": "BIBREF5"}, {"start": 1672, "end": 1694, "text": "(Cowley et al., 2004b)", "ref_id": "BIBREF12"}], "ref_spans": [], "section": "Discussion"}, {"text": "The 3\u2032-terminal genome regions of YHV, GAV and representative genotype 3, 4 and 5 viruses were examined to establish the extent to which the structural protein genes have diverged, the relevance of the putative ORF4 gene, the conservation of TRS elements in the IGRs and whether RNA secondary structures potentially important for polymerase recognition might exist in the 3\u2032-UTR. Sequence relationships in the structural protein genes were largely consistent with genotype assignments based on the phylogeny of the ORF1b gene sequence and supported the view that YHV is more distant from each of the other genotypes. The YHV nucleoprotein encoded by ORF2 is 2 aa longer and sequence variations, which occur primarily near the N-and C-termini, include substitutions in the binding site of monoclonal antibody (MAb) Y20 which has been used for differential detection of YHV and GAV (Sithigorngul et al., 2000 (Sithigorngul et al., , 2002 (Sithigorngul et al., , 2007 Soowannayan et al., 2003; Sittidilokratna et al., 2006) . MAb Y20 should also detect genotypes 3, 4 and 5 as their sequences are identical to GAV in this region. In contrast, the binding site for MAbs Y19 and YII4 (IVPDPSL) is preserved across all five genotypes and appears to be a useful group-specific epitope (Sittidilokratna et al., 2006) .", "cite_spans": [{"start": 880, "end": 906, "text": "(Sithigorngul et al., 2000", "ref_id": "BIBREF34"}, {"start": 907, "end": 935, "text": "(Sithigorngul et al., , 2002", "ref_id": "BIBREF35"}, {"start": 936, "end": 964, "text": "(Sithigorngul et al., , 2007", "ref_id": "BIBREF36"}, {"start": 965, "end": 990, "text": "Soowannayan et al., 2003;", "ref_id": "BIBREF40"}, {"start": 991, "end": 1020, "text": "Sittidilokratna et al., 2006)", "ref_id": "BIBREF39"}, {"start": 1278, "end": 1308, "text": "(Sittidilokratna et al., 2006)", "ref_id": "BIBREF39"}], "ref_spans": [], "section": "Discussion"}, {"text": "In ORF3, YHV is also most divergent in terms of the length of the expressed polyprotein (pp3) and sequence identity of each of the three glycoproteins (gp116, gp64 and the TMS protein) that are released by proteolytic processing (Jitrapakdee et al., 2003) . Sequence divergence is most significant in gp116 due to insertions of several amino acid blocks at its N-terminus, the longest of which occurs immediately downstream of the TM3 domain signal peptidase type I cleavage site. It is not yet clear how these insertions might affect the structure of gp116 but it is conceivable they may be responsible for the high virulence of YHV. The efficiency of proteolytic cleavage of virion surface proteins influences virulence and pathogenicity in several diverse groups of RNA viruses (Nagai et al., 1976; Nagai and Klenk, 1977; Rubin and Fields, 1980; Toyoda et al., 1987; Gorman et al., 1988; Scolaro et al., 1990; Gotto and Kawaoka, 1998) . Persistent YHV infection in some palemonid shrimp species in the absence of disease has been associated with suppressed gp116 expression relative to the p20 nucleoprotein (Longyant et al., 2005) , and it is possible this is also due to aberrant pp3 processing. Variations in sequence at the critical cleavage site at the N-terminus of gp116 may modulate the availability and turnover of mature envelope glycoproteins with consequences for virion maturation, release from infected cells, and progression to chronic persistent infection or acute infection and disease.", "cite_spans": [{"start": 229, "end": 255, "text": "(Jitrapakdee et al., 2003)", "ref_id": "BIBREF19"}, {"start": 781, "end": 801, "text": "(Nagai et al., 1976;", "ref_id": "BIBREF25"}, {"start": 802, "end": 824, "text": "Nagai and Klenk, 1977;", "ref_id": "BIBREF24"}, {"start": 825, "end": 848, "text": "Rubin and Fields, 1980;", "ref_id": "BIBREF31"}, {"start": 849, "end": 869, "text": "Toyoda et al., 1987;", "ref_id": "BIBREF45"}, {"start": 870, "end": 890, "text": "Gorman et al., 1988;", "ref_id": "BIBREF15"}, {"start": 891, "end": 912, "text": "Scolaro et al., 1990;", "ref_id": "BIBREF33"}, {"start": 913, "end": 937, "text": "Gotto and Kawaoka, 1998)", "ref_id": "BIBREF16"}, {"start": 1111, "end": 1134, "text": "(Longyant et al., 2005)", "ref_id": "BIBREF22"}], "ref_spans": [], "section": "Discussion"}, {"text": "Sequences of the putative TRS elements within IGR1 and IGR2 were highly conserved across all genotypes, emphasizing the critical importance of a core 12 nt sequence encompassing the 5\u2032-termini of GAV sgmRNAs (Cowley et al., 2002a) . It has been postulated that the ronivirus TRS elements direct the attenuation of polymerase extension during minus-strand RNA synthesis and that the anti-TRS component of minus-strand templates might directly promote subsequent polymerase recognition and transcription of the corresponding sgmRNAs (Pasternak et al., 2006) . Significantly, neither this core 12 nt block nor the absolutely conserved adenosine residue at sgmRNA1 and sgmRNA2 5\u2032-termini are preserved in the TRS-like element in the untranslated sequence immediately upstream of ORF4. The absence of these features appears to preclude both efficient attenuation of minus-strand synthesis and the initiation of sgmRNA transcription, and this consistent with the absence of abundant sgmRNA initiating at this site in GAV or YHV (Cowley et al., 2002a; Sittidilokratna et al., 2008) . Although there is some evidence of low-level expression of ORF4 protein in GAV , this is thought to occur either by internal initiation from sgmRNA2 or from variable-length RNAs transcribed in low abundance from sites in the upstream region of the 3\u2032-UTR (J.A. Cowley et al., unpublished data) . Nevertheless, the severe truncation of ORF4 in YHV and genotypes 2, 3, and 5 suggests it is unlikely to generate a functional product. It is not clear whether the ORF4 gene is under construction or deconstruction but the existence of the conserved TRS-like sequences upstream of ORF4 and the high level of sequence homology within ORF4 and downstream of the point of truncation indicate that the 3\u2032-region of the ronivirus genome is a genetic resource in active evolutionary transition.", "cite_spans": [{"start": 208, "end": 230, "text": "(Cowley et al., 2002a)", "ref_id": "BIBREF9"}, {"start": 531, "end": 555, "text": "(Pasternak et al., 2006)", "ref_id": "BIBREF30"}, {"start": 1022, "end": 1044, "text": "(Cowley et al., 2002a;", "ref_id": "BIBREF9"}, {"start": 1045, "end": 1074, "text": "Sittidilokratna et al., 2008)", "ref_id": "BIBREF38"}, {"start": 1338, "end": 1370, "text": "Cowley et al., unpublished data)", "ref_id": null}], "ref_spans": [], "section": "Discussion"}, {"text": "MFOLD analysis of the 3\u2032-UTR sequences of YHV, GAV and genotypes 3 and 4 identified a highly conserved, thermodynamically stable RNA hairpin with four helices, the first of which (helix 1) included the first adenosine residue of the poly-A tail. Helix 1 was absolutely conserved and the importance of helices 2 and 4 in maintaining the structure was supported by the occurrence of compensatory nucleotide changes to maintain base-pairing in different genotypes. Only one nucleotide change, which slightly relaxed the stability of long helix 3, occurred in three of the four genotypes. The 3\u2032-UTR of other positive-strand RNA viruses, including coronaviruses and arteriviruses, contains sequence and/or structural elements critical to polymerase recognition and minusstrand genomic RNA synthesis (Buck, 1996; Dreher, 1999) . In the coronavirus, mouse hepatitis virus (MHV), a 55 nt 3\u2032-terminal sequence including the poly-A tail is the minimal signal needed to initiate minusstrand RNA synthesis (Lin et al., 1994) . In MHV and other subgroup II coronaviruses, this region forms an RNA pseudoknot, and an upstream bulged RNA hairpin structure and sequence elements that bind four host proteins also appear to be involved in minus-strand RNA synthesis (Williams et al. 1995 (Williams et al. , 1999 Masters 1997, 1998; Nanda et al., 2004) . Stem-loop structures in the 3\u2032-terminal region of arteriviruses also act as signals for the viral polymerase and host protein recognition and are needed to initiate minus-strand synthesis (Verheije et al., 2002 ; Maines et al., 2005; Beerens and Snijder, 2006) . The highly conserved nature of the ronivirus 3\u2032-UTR RNA structure suggests it may also act as a polymerase recognition signal for minus-strand RNA synthesis.", "cite_spans": [{"start": 795, "end": 807, "text": "(Buck, 1996;", "ref_id": "BIBREF1"}, {"start": 808, "end": 821, "text": "Dreher, 1999)", "ref_id": "BIBREF14"}, {"start": 995, "end": 1013, "text": "(Lin et al., 1994)", "ref_id": "BIBREF21"}, {"start": 1250, "end": 1271, "text": "(Williams et al. 1995", "ref_id": "BIBREF51"}, {"start": 1272, "end": 1295, "text": "(Williams et al. , 1999", "ref_id": "BIBREF52"}, {"start": 1296, "end": 1315, "text": "Masters 1997, 1998;", "ref_id": null}, {"start": 1316, "end": 1335, "text": "Nanda et al., 2004)", "ref_id": "BIBREF26"}, {"start": 1526, "end": 1548, "text": "(Verheije et al., 2002", "ref_id": "BIBREF46"}, {"start": 1551, "end": 1571, "text": "Maines et al., 2005;", "ref_id": "BIBREF23"}, {"start": 1572, "end": 1598, "text": "Beerens and Snijder, 2006)", "ref_id": "BIBREF0"}], "ref_spans": [], "section": "Discussion"}, {"text": "Between 1997 and 2004, postlarvae and tissues of juvenile and adult P. monodon were sampled from hatcheries and farms in India, Taiwan, Malaysia, Vietnam, Indonesia, Thailand and the Philippines. Tissue from Mozambique shrimp was provided via a commercial breeding facility in Malaysia. Pools of postlarvae as well as gill tissue, pleopods or whole heads were collected into alcohol preservative (80% ethanol, 20% glycerol) and stored at ambient temperature until processed. Fresh tissue collected from Australian P. monodon was snap frozen on dry ice and stored at \u221280\u00b0C. Details of the origin and nature of the P. monodon samples are listed in Table 1 .", "cite_spans": [], "ref_spans": [{"start": 646, "end": 653, "text": "Table 1", "ref_id": "TABREF0"}], "section": "Shrimp samples"}, {"text": "Total RNA was isolated from preserved shrimp tissues as soon as possible after receipt. Pools of 10-15 postlarvae or 10-50 mg tissue were processed using TRIzol reagent (Invitrogen). RNA was resuspended in 20-40 \u03bcl RNase-free sterile distilled water, quantified by spectrophotometry (A 26 0 nm) and stored at \u221280\u00b0C. ", "cite_spans": [], "ref_spans": [], "section": "RNA isolation"}, {"text": "Several RT-PCR methods were used to amplify ORF1b gene segments. All PCR primer sequences are described in Table 2 . In initial analyses, a semi-nested one-step RT-PCR employing sense primer 2s12 and antisense primers 2a12 and 2a43 was used to amplify 575 bp and 279 bp products, the larger product being amplified only when viral RNA levels were sufficiently high. An RT-nested PCR used subsequently to amplify longer (1346 bp and 719 bp) products employed primers 2s38M and 2a43M for PCR and primers 2s113 and 2a114 for nested PCR. After new variants were identified, 8-fold degenerate consensus primers were designed to broaden PCR specificity. The target sites of the reverse PCR primer (YH30-R2) and both nested PCR primers (YH31-F2 and YH31-R2) were not changed but the forward PCR primer (YH30-F2) was moved to a more conserved genome region, reducing the amplicon length to 1004 bp.", "cite_spans": [], "ref_spans": [{"start": 107, "end": 114, "text": "Table 2", "ref_id": "TABREF2"}], "section": "RT-PCR amplification of ORF1b gene fragments for phylogenetic analysis"}, {"text": "Semi-nested RT-PCRs (15 \u03bcl) contained 0.2 x MMLV-RT Buffer (Epicentre Biotechnologies), 0.5\u00d7 Elongase Buffer A and 0.5\u00d7 Elongase Buffer B (Invitrogen), 0.8 mM dithiothreitol, 5% DMSO, 0.8 mM each dNTP, 20 U RNasin ribonuclease inhibitor (Promega), 2.5 U MMLV RT Fig. 6 . Conserved RNA secondary structures predicted using MFOLD to form in the 3\u2032-UTR sequence of genotypes 1, 2, 3 and 4 downstream of the putative ORF4 gene to the genome 3\u2032-polyA tail. Helices 1 to 4 are indicated and the positions of all nucleotide differences that occurred amongst the four genotypes, including compensatory changes that preserved base-pairing in helix 2 and that maintained helix 4 in genotype 1, are indicated (a).", "cite_spans": [], "ref_spans": [{"start": 262, "end": 268, "text": "Fig. 6", "ref_id": null}], "section": "RT-PCR amplification of ORF1b gene fragments for phylogenetic analysis"}, {"text": "(Epicentre Biotechnologies), 0.45 U Elongase (Invitrogen), 0.2 U DyNAzyme II (Finnzymes), 0.5 \u03bcmol each primer (2s12, 2a12 and 2a43) and 100 ng RNA. Reactions were incubated at 48\u00b0C/45 min, 94\u00b0C/60 s followed by 45 cycles of 94\u00b0C/20 s, 55\u00b0C/30 s, 62\u00b0C/20 s and 70\u00b0C/120 s and then at 70\u00b0C/5 min and 25\u00b0C/60 s.", "cite_spans": [], "ref_spans": [], "section": "RT-PCR amplification of ORF1b gene fragments for phylogenetic analysis"}, {"text": "In the RT-nested PCR, cDNA was synthesized in a 20 \u03bcl reaction containing 1-3 \u03bcg total RNA, 50 ng random hexamer primers (Promega), 1 mM each dNTP and either 100 U Superscript II or III reverse transcriptase (Invitrogen) as described by the manufacturer. In the PCR, 1 \u03bcl cDNA (equivalent to 50-150 ng RNA) was amplified in a 25 \u03bcl reaction containing 1 x Taq DNA polymerase buffer (10 mM Tris-HCl pH 9.0, 50 mM KCl, 0.1% Triton X-100), 1.5 mM MgCl 2 , 17.5 pmol each of primers 2s38M and 2a43M, 200 \u03bcM each dNTP and 1.25 U Taq DNA polymerase (Promega). The reaction was incubated at 94\u00b0C/1 min followed by 35 cycles of 94\u00b0C/30 s, 56\u00b0C/30 s, 72\u00b0C/90 s and then at 72\u00b0C/7 min. A 2 \u03bcl aliquot of PCR was added nested PCR (25 \u03bcl final) prepared as above but containing primers 2s113 and 2a114. PCR cycling conditions were the same except that the extension time was reduced to 45 s.", "cite_spans": [], "ref_spans": [], "section": "RT-PCR amplification of ORF1b gene fragments for phylogenetic analysis"}, {"text": "The consensus RT-nested PCR used 1 \u03bcl random-primed cDNA and primers YH30-F2 and YH30-R2 in the PCR, with primers YH31-F2 and YH31-R2 used in the nested PCR. The reaction conditions were as described except for the use of a 58\u00b0C annealing temperature and a 60 s extension time in the PCR. An iCycler (BioRad) thermal cycler was used in all PCRs.", "cite_spans": [], "ref_spans": [], "section": "RT-PCR amplification of ORF1b gene fragments for phylogenetic analysis"}, {"text": "Based on sequences available for the reference YHV (GenBank AF540644) and GAV (GenBank AF039647) isolates, degenerate PCR primers were designed to target a C-terminal region of ORF3 (GAV199F) and regions downstream in the ORF3-ORF4 IGR (GAV198F and GAV197F). A degenerate reverse primer (GAV196R) was targeted to a sequence just upstream of the 3\u2032-polyA tail. In the 3\u2032-polyA-anchored PCR method , cDNA synthesized using the Uni-dT16-A/C/G primer was amplified by PCR using primers GAV199F and Uni-P. This PCR amplified low amounts of a 1044 bp DNA product for the genotype 3 (VNM-02-H93) and 4 (IND-02-H9) viruses but none was detected for the genotype 5 (THA-03-SG21) virus. Using these PCR products as templates, seminested (primers GAV197F and Uni-P) and nested PCRs (primers GAV198F and GAV196R) were used to amplify 507 bp and 744 bp products, respectively, which overlapped and included the 3\u2032-polyA tail. As these PCRs did not amplify products for genotype 5, a region from ORF3 to a position downstream of ORF4 in GAV was amplified by semi-nested PCR using random-primed cDNA and primers GAV198F and GAV196R for PCR (\u223c 0.7 kb product) and primers GAV197F and GAV196R for semi-nested PCR (\u223c 0.4 kb bp product). Primer sequences are described in Table 2 .", "cite_spans": [], "ref_spans": [{"start": 1253, "end": 1260, "text": "Table 2", "ref_id": "TABREF2"}], "section": "3\u2032-polyA-anchored PCR to amplify 3\u2032-terminal genome sequences"}, {"text": "For genotypes 3 and 4, 5\u2032-and 3\u2032-terminal fragments of the \u223c4.9 kb ORF3 gene were amplified by RT-PCR using random-primed cDNA and the PCR primer pairs GAV217F/GAV228R (\u223c 1.3 kb product) and GAV219F/GAV224R (\u223c 0.7 bp product), respectively. A semi-nested PCR employing the primer pair GAV219F/GAV225R (\u223c0.7 bp product) was used to obtain better yields of the 3\u2032-terminal fragment. Reverse primers GAV224R and GAV225R targeted sequences of the 3\u2032-polyAanchored PCR products that were relatively conserved amongst genotypes 1, 2, 3 and 4. These and subsequent PCRs to generate long fragments of the ORF3 gene employed the Expand Long Template PCR system (Roche) with Buffer 3 adjusted to contain 3.0 mM MgCl 2 according to the manufacturer's instructions.", "cite_spans": [], "ref_spans": [], "section": "RT-PCR amplification of ORF3"}, {"text": "Amplification of the central ORF3 region of genotypes 3 and 4 was attempted by RT-PCR using random-primed cDNA and the primer pairs GAV239F/GAV240R (\u223c 3.5 kb product) and GAV237F/GAV238R (\u223c3.1 kb product), respectively, designed to sequences determined for the 5\u2032-and 3\u2032-terminal fragments. As no product was amplified for genotype 3, the PCR was repeated using primer GAV239F in combination with degenerate reverse primer GAV247R designed to a sequence relatively conserved in genotypes 1 and 2. This PCR used similar reaction and cycling conditions and amplified the expected \u223c1.1 kb DNA product. Using the sequence of this fragment, primer GAV251F was designed and a semi-nested PCR employing this primer and primers GAV252R and GAV246R was used to amplify a \u223c2.6 kb product spanning the remaining ORF3 gene sequence. Primer sequences are described in Table 2 .", "cite_spans": [], "ref_spans": [{"start": 855, "end": 862, "text": "Table 2", "ref_id": "TABREF2"}], "section": "RT-PCR amplification of ORF3"}, {"text": "RT-PCR amplification of ORF2 and flanking IGR1 and IGR2 sequences", "cite_spans": [], "ref_spans": [], "section": "RT-PCR amplification of ORF3"}, {"text": "The ORF2 gene and flanking IGR1 and IGR2 sequences of genotypes 3 and 4 were amplified by RT-semi-nested PCR using random-primed cDNA and degenerate sense primers targeting a ORF1b gene (ORF2-4F) sequence relatively conserved between genotypes 1 and 2 and primers targeting ORF3 gene sequences (ORF2-5R and ORF2-6R) more highly conserved amongst genotypes 1, 2, 3, and 4. PCR using the Expand Long Template PCR system (Roche) generated poor \u223c 0.8 kb amplicon yields. Semi-nested PCR amplified good yields of the expected \u223c0.75 kb products, in addition to others, and these were gel purified prior to sequence analysis. The ORF2 gene and IGR1 and IGR2 sequences of genotype 5 (THA-03-SG21) were derived from a cloned \u223c 3.2 kb DNA product amplified using primers targeting sequences within the ORF1b (Geno5-F1-P) and ORF3 genes (Geno5-R2-N) and the Superscript II One-Step RT-PCR system (Invitrogen). Primer sequences are described in Table 2 .", "cite_spans": [], "ref_spans": [{"start": 933, "end": 940, "text": "Table 2", "ref_id": "TABREF2"}], "section": "RT-PCR amplification of ORF3"}, {"text": "Prior to being sequenced in both orientations, DNA products amplified by PCR were either purified directly using QIAquick columns (QIAGEN), with or without prior resolution in 0.8% agarose-TAE gels. Sequencing employed PCR primers listed in Table 2 and additional sequence-specific primers for long PCR products. Sequencing reactions used 3.3 \u03bcM primer and ABI Prism BigDye Terminator V3.0 or V3.1 reagent and were analyzed at the Australian Genome Research Facility. Sequence chromatograms were edited using SeqEd 1.0.3 (ABI). Deduced amino acid sequences were generated using MacVector 7.0 software. All nucleotide sequences have been deposited in Genbank under accession numbers EU784957-EU785043.", "cite_spans": [], "ref_spans": [{"start": 241, "end": 248, "text": "Table 2", "ref_id": "TABREF2"}], "section": "Nucleotide sequence analysis"}, {"text": "Multiple sequence alignments were generated using ClustalX Version 1.82 software (Thompson et al., 1997) . Unrooted neighbourjoining trees, constructed using the distance matrix described by Saitou and Nei (1987) , were generated using the PHYLIP output of ClustalX. The robustness of neighbour-joining trees was evaluated by bootstrap analysis of a 1000 replicates. Trees were presented graphically using NJ-plot and drawn using TreeView Version 1.6.6 (Page, 1996) .", "cite_spans": [{"start": 81, "end": 104, "text": "(Thompson et al., 1997)", "ref_id": "BIBREF44"}, {"start": 191, "end": 212, "text": "Saitou and Nei (1987)", "ref_id": "BIBREF32"}, {"start": 453, "end": 465, "text": "(Page, 1996)", "ref_id": "BIBREF29"}], "ref_spans": [], "section": "Phylogenetic analysis"}], "bib_entries": {"BIBREF0": {"ref_id": "b0", "title": "RNA signals in the 3\u2032-terminus of the genome of Equine arteritis virus are required for viral RNA synthesis", "authors": [{"first": "N", "middle": [], "last": "Beerens", "suffix": ""}, {"first": "E", "middle": ["J"], "last": "Snijder", "suffix": ""}], "year": 2006, "venue": "J. Gen. Virol", "volume": "87", "issn": "", "pages": "1977--1983", "other_ids": {}}, "BIBREF1": {"ref_id": "b1", "title": "Comparison of the replication of positive-stranded RNA viruses of plants and animals", "authors": [{"first": "K", "middle": ["W"], "last": "Buck", "suffix": ""}], "year": 1996, "venue": "Adv. Virus Res", "volume": "47", "issn": "", "pages": "159--251", "other_ids": {}}, "BIBREF2": {"ref_id": "b2", "title": "Histology and untrastructure reveal a new granulosis-like virus in Penaeus monodon affected by yellow-head disease", "authors": [{"first": "C", "middle": [], "last": "Chantanachookin", "suffix": ""}, {"first": "S", "middle": [], "last": "Boonyaratpalin", "suffix": ""}, {"first": "J", "middle": [], "last": "Kasornchandra", "suffix": ""}, {"first": "S", "middle": [], "last": "Direkbusaratana", "suffix": ""}, {"first": "U", "middle": [], "last": "Ekpanithanpong", "suffix": ""}, {"first": "K", "middle": [], "last": "Supamataya", "suffix": ""}, {"first": "S", "middle": [], "last": "Sriurairatana", "suffix": ""}, {"first": "T", "middle": ["W"], "last": "Flegel", "suffix": ""}], "year": 1993, "venue": "Dis. Aquat. Org", "volume": "17", "issn": "", "pages": "145--157", "other_ids": {}}, "BIBREF3": {"ref_id": "b3", "title": "Multiple pathogens found in growth-retarded black tiger shrimp Penaeus monodon cultivated in Thailand", "authors": [{"first": "K", "middle": [], "last": "Chayaburakul", "suffix": ""}, {"first": "G", "middle": [], "last": "Nash", "suffix": ""}, {"first": "P", "middle": [], "last": "Pratanpipat", "suffix": ""}, {"first": "S", "middle": [], "last": "Sriurairatana", "suffix": ""}, {"first": "B", "middle": [], "last": "Withyachumnarnkul", "suffix": ""}], "year": 2004, "venue": "Dis. Aquat. Org", "volume": "60", "issn": "", "pages": "89--96", "other_ids": {}}, "BIBREF4": {"ref_id": "b4", "title": "The complete sequence of gill-associated virus of Penaeus monodon prawns indicates a gene organisation unique among nidoviruses", "authors": [{"first": "J", "middle": ["A"], "last": "Cowley", "suffix": ""}, {"first": "P", "middle": ["J"], "last": "Walker", "suffix": ""}], "year": 2002, "venue": "Arch. Virol", "volume": "147", "issn": "", "pages": "1977--1987", "other_ids": {}}, "BIBREF5": {"ref_id": "b5", "title": "Molecular biology and pathogenesis of roniviruses", "authors": [{"first": "J", "middle": ["A"], "last": "Cowley", "suffix": ""}, {"first": "P", "middle": ["J"], "last": "Walker", "suffix": ""}], "year": 2008, "venue": "", "volume": "", "issn": "", "pages": "361--377", "other_ids": {}}, "BIBREF6": {"ref_id": "b6", "title": "Yellow head virus from Thailand and gill-associated virus from Australia are closely related but distinct prawn viruses", "authors": [{"first": "J", "middle": ["A"], "last": "Cowley", "suffix": ""}, {"first": "C", "middle": ["M"], "last": "Dimmock", "suffix": ""}, {"first": "C", "middle": [], "last": "Wongteerasupaya", "suffix": ""}, {"first": "V", "middle": [], "last": "Boonsaeng", "suffix": ""}, {"first": "S", "middle": [], "last": "Panyim", "suffix": ""}, {"first": "P", "middle": ["J"], "last": "Walker", "suffix": ""}], "year": 1999, "venue": "Dis. Aquat. Org", "volume": "36", "issn": "", "pages": "153--157", "other_ids": {}}, "BIBREF7": {"ref_id": "b7", "title": "Detection of Australian gill-associated virus (GAV) and lymphoid organ virus (LOV) of Penaeus monodon by RT-nested PCR", "authors": [{"first": "J", "middle": ["A"], "last": "Cowley", "suffix": ""}, {"first": "C", "middle": ["M"], "last": "Dimmock", "suffix": ""}, {"first": "K", "middle": ["M"], "last": "Spann", "suffix": ""}, {"first": "P", "middle": ["J"], "last": "Walker", "suffix": ""}], "year": 2000, "venue": "Dis. Aquat. Org", "volume": "39", "issn": "", "pages": "159--167", "other_ids": {}}, "BIBREF8": {"ref_id": "b8", "title": "Gill-associated virus Penaeus monodon prawns: an invertebrate nidovirus with ORF1a and ORF1b gene related arteri-and coronaviruses", "authors": [{"first": "J", "middle": ["A"], "last": "Cowley", "suffix": ""}, {"first": "C", "middle": ["M"], "last": "Dimmock", "suffix": ""}, {"first": "K", "middle": ["M"], "last": "Spann", "suffix": ""}, {"first": "P", "middle": ["J"], "last": "Walker", "suffix": ""}], "year": 2000, "venue": "J. Gen. Virol", "volume": "81", "issn": "", "pages": "1473--1484", "other_ids": {}}, "BIBREF9": {"ref_id": "b9", "title": "Gill-associated nidovirus of Penaeus monodon prawns transcribes 3\u2032-coterminal subgenomic RNAs that do not possess 5\u2032-leader sequences", "authors": [{"first": "J", "middle": ["A"], "last": "Cowley", "suffix": ""}, {"first": "C", "middle": ["M"], "last": "Dimmock", "suffix": ""}, {"first": "P", "middle": ["J"], "last": "Walker", "suffix": ""}], "year": 2002, "venue": "J. Gen. Virol", "volume": "83", "issn": "", "pages": "927--935", "other_ids": {}}, "BIBREF10": {"ref_id": "b10", "title": "Vertical transmission of covert gill-associated virus (GAV) infections in Penaeus monodon", "authors": [{"first": "J", "middle": ["A"], "last": "Cowley", "suffix": ""}, {"first": "M", "middle": ["R"], "last": "Hall", "suffix": ""}, {"first": "L", "middle": ["C"], "last": "Cadogan", "suffix": ""}, {"first": "K", "middle": ["M"], "last": "Spann", "suffix": ""}, {"first": "P", "middle": ["J"], "last": "Walker", "suffix": ""}], "year": 2002, "venue": "Dis. Aquat. Org", "volume": "50", "issn": "", "pages": "95--104", "other_ids": {}}, "BIBREF11": {"ref_id": "b11", "title": "The gene encoding the nucleocapsid protein of gill-associated nidovirus of Penaeus monodon prawns is located upstream of the glycoprotein gene", "authors": [{"first": "J", "middle": ["A"], "last": "Cowley", "suffix": ""}, {"first": "L", "middle": ["C"], "last": "Cadogan", "suffix": ""}, {"first": "K", "middle": ["M"], "last": "Spann", "suffix": ""}, {"first": "N", "middle": [], "last": "Sittidilokratna", "suffix": ""}, {"first": "P", "middle": ["J"], "last": "Walker", "suffix": ""}], "year": 2004, "venue": "J. Virol", "volume": "78", "issn": "", "pages": "8935--8941", "other_ids": {}}, "BIBREF12": {"ref_id": "b12", "title": "The detection of infectious hypodermal and haematopoietic necrosis virus (IHHNV) in Australian Penaeus monodon and its potential evolutionary origin", "authors": [{"first": "J", "middle": ["A"], "last": "Cowley", "suffix": ""}, {"first": "K", "middle": ["V"], "last": "Rajendran", "suffix": ""}, {"first": "R", "middle": ["J"], "last": "Mcculloch", "suffix": ""}, {"first": "P", "middle": ["J"], "last": "Walker", "suffix": ""}], "year": 2004, "venue": "Book of Abstracts. World Aquaculture Society", "volume": "", "issn": "", "pages": "", "other_ids": {}}, "BIBREF13": {"ref_id": "b13", "title": "Quarantine of aquatic animals in Australia", "authors": [{"first": "K", "middle": ["A"], "last": "Doyle", "suffix": ""}, {"first": "P", "middle": ["T"], "last": "Beers", "suffix": ""}, {"first": "D", "middle": ["W"], "last": "Wilson", "suffix": ""}], "year": 1996, "venue": "Rev. Sci. Tech. Off. Int. Epiz", "volume": "15", "issn": "", "pages": "659--673", "other_ids": {}}, "BIBREF14": {"ref_id": "b14", "title": "Functions of the 3\u2032-untranslated regions of positive strand RNA viral genomes", "authors": [{"first": "T", "middle": ["W"], "last": "Dreher", "suffix": ""}], "year": 1999, "venue": "Annu. Rev. Phytopathol", "volume": "37", "issn": "", "pages": "151--174", "other_ids": {}}, "BIBREF15": {"ref_id": "b15", "title": "Characterization of the sites of proteolytic activation of Newcastle disease virus membrane glycoprotein precursors", "authors": [{"first": "J", "middle": ["J"], "last": "Gorman", "suffix": ""}, {"first": "A", "middle": [], "last": "Nestorowicz", "suffix": ""}, {"first": "S", "middle": ["J"], "last": "Mitchell", "suffix": ""}, {"first": "G", "middle": ["L"], "last": "Corino", "suffix": ""}, {"first": "P", "middle": ["W"], "last": "Selleck", "suffix": ""}], "year": 1988, "venue": "J. Biol. Chem", "volume": "263", "issn": "", "pages": "12522--12531", "other_ids": {}}, "BIBREF16": {"ref_id": "b16", "title": "A novel mechanism for the acquisition of virulence by a human influenza A virus", "authors": [{"first": "H", "middle": [], "last": "Gotto", "suffix": ""}, {"first": "Y", "middle": [], "last": "Kawaoka", "suffix": ""}], "year": 1998, "venue": "Proc. Natl. Acad. Sci. (USA)", "volume": "95", "issn": "", "pages": "10224--10228", "other_ids": {}}, "BIBREF17": {"ref_id": "b17", "title": "A bulged stem-loop structure in the 3\u2032 untranslated region of the genome of the coronavirus mouse hepatitis virus is essential for replication", "authors": [{"first": "B", "middle": [], "last": "Hsue", "suffix": ""}, {"first": "P", "middle": ["S"], "last": "Masters", "suffix": ""}], "year": 1997, "venue": "J. Virol", "volume": "71", "issn": "", "pages": "7567--7578", "other_ids": {}}, "BIBREF18": {"ref_id": "b18", "title": "An essential secondary structure in the 3\u2032 untranslated region of the mouse hepatitis virus genome", "authors": [{"first": "B", "middle": [], "last": "Hsue", "suffix": ""}, {"first": "P", "middle": ["S"], "last": "Masters", "suffix": ""}], "year": 1998, "venue": "Adv. Exp. Med. Biol", "volume": "440", "issn": "", "pages": "297--302", "other_ids": {}}, "BIBREF19": {"ref_id": "b19", "title": "Identification and analysis of gp116 and gp64 structural glycoproteins of yellow head nidovirus of Penaeus monodon shrimp", "authors": [{"first": "S", "middle": [], "last": "Jitrapakdee", "suffix": ""}, {"first": "S", "middle": [], "last": "Unajak", "suffix": ""}, {"first": "N", "middle": [], "last": "Sittidilokratna", "suffix": ""}, {"first": "R", "middle": ["A J"], "last": "Hodgson", "suffix": ""}, {"first": "J", "middle": ["A"], "last": "Cowley", "suffix": ""}, {"first": "P", "middle": ["J"], "last": "Walker", "suffix": ""}, {"first": "S", "middle": [], "last": "Panyim", "suffix": ""}, {"first": "V", "middle": [], "last": "Boonsaeng", "suffix": ""}], "year": 2003, "venue": "J. Gen. Virol", "volume": "84", "issn": "", "pages": "863--873", "other_ids": {}}, "BIBREF20": {"ref_id": "b20", "title": "Handbook for Cultivation of Black Tiger Prawns", "authors": [{"first": "C", "middle": [], "last": "Limsuwan", "suffix": ""}], "year": 1991, "venue": "", "volume": "", "issn": "", "pages": "", "other_ids": {}}, "BIBREF21": {"ref_id": "b21", "title": "Identification of the cis-acting signal for minus strand RNA synthesis of a murine coronavirus: implications for the role of minus-strand RNA in RNA replication and transcription", "authors": [{"first": "Y", "middle": ["J"], "last": "Lin", "suffix": ""}, {"first": "C", "middle": ["L"], "last": "Liao", "suffix": ""}, {"first": "M", "middle": ["M"], "last": "Lai", "suffix": ""}], "year": 1994, "venue": "J. Virol", "volume": "68", "issn": "", "pages": "8131--8140", "other_ids": {}}, "BIBREF22": {"ref_id": "b22", "title": "Differences in susceptibility of palaemonid shrimp species to yellow head virus (YHV) infection", "authors": [{"first": "S", "middle": [], "last": "Longyant", "suffix": ""}, {"first": "P", "middle": [], "last": "Sithigorngul", "suffix": ""}, {"first": "P", "middle": [], "last": "Chaivisuthangkura", "suffix": ""}, {"first": "S", "middle": [], "last": "Rukpratanporn", "suffix": ""}, {"first": "W", "middle": [], "last": "Sithigorngul", "suffix": ""}, {"first": "P", "middle": [], "last": "Menasveta", "suffix": ""}], "year": 2005, "venue": "Dis. Aquat. Org", "volume": "64", "issn": "", "pages": "5--12", "other_ids": {}}, "BIBREF23": {"ref_id": "b23", "title": "Two cellular proteins that interact with a stem loop in the simian hemorrhagic fever virus 3\u2032(+)NCR RNA", "authors": [{"first": "T", "middle": ["R"], "last": "Maines", "suffix": ""}, {"first": "M", "middle": [], "last": "Young", "suffix": ""}, {"first": "N", "middle": ["N"], "last": "Dinh", "suffix": ""}, {"first": "M", "middle": ["A"], "last": "Brinton", "suffix": ""}], "year": 2005, "venue": "Virus Res", "volume": "109", "issn": "", "pages": "109--124", "other_ids": {}}, "BIBREF24": {"ref_id": "b24", "title": "Activation of precursors to both glycoproteins of Newcastle disease virus by proteolytic cleavage", "authors": [{"first": "Y", "middle": [], "last": "Nagai", "suffix": ""}, {"first": "H", "middle": ["D"], "last": "Klenk", "suffix": ""}], "year": 1977, "venue": "Virology", "volume": "77", "issn": "", "pages": "125--134", "other_ids": {}}, "BIBREF25": {"ref_id": "b25", "title": "Proteolytic cleavage of the viral glycoproteins and its significance for the virulence of Newcastle disease virus", "authors": [{"first": "Y", "middle": [], "last": "Nagai", "suffix": ""}, {"first": "H", "middle": ["D"], "last": "Klenk", "suffix": ""}, {"first": "R", "middle": [], "last": "Rott", "suffix": ""}], "year": 1976, "venue": "Virology", "volume": "72", "issn": "", "pages": "494--508", "other_ids": {}}, "BIBREF26": {"ref_id": "b26", "title": "Mitochondrial HSP70, HSP40, and HSP60 bind to the 3\u2032-untranslated region of the murine hepatitis virus genome", "authors": [{"first": "S", "middle": ["K"], "last": "Nanda", "suffix": ""}, {"first": "R", "middle": ["F"], "last": "Johnson", "suffix": ""}, {"first": "Q", "middle": [], "last": "Liu", "suffix": ""}, {"first": "J", "middle": ["L"], "last": "Leibowitz", "suffix": ""}], "year": 2004, "venue": "Arch. Virol", "volume": "149", "issn": "", "pages": "93--111", "other_ids": {}}, "BIBREF27": {"ref_id": "b27", "title": "Yellowhead disease, OIE Aquatic Animal Health Code, 10th edn. World Organization for Animal Health", "authors": [], "year": 2007, "venue": "OIE", "volume": "", "issn": "", "pages": "180--185", "other_ids": {}}, "BIBREF28": {"ref_id": "b28", "title": "Special topic review: The history of the emergence of viruses in Australian prawn aquaculture", "authors": [{"first": "L", "middle": [], "last": "Owens", "suffix": ""}], "year": 1997, "venue": "World J. Microbiol. Biotech", "volume": "13", "issn": "", "pages": "427--431", "other_ids": {}}, "BIBREF29": {"ref_id": "b29", "title": "Tree View: An application to display phylogenetic trees on personal computers", "authors": [{"first": "R", "middle": ["D M"], "last": "Page", "suffix": ""}], "year": 1996, "venue": "Bioinformatics", "volume": "12", "issn": "", "pages": "357--358", "other_ids": {}}, "BIBREF30": {"ref_id": "b30", "title": "Nidovirus transcription: how to make sense\u2026?", "authors": [{"first": "A", "middle": ["O"], "last": "Pasternak", "suffix": ""}, {"first": "W", "middle": ["J M"], "last": "Spaan", "suffix": ""}, {"first": "E", "middle": ["J"], "last": "Snijder", "suffix": ""}], "year": 2006, "venue": "J. Gen. Virol", "volume": "87", "issn": "", "pages": "1403--1421", "other_ids": {}}, "BIBREF31": {"ref_id": "b31", "title": "Molecular basis of reovirus virulence. Role of the M2 gene", "authors": [{"first": "D", "middle": ["H"], "last": "Rubin", "suffix": ""}, {"first": "B", "middle": ["N"], "last": "Fields", "suffix": ""}], "year": 1980, "venue": "J. Exp. Med", "volume": "152", "issn": "", "pages": "853--868", "other_ids": {}}, "BIBREF32": {"ref_id": "b32", "title": "The neighbor-joining method: a new method for reconstructing phylogenetic trees", "authors": [{"first": "N", "middle": [], "last": "Saitou", "suffix": ""}, {"first": "M", "middle": [], "last": "Nei", "suffix": ""}], "year": 1987, "venue": "Mol. Biol. Evol", "volume": "4", "issn": "", "pages": "406--425", "other_ids": {}}, "BIBREF33": {"ref_id": "b33", "title": "A mouse attenuated mutant of Junin virus with an altered envelope glycoprotein", "authors": [{"first": "L", "middle": ["A"], "last": "Scolaro", "suffix": ""}, {"first": "S", "middle": ["E"], "last": "Mersich", "suffix": ""}, {"first": "E", "middle": ["B"], "last": "Damonte", "suffix": ""}], "year": 1990, "venue": "Arch. Virol", "volume": "111", "issn": "", "pages": "257--262", "other_ids": {}}, "BIBREF34": {"ref_id": "b34", "title": "Development of a monoclonal antibody specific to yellow head virus (YHV) from Penaeus monodon", "authors": [{"first": "P", "middle": [], "last": "Sithigorngul", "suffix": ""}, {"first": "P", "middle": [], "last": "Chauychuwong", "suffix": ""}, {"first": "W", "middle": [], "last": "Sithigorngul", "suffix": ""}, {"first": "S", "middle": [], "last": "Longyant", "suffix": ""}, {"first": "P", "middle": [], "last": "Chaivisuthangkura", "suffix": ""}, {"first": "P", "middle": [], "last": "Menasveta", "suffix": ""}], "year": 2000, "venue": "Dis. Aquat. Org", "volume": "42", "issn": "", "pages": "27--34", "other_ids": {}}, "BIBREF35": {"ref_id": "b35", "title": "Monoclonal antibodies specific to yellow-head virus (YHV) of Penaeus monodon", "authors": [{"first": "P", "middle": [], "last": "Sithigorngul", "suffix": ""}, {"first": "S", "middle": [], "last": "Rukpratanporn", "suffix": ""}, {"first": "S", "middle": [], "last": "Longyant", "suffix": ""}, {"first": "P", "middle": [], "last": "Chaivisuthangkura", "suffix": ""}, {"first": "W", "middle": [], "last": "Sithigorngul", "suffix": ""}, {"first": "P", "middle": [], "last": "Menasveta", "suffix": ""}], "year": 2002, "venue": "Dis. Aquat. Org", "volume": "49", "issn": "", "pages": "71--76", "other_ids": {}}, "BIBREF36": {"ref_id": "b36", "title": "A convenient immunochromatographic test strip for rapid diagnosis of yellow head virus infection in shrimp", "authors": [{"first": "W", "middle": [], "last": "Sithigorngul", "suffix": ""}, {"first": "S", "middle": [], "last": "Rukpratanporn", "suffix": ""}, {"first": "N", "middle": [], "last": "Sittidilokratna", "suffix": ""}, {"first": "N", "middle": [], "last": "Pecharaburanin", "suffix": ""}, {"first": "S", "middle": [], "last": "Longyant", "suffix": ""}, {"first": "P", "middle": [], "last": "Chaivisuthangkura", "suffix": ""}, {"first": "P", "middle": [], "last": "Sithigorngul", "suffix": ""}], "year": 2007, "venue": "J. Virol. Meth", "volume": "140", "issn": "", "pages": "193--199", "other_ids": {}}, "BIBREF37": {"ref_id": "b37", "title": "Complete ORF1b-gene sequence indicates yellow head virus is an invertebrate nidovirus", "authors": [{"first": "N", "middle": [], "last": "Sittidilokratna", "suffix": ""}, {"first": "R", "middle": ["A J"], "last": "Hodgson", "suffix": ""}, {"first": "J", "middle": ["A"], "last": "Cowley", "suffix": ""}, {"first": "S", "middle": [], "last": "Jitrapakdee", "suffix": ""}, {"first": "V", "middle": [], "last": "Boonsaeng", "suffix": ""}, {"first": "S", "middle": [], "last": "Panyim", "suffix": ""}, {"first": "P", "middle": ["J"], "last": "Walker", "suffix": ""}], "year": 2002, "venue": "Dis. Aquat. Org", "volume": "50", "issn": "", "pages": "87--93", "other_ids": {}}, "BIBREF38": {"ref_id": "b38", "title": "RNA transcription analysis and completion of the genome sequence of yellow head nidovirus", "authors": [{"first": "N", "middle": [], "last": "Sittidilokratna", "suffix": ""}, {"first": "S", "middle": [], "last": "Dangtip", "suffix": ""}, {"first": "J", "middle": ["A"], "last": "Cowley", "suffix": ""}, {"first": "P", "middle": ["J"], "last": "Walker", "suffix": ""}], "year": 2008, "venue": "Virus Res", "volume": "136", "issn": "", "pages": "157--165", "other_ids": {}}, "BIBREF39": {"ref_id": "b39", "title": "Structural and antigenic analysis of the yellow head virus nucleocapsids protein", "authors": [{"first": "N", "middle": [], "last": "Sittidilokratna", "suffix": ""}, {"first": "N", "middle": [], "last": "Petchampai", "suffix": ""}, {"first": "V", "middle": [], "last": "Boonsaeng", "suffix": ""}, {"first": "P", "middle": ["J"], "last": "Walker", "suffix": ""}], "year": 2006, "venue": "Virus Res", "volume": "116", "issn": "", "pages": "21--29", "other_ids": {}}, "BIBREF40": {"ref_id": "b40", "title": "Detection and differentiation of yellow head complex viruses using monoclonal antibodies", "authors": [{"first": "C", "middle": [], "last": "Soowannayan", "suffix": ""}, {"first": "T", "middle": ["W"], "last": "Flegel", "suffix": ""}, {"first": "P", "middle": [], "last": "Sithigorngul", "suffix": ""}, {"first": "J", "middle": [], "last": "Slater", "suffix": ""}, {"first": "A", "middle": [], "last": "Hyatt", "suffix": ""}, {"first": "S", "middle": [], "last": "Cameri", "suffix": ""}, {"first": "T", "middle": [], "last": "Wise", "suffix": ""}, {"first": "M", "middle": [], "last": "Crane", "suffix": ""}, {"first": "", "middle": ["J"], "last": "St", "suffix": ""}, {"first": "J", "middle": ["A"], "last": "Cowley", "suffix": ""}, {"first": "R", "middle": [], "last": "Mcculloch", "suffix": ""}, {"first": "P", "middle": ["J"], "last": "Walker", "suffix": ""}], "year": 2003, "venue": "Dis. Aquat. Org", "volume": "57", "issn": "", "pages": "193--200", "other_ids": {}}, "BIBREF41": {"ref_id": "b41", "title": "Gill-associated virus from cultured Penaeus monodon from Queensland", "authors": [{"first": "K", "middle": ["M"], "last": "Spann", "suffix": ""}, {"first": "J", "middle": ["A"], "last": "Cowley", "suffix": ""}, {"first": "P", "middle": ["J"], "last": "Walker", "suffix": ""}, {"first": "R", "middle": ["J G"], "last": "Lester", "suffix": ""}], "year": 1997, "venue": "Dis. Aquat. Org", "volume": "31", "issn": "", "pages": "169--179", "other_ids": {}}, "BIBREF42": {"ref_id": "b42", "title": "Lymphoid organ virus of Penaeus monodon from Australia", "authors": [{"first": "K", "middle": ["M"], "last": "Spann", "suffix": ""}, {"first": "J", "middle": ["E"], "last": "Vickers", "suffix": ""}, {"first": "R", "middle": ["J G"], "last": "Lester", "suffix": ""}], "year": 1995, "venue": "Dis. Aquat. Org", "volume": "23", "issn": "", "pages": "127--134", "other_ids": {}}, "BIBREF43": {"ref_id": "b43", "title": "A new RNA virus found in black tiger shrimp Penaeus monodon from Thailand", "authors": [{"first": "K", "middle": [], "last": "Sritunyalucksana", "suffix": ""}, {"first": "S", "middle": [], "last": "Apisawetakan", "suffix": ""}, {"first": "A", "middle": [], "last": "Boon-Nat", "suffix": ""}, {"first": "B", "middle": [], "last": "Withyachumnarnkul", "suffix": ""}, {"first": "T", "middle": ["W"], "last": "Flegel", "suffix": ""}], "year": 2006, "venue": "Virus Res", "volume": "118", "issn": "", "pages": "31--38", "other_ids": {}}, "BIBREF44": {"ref_id": "b44", "title": "The ClustalX windows interface: flexible strategies for multiple sequence alignment aided by quality analysis tools", "authors": [{"first": "J", "middle": ["D"], "last": "Thompson", "suffix": ""}, {"first": "T", "middle": ["J"], "last": "Gibson", "suffix": ""}, {"first": "F", "middle": [], "last": "Plewniak", "suffix": ""}, {"first": "F", "middle": [], "last": "Jeanmougin", "suffix": ""}, {"first": "D", "middle": ["G"], "last": "Higgins", "suffix": ""}], "year": 1997, "venue": "Nucl. Acids Res", "volume": "24", "issn": "", "pages": "4876--4882", "other_ids": {}}, "BIBREF45": {"ref_id": "b45", "title": "Structural comparison of the cleavage-activation site of the fusion glycoprotein between virulent and avirulent strains of Newcastle disease virus", "authors": [{"first": "T", "middle": [], "last": "Toyoda", "suffix": ""}, {"first": "T", "middle": [], "last": "Sakaguchi", "suffix": ""}, {"first": "K", "middle": [], "last": "Imai", "suffix": ""}, {"first": "N", "middle": ["M"], "last": "Inocencio", "suffix": ""}, {"first": "B", "middle": [], "last": "Gotoh", "suffix": ""}, {"first": "M", "middle": [], "last": "Hamaguchi", "suffix": ""}, {"first": "Y", "middle": [], "last": "Nagai", "suffix": ""}], "year": 1987, "venue": "Virology", "volume": "158", "issn": "", "pages": "242--247", "other_ids": {}}, "BIBREF46": {"ref_id": "b46", "title": "Kissing interaction between 3' noncoding and coding sequences is essential for porcine arterivirus RNA replication", "authors": [{"first": "M", "middle": ["H"], "last": "Verheije", "suffix": ""}, {"first": "R", "middle": ["C"], "last": "Olsthoorn", "suffix": ""}, {"first": "M", "middle": ["V"], "last": "Kroese", "suffix": ""}, {"first": "P", "middle": ["J"], "last": "Rottier", "suffix": ""}, {"first": "J", "middle": ["J"], "last": "Meulenberg", "suffix": ""}], "year": 2002, "venue": "J. Virol", "volume": "76", "issn": "", "pages": "1521--1526", "other_ids": {}}, "BIBREF47": {"ref_id": "b47", "title": "Roniviridae", "authors": [{"first": "P", "middle": ["J"], "last": "Walker", "suffix": ""}, {"first": "J", "middle": ["R"], "last": "Bonami", "suffix": ""}, {"first": "V", "middle": [], "last": "Boonsaeng", "suffix": ""}, {"first": "P", "middle": ["S"], "last": "Chang", "suffix": ""}, {"first": "J", "middle": ["A"], "last": "Cowley", "suffix": ""}, {"first": "L", "middle": [], "last": "Enjuanes", "suffix": ""}, {"first": "T", "middle": ["W"], "last": "Flegel", "suffix": ""}, {"first": "D", "middle": ["V"], "last": "Lightner", "suffix": ""}, {"first": "P", "middle": ["C"], "last": "Loh", "suffix": ""}, {"first": "E", "middle": ["J"], "last": "Snijder", "suffix": ""}, {"first": "K", "middle": [], "last": "Tang", "suffix": ""}], "year": 2005, "venue": "Virus Taxonomy, VIIIth Report of the ICTV", "volume": "", "issn": "", "pages": "973--977", "other_ids": {}}, "BIBREF48": {"ref_id": "b48", "title": "Yellow head complex viruses: transmission cycles and topographical distribution in the Asia-Pacific region", "authors": [{"first": "P", "middle": ["J"], "last": "Walker", "suffix": ""}, {"first": "J", "middle": ["A"], "last": "Cowley", "suffix": ""}, {"first": "K", "middle": ["M"], "last": "Spann", "suffix": ""}, {"first": "R", "middle": ["A J"], "last": "Hodgson", "suffix": ""}, {"first": "M", "middle": ["R"], "last": "Hall", "suffix": ""}, {"first": "B", "middle": [], "last": "Withychumnarnkul", "suffix": ""}], "year": 2001, "venue": "The New Wave: Proceedings of the Special Session on Sustainable Shrimp Culture", "volume": "", "issn": "", "pages": "227--237", "other_ids": {}}, "BIBREF49": {"ref_id": "b49", "title": "Yellow head virus infection in the giant tiger prawn Penaeus monodon cultured in Taiwan", "authors": [{"first": "Y", "middle": ["C"], "last": "Wang", "suffix": ""}, {"first": "P", "middle": ["S"], "last": "Chang", "suffix": ""}], "year": 2000, "venue": "Fish Pathol", "volume": "35", "issn": "", "pages": "1--10", "other_ids": {}}, "BIBREF50": {"ref_id": "b50", "title": "Yellow head disease-like virus infection in the Kuruma shrimp Penaeus japonicus cultured in Taiwan", "authors": [{"first": "C", "middle": ["S"], "last": "Wang", "suffix": ""}, {"first": "K", "middle": ["F J"], "last": "Tang", "suffix": ""}, {"first": "G", "middle": ["H"], "last": "Kou", "suffix": ""}, {"first": "S", "middle": ["N"], "last": "Chen", "suffix": ""}], "year": 1996, "venue": "Fish Pathol", "volume": "31", "issn": "", "pages": "177--182", "other_ids": {}}, "BIBREF51": {"ref_id": "b51", "title": "Evidence for a pseudoknot in the 3' untranslated region of the bovine coronavirus genome", "authors": [{"first": "G", "middle": ["D"], "last": "Williams", "suffix": ""}, {"first": "R", "middle": ["Y"], "last": "Chang", "suffix": ""}, {"first": "D", "middle": ["A"], "last": "Brian", "suffix": ""}], "year": 1995, "venue": "Adv. Exp. Med. Biol", "volume": "380", "issn": "", "pages": "511--514", "other_ids": {}}, "BIBREF52": {"ref_id": "b52", "title": "A phylogenetically conserved hairpintype 3\u2032 untranslated region pseudoknot functions in coronavirus RNA replication", "authors": [{"first": "G", "middle": ["D"], "last": "Williams", "suffix": ""}, {"first": "R.-Y", "middle": [], "last": "Chang", "suffix": ""}, {"first": "D", "middle": ["A"], "last": "Brian", "suffix": ""}], "year": 1999, "venue": "J. Virol", "volume": "73", "issn": "", "pages": "8349--8355", "other_ids": {}}, "BIBREF53": {"ref_id": "b53", "title": "The 3C-like proteinase of an invertebrate nidovirus links coronavirus and potyvirus homologs", "authors": [{"first": "J", "middle": [], "last": "Ziebuhr", "suffix": ""}, {"first": "S", "middle": [], "last": "Bayer", "suffix": ""}, {"first": "J", "middle": ["A"], "last": "Cowley", "suffix": ""}, {"first": "A", "middle": ["E"], "last": "Gorbalenya", "suffix": ""}], "year": 2003, "venue": "J. Virol", "volume": "77", "issn": "", "pages": "1415--1426", "other_ids": {}}}, "ref_entries": {"FIGREF0": {"text": "(A) 1% agarose-TAE gels illustrating RT-nested PCR products amplified from 16 of 19 healthy P. monodon broodstock (lanes 1-19) that were collected from central Thailand in March 2002. A semi-nested one-step RT-PCR and primers 2s12, 2a12 and 2a43 were used to amplify products of 280 and 575 bp. A DNA ladder (lane M) and positive control (YHV) reaction (lane +) are indicated. (B) Unrooted, neighbour-joining phylogenetic tree constructed from a ClustalX multiple alignment of a 231 nt sequence in the ORF1b replicase gene obtained for 25 viruses including the reference strains of YHV (THA-98-Ref) and GAV (AUS-96-Ref). The samples were collected from Thailand, Taiwan, Australia, Vietnam and Malaysia in 2000 and 2001. The sources of viruses and their codes are described in", "latex": null, "type": "figure"}, "FIGREF1": {"text": "Unrooted, neighbour-joining phylogenetic tree constructed from a ClustalX multiple alignment of a 668-671 nt sequence in the ORF1b replicase gene obtained for 57 viruses including the reference strains of YHV (THA-98-Ref) and GAV (AUS-96-Ref). The samples were collected from throughout the Indo-Pacific region from 1997-2004. The sources of viruses and their codes are described in", "latex": null, "type": "figure"}, "FIGREF2": {"text": "(A) ClustalX multiple alignment of the deduced amino acid sequences of the nucleocapsid proteins encoded in ORF2 of the reference genotype 1 (THA-98-Ref) and genotype 2 (AUS-96-Ref) isolates and representatives of genotypes 3 (VNM-02-H93), 4 (IND-02-H9) and 5 (THA-03-SG21). The more variable sequences in the N-and C-terminal regions are shaded. (B) Neighbour-joining tree constructed from a Clustal X multiple alignment of the nucleotide sequence of the nucleocapsid protein genes. Bootstrap values were calculated for 1000 replicate analyses and horizontal branch lengths are proportional to phylogenetic distances.", "latex": null, "type": "figure"}, "FIGREF3": {"text": "A ClustalX multiple alignment of amino acid sequences spanning the N-terminal gp116 region of the ORF3 gene of the reference genotype 1 (THA-98-Ref) and genotype 2 (AUS-96-Ref) isolates, and representatives of genotypes 3 (VNM-02-H93), 4 (IND-02-H9) and 5 (THA-03-SG21). The site of proteolytic cleavage of the YHV pp3 polyprotein is indicated. Absolutely conserved (\u204e) and similar (: or .) amino acids are indicated according to the similarity groups defined in ClustalX. Conserved cysteine and residues are indicated (+). Potential N-linked glycosylation sites are indicated in bold face and underlined in the alignment and denoted ( ) on the illustration. Six predicted transmembrane-spanning domains (TM1-TM6) are numbered.", "latex": null, "type": "figure"}, "FIGREF4": {"text": "(A) Conserved sequences in the intergenic regions upstream of ORF2, ORF3 and ORF4 in the reference genotype 1 (THA-98-Ref) and genotype 2 (AUS-96-Ref) isolates and representatives of genotypes 3 (VNM-02-H93), 4 (IND-02-H9) and 5 (THA-03-SG21). The initiation and termination codons of flanking ORFs are indicated in bold face and underlined.The position in each sequence corresponding to the 5\u2032-terminal adenosine of GAV sgmRNA1 and sgmRNA2 is shaded. The highly conserved 14 nt sequence surrounding the terminal adenosine is underlined, as is the region upstream of ORF4 in which the sequence is partially conserved. Nucleotide substitutions (uridine) in the conserved regions are shaded in black. Identical nucleotides in all aligned sequences are indicated (\u204e). (B) WebLogo presentation of nucleotides conserved and less conserved between genotypes 1, 2, 3, 4 and 5 in the TRS elements in IGR1 and in IGR2 as well as between the TRS elements of both IGRs. The cDNA rather than RNA sequence was analysed. (C) Multiple alignment of the putative genotype 2 (GAV) ORF4 gene amino acid sequence with the comparable truncated sequences of genotypes 1, 3, 4 and 5. Amino acids shared in all 5 genotypes are indicated (\u204e).", "latex": null, "type": "figure"}, "FIGREF5": {"text": "abbreviations: R=A/G, Y=C/T, M=A/C, K=G/T, W=A/T, D=A/G/T, H=A/C/T. a Primer codes: forward (F), reverse (R), sense (s), antisense (a).", "latex": null, "type": "figure"}, "TABREF0": {"text": "Samples of shrimp (Penaeus monodon) collected from sites in the Indo-Pacific region", "latex": null, "type": "table"}, "TABREF1": {"text": "", "latex": null, "type": "table"}, "TABREF2": {"text": "PCR primer sequences", "latex": null, "type": "table", "html": "<html><body><table><tr><td>PCR Primera </td><td>5\u2032-3VSequence\n</td></tr><tr><td>2s12 </td><td>ORF1b gene fragments for phylogenetic comparisons\n</td></tr><tr><td>CGCTTCCAATGTATCTGCATGCACC\n</td></tr><tr><td>2a12 </td><td>GTGTGAACACCTTCTTGGCTTCCT\n</td></tr><tr><td>2a43 </td><td>GAGATGATTTGATTCTTGAATTTCTG\n</td></tr><tr><td>2s38M </td><td>CATTGCCGTCCTTGCTAGCTC\n</td></tr><tr><td>2a43M </td><td>AGATGATTTGATCTTGAATTTCT\n</td></tr><tr><td>2s113 </td><td>AGATCCATGCAATTTGGGAATCATC\n</td></tr><tr><td>2a114 </td><td>TTTGGTACGGATGTTGGTGAGGA\n</td></tr><tr><td>YH30-F2 </td><td>CTACCAYTCAAACATCATCAAYAAYCA\n</td></tr><tr><td>YH30-R2 </td><td>GAGATGATYTGRTKCTTGAATTTCTG\n</td></tr><tr><td>YH31-F2 </td><td>CARATCCATGCMATYTGGGAATCATC\n</td></tr><tr><td>YH31-R2 </td><td>TTTGGTACGGATGTTGGTGAGGA\n</td></tr><tr><td>ORF3 gene 5\u2032- and 3\u2032-termini of genotypes 3 and 4\n</td></tr><tr><td>GAV217F </td><td>CGTAACAMRGCARGCYTAGCTATGCA\n</td></tr><tr><td>GAV219F </td><td>GGTGACTTCTGCAATAACAACGCATGGATG\n</td></tr><tr><td>GAV224R </td><td>TAKAGAATRTATTTGAGRATRTAATCCCA\n</td></tr><tr><td>GAV225R </td><td>GCCACCGAGTGARAAAGARGTGAAGGTDCC\n</td></tr><tr><td>GAV228R </td><td>TGATCAACAGTGACRTTWACCATKTTHT\n</td></tr><tr><td>Central ORF3 gene region of genotypes 3 and 4\n</td></tr><tr><td>GAV237F </td><td>CGCCATAGTATCGGAAAACAAATTCTT\n</td></tr><tr><td>GAV238R </td><td>GCGAATAGCCTGTTGGATTGTTGCA\n</td></tr><tr><td>GAV239F </td><td>GACTGGAGCATACAAGTTCAAGAGC\n</td></tr><tr><td>GAV240R </td><td>GGCCTGCTGAATGGTTGCAAAGTTT\n</td></tr><tr><td>GAV246R </td><td>GCTCCTAATGGGTCGTAACTTCTTACG\n</td></tr><tr><td>GAV247R </td><td>GGAGTCACCRTCRTGRTAYTCYTC\n</td></tr><tr><td>GAV251F </td><td>ATGAGACAATTCCAACGCCCAGTG\n</td></tr><tr><td>GAV252R </td><td>ACGGCTTGTGATGGTAGAGATGAT\n</td></tr><tr><td>Genomic 3\u2032-termini of genotypes 3, 4 and 5\n</td></tr><tr><td>Uni-P </td><td>GCCGGAGCTCTGCAGAATTC\n</td></tr><tr><td>GAV196R </td><td>GGTGGCTGKAGCAGATATGATGCAA\n</td></tr><tr><td>GAV197F </td><td>CGTGGGGCCGAGTCATCTGCCTT\n</td></tr><tr><td>GAV198F </td><td>TCCGACACCATTGTKGGYGCTGCAGG\n</td></tr><tr><td>GAV199F </td><td>ACTGATTCTCTYAAYACTTTCGGCGC\n</td></tr><tr><td>ORF2 plus IGR1 and IGR2 of genotypes 3 and 4\n</td></tr><tr><td>ORF2-4F </td><td>ATTGACAAYCCACAYAARTTYAARATG\n</td></tr><tr><td>ORF2-5R </td><td>ACAAGAGGAAGATCAGAAATATACC\n</td></tr><tr><td>ORF2-4F </td><td>ATTGACAAYCCACAYAARTTYAARATG\n</td></tr><tr><td>ORF2-6R </td><td>TAGCAAATTGTAGTGCTTTGCCATG\n</td></tr><tr><td>DNA spanning ORF2, IGR1 and IGR2 of genotype 5\n</td></tr><tr><td>Geno5-F1-P </td><td>ACAGGCAAGAGTCATCTCGTCGAA\n</td></tr><tr><td>Geno5-R2-N </td><td>TGTCACTCCCCACGTTCTCTGGA\n</td></tr></table></body></html>"}}, "back_matter": [{"text": "The authors would like to thank Dr Nusra Sittidilokratna and Prof. Boonsirm ", "cite_spans": [], "ref_spans": [], "section": "Acknowledgments"}]}