{"paper_id": "0c6e7a9e9928c995e190743ba3b79b0d1d4b1b53", "metadata": {"title": "Transition metal-free cross-coupling of furan ring with haloacetylenes", "authors": [{"first": "Lyubov", "middle": ["N"], "last": "Sobenina", "suffix": "", "affiliation": {"laboratory": "", "institution": "Russian Academy of Sciences", "location": {"addrLine": "1 Favorsky Str", "postCode": "664033", "settlement": "Irkutsk", "country": "Russian Federation"}}, "email": ""}, {"first": "Denis", "middle": ["N"], "last": "Tomilin", "suffix": "", "affiliation": {"laboratory": "", "institution": "Russian Academy of Sciences", "location": {"addrLine": "1 Favorsky Str", "postCode": "664033", "settlement": "Irkutsk", "country": "Russian Federation"}}, "email": ""}, {"first": "Maxim", "middle": ["D"], "last": "Gotsko", "suffix": "", "affiliation": {"laboratory": "", "institution": "Russian Academy of Sciences", "location": {"addrLine": "1 Favorsky Str", "postCode": "664033", "settlement": "Irkutsk", "country": "Russian Federation"}}, "email": ""}, {"first": "Igor", "middle": ["A"], "last": "Ushakov", "suffix": "", "affiliation": {"laboratory": "", "institution": "Russian Academy of Sciences", "location": {"addrLine": "1 Favorsky Str", "postCode": "664033", "settlement": "Irkutsk", "country": "Russian Federation"}}, "email": ""}, {"first": "Boris", "middle": ["A"], "last": "Trofimov", "suffix": "", "affiliation": {"laboratory": "", "institution": "Russian Academy of Sciences", "location": {"addrLine": "1 Favorsky Str", "postCode": "664033", "settlement": "Irkutsk", "country": "Russian Federation"}}, "email": ""}]}, "abstract": [{"text": "On the example of menthofuran, a naturally abundant compound, it has been shown for the first time that the furan ring can be readily cross-coupled with acylhaloacetylenes in the solid Al 2 O 3 powder at room temperature to afford the corresponding 2-ethynyl derivatives in up to 88% yield. The reaction represents a ring closing/ring opening process that includes reversible formation of the intermediate cycloadducts further producing acetylene derivatives with elimination of HHal.", "cite_spans": [], "ref_spans": [], "section": "Abstract"}], "body_text": [{"text": "After the pioneering work, 1,2 which showed that pyrroles are cross-coupled with electrophilic acylhaloacetylenes under exceptionally mild conditions (room temperature) in the solid metal oxides and salts media to give 2-acylethynylpyrroles, this methodology has been developed into a general and efficient tool for the synthesis of diverse alkyl-, aryl-, hetaryl-, cycloalkyl-2ethynylpyrroles, having acyl, 3e5 trifluoroacyl, 6,7 ester, 8, 9 aldehyde, 10 phosphonate, 11 ethynyl, 12 and butadiynyl 13 functions at the triple bond.", "cite_spans": [{"start": 438, "end": 440, "text": "8,", "ref_id": null}, {"start": 441, "end": 442, "text": "9", "ref_id": null}, {"start": 453, "end": 455, "text": "10", "ref_id": null}, {"start": 469, "end": 471, "text": "11", "ref_id": null}, {"start": 481, "end": 483, "text": "12", "ref_id": null}, {"start": 499, "end": 501, "text": "13", "ref_id": null}], "ref_spans": [], "section": "Introduction"}, {"text": "The mechanism of this ethynylation was proved to involve the addition-elimination sequence (Scheme 1), probably promoted by the coordinately unsaturated center of the used metal oxides and salts (electrophilic assistance) initiated by mechanoactivation (grinding up the reactants). In some cases, intermediates of this reaction, 2-(1-haloethenyl)pyrroles A, were isolated and under the same conditions transformed to 2-ethynylpyrroles. 1, 2, 5 The development of expedient synthesis of ethynylfurans represents a challenge for heterocyclic chemistry, because such motifs are frequently met in bioactive molecules and natural products, 14, 15 for example, in inhibitors of mast cell b-triptase, 16e18 SARS coronavirus main protease, 19 leukocyte calcium uptake, 20 lipoxygenase, 21 and carlina oxide (a natural polyacetylene from Carlina acaulis) with potent antitrypanosomal and antimicrobial activities. 22 They also are prospective building blocks for the synthesis of more complex biomolecules due to the rich chemistry of the triple bond and the furan ring, especially in their combination. 23e31 A logic development of previous ethynylation of pyrroles with haloacetylenes 1,2,12,13,32 might be translation of this methodology to the furan compounds. In this line, just one short note that 2-(2furyl)pyrrole 33 was capable of the ethynylating by haloacetylenes was reported. It was mentioned inter alia that the cross-coupled products with furan ethynylated moiety were isolated in small yields (4e5%).", "cite_spans": [{"start": 436, "end": 438, "text": "1,", "ref_id": null}, {"start": 439, "end": 441, "text": "2,", "ref_id": "BIBREF15"}, {"start": 442, "end": 443, "text": "5", "ref_id": null}, {"start": 635, "end": 638, "text": "14,", "ref_id": null}, {"start": 639, "end": 641, "text": "15", "ref_id": null}, {"start": 732, "end": 734, "text": "19", "ref_id": null}, {"start": 761, "end": 763, "text": "20", "ref_id": null}, {"start": 778, "end": 780, "text": "21", "ref_id": null}, {"start": 905, "end": 907, "text": "22", "ref_id": null}, {"start": 1095, "end": 1100, "text": "23e31", "ref_id": null}, {"start": 1313, "end": 1315, "text": "33", "ref_id": null}], "ref_spans": [], "section": "Introduction"}, {"text": "Here we report, on the example of natural abundant menthofuran (3,6-dimethyl-4,5,6,7-tetrahydrobenzofuran 1), first synthetically appropriate results on the transition metal-free crosscoupling of the furan ring with haloacetylenes 2a-g initiated by their grinding with most common solid oxides and salts (10-fold amount) without solvent and then allowing them to stand at room temperature for 1e72 h. The reaction course (conversion of reactants 1, 2 and the products ratio) was controlled by 1 H NMR spectra of the CDCl 3 extracts from the reaction mixture.", "cite_spans": [], "ref_spans": [], "section": "Results and discussion"}, {"text": "Menthofuran was chosen as a furan representative, first, due to its higher nucleophilicity (donor effect of the cyclohexane ring and two methyl groups) compared to commonly available furan compounds and, second, because menthofuran is a popular natural product, which is contained in the peppermint and exercises a great effect on the aroma of that oil. 34 Also, it is the precursor of menthofurolactone and dehydromenthofurolactone, two compounds whose sweet and persistent coumarinic odor is the hallmark of premium-quality peppermint oils. 35e37 This well-known fragrance is also a potent hepatotoxin and is obtained from Mentha pulegium L., a plant used in folk medicine as an abortifacient. 37 A preliminary attempt to realize this reaction for furan and 2methylfuran has shown that only the corresponding cycloadducts are formed instead of the expected ethynylated furans. 38 We have started to study this reaction for benzoylbromoacetylene 2a (as acylhaloacetylene representative) using Al 2 O 3 as a solid medium.", "cite_spans": [{"start": 354, "end": 356, "text": "34", "ref_id": "BIBREF47"}, {"start": 696, "end": 698, "text": "37", "ref_id": null}, {"start": 879, "end": 881, "text": "38", "ref_id": null}], "ref_spans": [], "section": "Results and discussion"}, {"text": "According to the experiments, after 1 h the reaction results in formation of ethynylfuran 3a along with the pair of diastereomeric cycloadducts of oxanorbornadiene structure 4a in 44:56 ratio (Scheme 1). The reaction is strictly regioselective: the bromine atom is neighboring the position 2 of the furan ring exclusively: NOESY interaction between protons of CH 2 -5 group and H-ortho protons of phenyl ring confirms C-4 location of benzoyl fragment.", "cite_spans": [], "ref_spans": [], "section": "Results and discussion"}, {"text": "After standing reaction mixture for 24 h, 48 h and 72 h the content of ethynylfuran 3a increased to 64%, 80% and 88%, correspondingly, while cycloadduct content was diminished. These results indicate that cycloadduct 4a converts to ethynylfuran 3a with elimination of hydrogen bromide, i.e. the cycloadduct 4a is kinetic intermediate of the ethynylation. As it was shown on the example of cycloadduct 4a, such derivatives of menthofuran can be isolated and handled under normal conditions.", "cite_spans": [], "ref_spans": [], "section": "Results and discussion"}, {"text": "We then turned our attention to other oxides and salts (SiO 2 , NaCl, K 2 CO 3 and K 3 PO 4 ) as solid media to implement the same reaction (Table 1 ).", "cite_spans": [], "ref_spans": [{"start": 140, "end": 148, "text": "(Table 1", "ref_id": "TABREF0"}], "section": "Results and discussion"}, {"text": "In the SiO 2 medium menthofuran was unstable and after 1 h the reaction mixture consisted of mainly the starting acetylene 2a (60%), content of ethynylfuran 3a and cycloadduct 4a being 26% and 13%, correspondingly. If NaCl was used as a solid medium, the main product was cycloadduct 4a (54%). The other products were ethynylfuran 3a (16%) and 3,3-bis(3,6-dimethyl-4,5,6,7-tetrahydrobenzofuran-2-yl)-1-phenylprop-2-en-1-one (5) (19%) (Scheme 2). Acetylene 2a was also present in the reaction mixture (11%), while menthofuran was absent.", "cite_spans": [], "ref_spans": [], "section": "Results and discussion"}, {"text": "Contrary to the exceptions in the presence of more basic medium (K 2 CO 3 , K 3 PO 4 ) ethynylation was a minor process, while the major one was cycloaddition (Table 1) .", "cite_spans": [], "ref_spans": [{"start": 159, "end": 168, "text": "(Table 1)", "ref_id": "TABREF0"}], "section": "Results and discussion"}, {"text": "It is important to underline that, when neat reactants (1 and 2a) without a solid medium are ground, neither ethynylfuran 3a nor cycloadduct 4a are formed, while exothermic reaction take place resulting in resin-like product. Upon dropwise addition of furan 1 to cooled (10 C) acetylene 2a the obtained reaction mixture (room temperature, 1 h) consisted of cycloadduct 4a and propenone 5 in 60:40 ratio, no ethynylfuran 3a being detected. Interestingly, under these conditions (out of a solid medium) cycloadduct 4a was not transformed to ethynylfuran 3a, whereas in CDCl 3 it isomerized to 2-bromo-3-hydroxytetrahydronaphthalene 6a (Scheme 3).", "cite_spans": [], "ref_spans": [], "section": "Results and discussion"}, {"text": "Thus as indicated above, Al 2 O 3 has proven to be a medium of choice from the oxides and salts studied for the synthesis of ethynyl derivatives of menthofuran 3a. Therefore, this oxide was used to evaluate the influence of halogen atom in acylhaloacetylene on the reaction course (Table 2) .", "cite_spans": [], "ref_spans": [{"start": 281, "end": 290, "text": "(Table 2)", "ref_id": "TABREF2"}], "section": "Results and discussion"}, {"text": "Chlorobenzoylacetylene reacts with furan 1 to afford after 1 h cycloadduct 4a as major product (3a: 4a ratio is the 36: 62), the reactant conversion being complete. As anticipated, after 3 h, content of ethynylfuran 3a insignificantly increased and within 72 h the only product was ethynylfuran 3a. The reaction of furan 1 with iodobenzoylacetylene proceeds slower, after 3 h composition of the reaction mixture being 1: 2a: 3a: 4a: 5 \u00bc 9: 17: 28: 11. In 72 h cycloadduct 4a disappears and the reaction mixture contains ethynylfuran 3a along with propenone 5 in the ratio of 49: 18 (Table 2) .", "cite_spans": [], "ref_spans": [{"start": 582, "end": 591, "text": "(Table 2)", "ref_id": "TABREF2"}], "section": "Results and discussion"}, {"text": "Thus, in contrast to cross-coupling of pyrroles with acylhaloacetylenes in solid media, ethynylation of the furan moiety with acylhaloacetylenes proceeds through [4 \u00fe 2]-cycloaddition followed by ring-opening with elimination of HHal. It is also in keeping with quantitative conversion of isolated cycloadduct 4a, upon its passing through SiO 2 or Al 2 O 3 column, into ethynylfuran 3a.", "cite_spans": [], "ref_spans": [], "section": "Results and discussion"}, {"text": "As further experiments have shown, this ethynylation is also applicable for bromoacetylenes with formyl (2b), acetyl (2c), furoyl (2d), and thenoyl (2e) groups at the triple bond, which react with Scheme 1. Reaction of menthofuran 1 with benzoylbromoacetylene 2a in the Al 2 O 3 medium. For bromopropiolate 2f, the major reaction product was cycloadduct 4f, which in the CDCl 3 solution was isomerized to 2-bromo-3-hydroxynaphthalene 6f. Ethynylfuran 3f in this case was minor product, its isolated yield being just ca. 10% (Schemes 4 and 5).", "cite_spans": [], "ref_spans": [], "section": "Results and discussion"}, {"text": "In the case of bromodiacetylene 2g, the only isolated product was bicyclic propiolate 6g, the isomer of the expected cycloadduct 4g (Scheme 6).", "cite_spans": [], "ref_spans": [], "section": "Results and discussion"}, {"text": "Thus, it appears likely that the oxanorbornadiene intermediates such as 4a, reversibly generated on the first reaction step, transform to the ethynyl derivatives of menthofuran via zwitterion B with the positive charge distributed over the whole furan moiety. The latter eliminates hydrogen bromide in the concerted process (hydrogen releases from the position 2 of the furan moiety, Scheme 7).", "cite_spans": [], "ref_spans": [], "section": "Results and discussion"}, {"text": "An experimental evidence for the proposed mechanism is the observation that cycloadducts 4 are gradually transformed to ethynylated products 3. The formation of the intermediate zwitterion B is supported by isolation of propenone 5 resulted from substitution of bromine atom either in zwitterion B or bromovinyl intermediate 7 (Scheme 8) .", "cite_spans": [], "ref_spans": [{"start": 327, "end": 337, "text": "(Scheme 8)", "ref_id": null}], "section": "Results and discussion"}, {"text": "An alternative route to propenone 5 might be the nucleophilic addition of the second molecule of menthofuran to ethynyl derivative of menthofuran 3a (Scheme 8). However, as shown by a special experiment, ethynylfuran 3a did not add furan 1 under the reaction conditions.", "cite_spans": [], "ref_spans": [], "section": "Results and discussion"}, {"text": "The mechanistic rationalizations here considered are supported by the fact that the furan derivatives, having no donor substituents, like furan-2-carbaldehyde and its acetals as well as 6methoxybenzofuran, happened to be reluctant in the reaction with haloacetylenes under the conditions studied (Fig. 1) .", "cite_spans": [], "ref_spans": [{"start": 296, "end": 304, "text": "(Fig. 1)", "ref_id": "FIGREF2"}], "section": "Results and discussion"}, {"text": "Indeed, the initial [4 \u00fe 2]-cycloaddition is a typical Diels-Alder condensation with inverse electronic demand, i.e., diene (in this case furan moiety) should be electron-rich compound, correspondingly the opened form of cycloadduct, the zwitterion B, should be the more stable the stronger donor substituent are in the furan moiety.", "cite_spans": [], "ref_spans": [], "section": "Results and discussion"}, {"text": "In summary, on the example of menthofuran, it has been shown for the first time that furans bearing electron-donating substituents are capable of cross-coupling with haloacetylenes in solid media of oxides or salts under mild conditions in the absence of transition metals to afford acetylenic derivatives. Thus, it was found that a naturally abundant furan compound, menthofuran, is readily crosscoupled with haloacetylenes under transition metal-free conditions in the solid Al 2 O 3 powder at room temperature to give 2ethynyl derivatives in up to 88% yield. In contrast to the ethynylation of pyrroles under similar conditions, the reaction studied involves reversible [4 \u00fe 2]-cycloaddition of the furan ring to form the isolable intermediated cycloadducts, which then further transform to the acetylenic derivatives. The novel menthofuran derivatives, thus obtained, represent promising bioactive compounds and rewarding precursors for drug design.", "cite_spans": [], "ref_spans": [], "section": "Conclusion"}, {"text": "IR spectra were obtained with a Bruker Vertex 70 spectrometer (400e4000 cm \u00c01 , films). 1 H (400.1 MHz), 13 C (100.6 MHz) spectra were recorded on a Bruker DPX-400 spectrometer at ambient temperature in CDCl 3 solutions and referenced to CDCl 3 (residual protons of CDCl 3 in 1 H NMR d \u00bc 7.26 ppm; 13 4.2. General procedure for synthesis of 3-(3,6-dimethyl-4,5,6,7tetrahydrobenzofuran-2-yl)-1-prop-2-yn-1-ones 3a-e Equimolar amounts of 3,6-dimethyl-4,5,6,7tetrahydrobenzofuran (0.150 g, 1 mmol) and haloacetylenes 2a-e (1 mmol) were ground at room temperature with a 10-fold amount (by weight) of Al 2 O 3 in a porcelain mortar for 10 min and allowed to stay at room temperature for 60 min. 1 H NMR analysis showed that in all cases reaction mixtures contain cycloadduct 4a-e and acetylene 3a-e in average ratio 1: 1. Slow column chromatography (SiO 2 , eluent n-hexane) of the reaction mixture leads to the transformation of cycloadduct 4a-e to acetylene 3a-e, which was benzoylbromoacetylene (0.209 g, 1 mmol) were ground at room temperature with a 10-fold amount (by weight) of Al 2 O 3 in a porcelain mortar for 10 min and allowed to stay at room temperature for 60 min. Reaction mixture was placed on the glass filter and washed with n-hexane, solvent removed and oily residue recrystallized from 5 to 7 ml of n-hexane to give acetylene 3a. Mother liquor was evaporated to give cycloadduct 4a as yellow oil, Rf 0.63 (n-hexanediethyl ether, 2:1), yield 144 mg (40%); 1 H NMR (400 MHz, CDCl 3 ): ", "cite_spans": [{"start": 105, "end": 107, "text": "13", "ref_id": null}, {"start": 298, "end": 300, "text": "13", "ref_id": null}, {"start": 691, "end": 692, "text": "1", "ref_id": null}], "ref_spans": [], "section": "General information"}, {"text": "Equimolar amounts of 3,6-dimethyl-4,5,6,7tetrahydrobenzofuran (0.150 g, 1 mmol) and ethyl 3bromopropiolate (0.177 g, 1 mmol) were ground at room temperature with a 10-fold amount (by weight) of Al 2 O 3 in a porcelain mortar for 10 min and allowed to stay at room temperature for 60 min. 1 H NMR analysis of crude reaction mixture shows that it contains both isomeric cycloadducts 4f and ethynylfuran 3f in 2:1 ratio. Fractionating (SiO 2 , eluent n-hexane \u00fe 0.5% of diethyl ether) of the reaction mixture gives pure acetylene as white crystals (3f) and cycloadducts mixture (4f) as colorless oil. ", "cite_spans": [], "ref_spans": [], "section": "Reaction of furan 1 with ethyl 3-bromopropiolate 1f"}], "bib_entries": {"BIBREF0": {"ref_id": "b0", "title": "CH 2 ), 1.35e1.31 (m, 3H, CH 2 CH 3 ), 1.12e1.10 (m, 1H, CH 2 ), 1.05e1.01 (m, 3H, CHCH 3 ). 13 C NMR (100 MHz", "authors": [], "year": null, "venue": "", "volume": "3", "issn": "", "pages": "", "other_ids": {}}, "BIBREF1": {"ref_id": "b1", "title": "C-8a, C-8a')", "authors": [], "year": null, "venue": "96.1 (C-4a'), 94.7 (C-4a)", "volume": "148", "issn": "", "pages": "", "other_ids": {}}, "BIBREF2": {"ref_id": "b2", "title": "C-6), 28.0 (C-6 0 )", "authors": [], "year": null, "venue": "", "volume": "29", "issn": "", "pages": "", "other_ids": {}}, "BIBREF7": {"ref_id": "b7", "title": "8-tetrahydronaphthalene-1-carboxylate (6f) This product was formed (196 mg, 60%) as yellow crystals", "authors": [], "year": null, "venue": "mp 105e107 C) from 0.327 g of cycloadducts 4f under storage and purified by flash chromatography", "volume": "6", "issn": "", "pages": "", "other_ids": {}}, "BIBREF9": {"ref_id": "b9", "title": "18 (s, 3H, CCH 3 ), 1.93e1.90 (m, 1H, H-6), 1.75e1.73 (m, 1H, CHCH 3 ), 1.40 (t, 3H, J \u00bc 8.0 Hz, CH 2 CH 3 ), 1.36e1.32 (m, 1H, H-6), 1.03 (d, 3H, J \u00bc 8.0 Hz, CHCH 3 ); 13 C NMR (100 MHz", "authors": [{"first": "J \u00bc 16", "middle": [], "last": "Hz ; M", "suffix": ""}, {"first": "1h", "middle": [], "last": "", "suffix": ""}, {"first": "H-", "middle": [], "last": "", "suffix": ""}], "year": null, "venue": "2.68e2.64 (m, 1H, H-8), 2.54e2.52 (m, 1H, H-5), 2.32e2.26 (m, 1H, H-8)", "volume": "2", "issn": "", "pages": "", "other_ids": {}}, "BIBREF11": {"ref_id": "b11", "title": "150 g, 1 mmol) and methyl-5-bromopenta-2,4-diynoate (2g) (0.177 g, 1 mmol) were ground at room temperature with a 10-fold amount (by weight) of Al 2 O 3 in a porcelain mortar for 10 min and allowed to stay at room temperature for 60 min. 1 H NMR analysis of crude reaction mixture shows that it contains only both isomeric cycloadducts 4g. TLC (SiO 2 , eluent -n-hexane: diethyl ether 1: 1) of the reaction mixture give bicyclic phenol 6g as light yellow oil", "authors": [], "year": null, "venue": "-bromo-3-hydroxy-4,7-dimethyldecahydronaphthalen-1-yl)propiolate (6g) Equimolar amounts of 3", "volume": "5", "issn": "", "pages": "", "other_ids": {}}, "BIBREF12": {"ref_id": "b12", "title": "Yield 34 mg (10%)", "authors": [], "year": null, "venue": "", "volume": "", "issn": "", "pages": "", "other_ids": {}}, "BIBREF13": {"ref_id": "b13", "title": "86 (s, 3H, OCH 3 ), 3.08e3.02 (m, 1H, CHCH 3", "authors": [], "year": null, "venue": "CDCl 3 ): d 5.56 (br, 1H, OH)", "volume": "3", "issn": "", "pages": "", "other_ids": {}}, "BIBREF15": {"ref_id": "b15", "title": "Targets in Heterocyclic Systems", "authors": [{"first": "B", "middle": ["A"], "last": "Trofimov", "suffix": ""}, {"first": "L", "middle": ["N"], "last": "Sobenina", "suffix": ""}], "year": 2009, "venue": "", "volume": "13", "issn": "", "pages": "92--119", "other_ids": {}}, "BIBREF29": {"ref_id": "b29", "title": "Sledeski AW. US2004192734 (A1)", "authors": [{"first": "H", "middle": ["W"], "last": "Pauls", "suffix": ""}, {"first": "S", "middle": ["A"], "last": "Aldous", "suffix": ""}, {"first": "G", "middle": ["H"], "last": "Merriman", "suffix": ""}, {"first": "R", "middle": ["A"], "last": "Farr", "suffix": ""}], "year": 2004, "venue": "", "volume": "", "issn": "", "pages": "", "other_ids": {}}, "BIBREF47": {"ref_id": "b47", "title": "US4240969 (A)", "authors": [{"first": "Z", "middle": ["U"], "last": "Din", "suffix": ""}, {"first": "T", "middle": ["L"], "last": "Ho", "suffix": ""}, {"first": "S", "middle": ["G"], "last": "Traynor", "suffix": ""}], "year": 1980, "venue": "", "volume": "", "issn": "", "pages": "", "other_ids": {}}}, "ref_entries": {"FIGREF0": {"text": "Scheme 3. Isomerization of cycloadduct 4a to 2-bromo-3hydroxytetrahydronaphthalene 6a.", "latex": null, "type": "figure"}, "FIGREF1": {"text": "Reaction of menthofuran 1 with bromopropiolate 2f in the Al 2 O 3 medium. Scheme 6. Reaction of menthofuran 1 with bromodiacetylene 2g in the Al 2 O 3 medium. Scheme 7. Possible reaction pathway. Scheme 8. Possible pathway of propenone 5 formation.", "latex": null, "type": "figure"}, "FIGREF2": {"text": "The furan derivatives, having no donor substituents.", "latex": null, "type": "figure"}, "FIGREF3": {"text": "d 7.85 (m, 2H, Ho-Ph'), 7.84 (m, 2H, Ho-Ph), 7.56 (m, 2H, Hp-Ph, Hp-Ph'), 7.45 (m, 4H, Hm-Ph, Hm-Ph'), 4.99 (s, 1H, H-2 0 ), 4.97 (s, 1H, H-2), 2.58 (m, 1H, H-8), 2.45 (m, 2H, H-8 0 ), 2.33 (m, 1H, H-5), 2.27 (m, 1H, H-8), 2.19 (m, 1H, H-6), 2.07 (m, 1H, H-5 0 ), 1.93 (m, 1H, H-5 0 ), 1.85 (m, 1H, H-7), 1.83 (d, J \u00bc 2.8 Hz, 3H, CCH 3 ), 1.82 (dd, J \u00bc 1.2, 2.0 Hz, 3H, CCH 3 0 ), 1.77 (m, 1H, H-7 0 ), 1.68 (m, 1H, H-6 0 ), 1.64 (m, 1H, H-7 0 ), 1.51 (m, 1H, H-5), 1.08 (m, 1H, H-7), 0.93 (d, J \u00bc 6.0 Hz, 3H, CHCH 3 0 ), 0.92 (d, J \u00bc 6.60 Hz, 3H, CHCH 3 ); 13 C NMR (100 MHz, CDCl 3 ): d 193.0 (C]O), 192.7 (C]O 0 ), 152.6 (C-4), 152.0 (C-4 0 ),", "latex": null, "type": "figure"}, "FIGREF4": {"text": "Yield 25 mg (10%), white crystals, Rf 0.62 (n-hexane-diethyl ether", "latex": null, "type": "figure"}, "TABREF0": {"text": "H NMR spectroscopic monitoring of reaction menthofuran with benzoylbromoacetylene in the different media. a Scheme 2. Reaction of menthofuran 1with benzoylbromoacetylene 2a in the NaCl medium. menthofuran 1 in the solid Al 2 O 3 to afford the acetylenic derivatives 3b-e in 40e88% yields (Scheme 4).", "latex": null, "type": "table"}, "TABREF1": {"text": "C NMR d \u00bc 77.16 ppm). The C, H, S microanalyses were performed on a Flash EA 1112 \u0421HNS-O/MAS analyzer. Br content was determined by combustion method. Melting point (uncorrected) was determined on a Kofler", "latex": null, "type": "table"}, "TABREF2": {"text": "H NMR spectroscopic monitoring of reaction of furan 1 with halobenzoylacetylenes in the Al 2 O 3 medium. a fold mass excess of the total mass of reagents), room temperature.", "latex": null, "type": "table"}, "TABREF4": {"text": "This product was formed (0.230 g, 64%) as yellow crystals (Rf 0.56 (n-hexane-diethyl ether, 2:1), mp 68e70 C) from 0.359 g of cycloadducts 4a under storage in n-hexane solution and purified by flash chromatography (SiO 2 , n-hexane);1 H NMR (400 MHz, CDCl 3 ): d 7.85e7.83 (m, 2H, Ho-Ph), 7.61e7.59 (m, 1H, Hp-Ph), 7.47e7.45 (m, 2H, Hm-Ph), 5.53 (br s, 1H, OH), 2.81 (m, 1H, H-5), 2.77 (m, 1H, H-8), 2.59 (m, 1H, H-5), 2.31 (m, 1H, H-8), 2.25 (s, 3H, CCH 3 ), 1.90 (m, 1H, H-6), 1.70 (m, 1H, CHCH 3 ), 1.35 (m, 1H, H-6), 0.91 (d, 3H, J \u00bc 5.8 Hz, CHCH 3 ); 13 C NMR (100 MHz, CDCl 3 ): d 197.2, 147.9, 137.0, 136.1, 134.0 (two signals), 129.8, 129.0 (two signals), 124.5, 104.4, 35.5, 30.9, 28.7, 27.5, 21.7, 12.5; IR n max 2921, 2873, 1671, 1589, 1446, 1409, 1336, 1283, 1225, 1087, 1007, 908, 832, 729, 690; Anal. Calcd for C 19 H 19 BrO 2 : C, 63.52; H, 5.33; Br, 22.24%; Found: C, 63.84; H, 5.51; Br, 22.51%. This product was isolated from the reaction of 3,6-dimethyl-4,5,6,7-tetrahydrobenzofuran (0.150 g, 1 mmol) and benzoylbromoacetylene (0.209 g, 1 mmol) when NaCl was used instead of Al 2 O 3 (See 4.2. general procedure); Yield 0.043 g (10%), yellow oil, Rf 0.4 (n-hexane-diethyl ether, 2:1); 1 H NMR (400 MHz, CDCl 3 ): d 7.76e7.74 (m, 2H, Ho-Ph), 7.39e7.36 (m, 1H, Hp-Ph), 7.31e7.29 (m, 2H, Hm-Ph), 6.84 (s, 1H, \u00bcCH), 2.76e2.71 (m, 1H, CHCH 3 ), 2.57e2.52 (m, 1H, CHCH 3 ), 2.36e1.84 (m, 12H, 6CH 2 ), 1.68 (s, 3H, CCH 3 ), 1.59 (s, 3H, CCH 3 ), 1.10 (d, 3H, J \u00bc 6.6 Hz, CHCH 3 ), 1.01 (d, 3H, J \u00bc 6.6 Hz, CHCH 3 ); 13 C NMR (100 MHz, CDCl 3 ): d 193.2, 153.2, 151.5, 145.8, 142.8, 139.9, 132.9, 131.3, 128.2, 127.8, 125.6, 123.8, 121.4, 119.5, 119.2, 31.7, 31.5, 31.2, 31.1, 29.6, 29.5, 21.5, 21.4, 20.1, 19.9, 9.5, 9.2; IR n max 3060, 2921, 2853, 1634, 1545, 1446, 1378, 1271, 1218, 1108, 1071, 1021, 913, 858, 732, 702, 647; Anal. Calcd for C 29 H 32 O 3 : C, 81.27; H, 7.53%; Found: C, 81.42; H, 7.85%.", "latex": null, "type": "table"}, "TABREF5": {"text": ", 2:1), mp 46e48 \u0421; 1 H NMR (400 MHz, CDCl 3 ): d 4.27 (q, 2H, J \u00bc 16 Hz, CH 2 CH 3 ), 2.69e2.64 (m, 1H, CHCH 3 ), 2.41e2.30 (m, 2H, CH 2 ), 2.20e2.14 (m, 1H, CH 2 ), 2.06 (s, 3H, CCH 3 ), 1.94e1.82 (m, 2H, CH 2 ), 1.40e1.35 (m, 1H, CH 2 ), 1.33 (t, 3H, J \u00bc 8.0 Hz, CH 2 CH 3 ), 1.07 (d, 3H, J \u00bc 8.0 Hz, CHCH 3 ); 13 C NMR (100 MHz, CDCl 3 ): d 155.6, 154.5, 133.5, 130.3, 119.5, 89.7, 78.5, 61.9, 31.8, 31.0, 29.4, 21.4, 19.9, 14.3, 9.4; IR n max 2951, 2924, 2873, 2855, 2192, 1706, 1549, 1455, 1371, 1293, 1210, 1025, 862, 742; Anal. Calcd for C 15 H 18 O 3 : C, 73.15; H, 7.37%; Found: C, 73.36; H, 7.62%. Yield 141 mg (43%), colorless oil, Rf 0.55 (n-hexane-diethyl ether, 2:1); 1 H NMR (400 MHz, CDCl 3 ): d 4.90 (s, 1H, CH 0 ), 4.88 (s, 1H, CH), 4.26e4.24 (m, 2H, CH 2 CH 3 ), 2.63e2.61 (m, 1H, CH 2 ), 2.60e2.58 (m, 1H, CH 2 ), 2.20e2.18 (m, 1H, CHCH 3 ), 1.92e1.88 (m, 1H, CH 2 ), 1.85e1.83 (m, 3H, CCH 3 ), 1.84e1.80 (m, 1H, CH 2 ), 1.51e1.47 (m, 1H,", "latex": null, "type": "table"}}, "back_matter": [{"text": "Authors acknowledge Baikal Analytical Center for collective use SB RAS for the equipment.", "cite_spans": [], "ref_spans": [], "section": "Acknowledgements"}, {"text": "Supplementary data related to this article can be found at https://doi.org/10.1016/j.tet.2018.02.024.", "cite_spans": [], "ref_spans": [], "section": "Appendix A. Supplementary data"}, {"text": "There are no conflicts of interest to declare.", "cite_spans": [], "ref_spans": [], "section": "Conflicts of interest"}]}