{
    "paper_id": "0c8e1f6e428a6688f68c4a989752d3f052b58677",
    "metadata": {
        "title": "Rapid communication Potential short-term outcome of an uncontrolled COVID-19 epidemic in Lombardy",
        "authors": [
            {
                "first": "Giorgio",
                "middle": [],
                "last": "Guzzetta\u00b9",
                "suffix": "",
                "affiliation": {},
                "email": ""
            },
            {
                "first": "Piero",
                "middle": [],
                "last": "Poletti\u00b9",
                "suffix": "",
                "affiliation": {},
                "email": ""
            },
            {
                "first": "Marco",
                "middle": [],
                "last": "Ajelli\u00b9",
                "suffix": "",
                "affiliation": {},
                "email": ""
            },
            {
                "first": "Filippo",
                "middle": [],
                "last": "Trentini\u00b9",
                "suffix": "",
                "affiliation": {},
                "email": ""
            },
            {
                "first": "Valentina",
                "middle": [],
                "last": "Marziano\u00b9",
                "suffix": "",
                "affiliation": {},
                "email": ""
            },
            {
                "first": "Danilo",
                "middle": [],
                "last": "Cereda\u00b2",
                "suffix": "",
                "affiliation": {},
                "email": ""
            },
            {
                "first": "Marcello",
                "middle": [],
                "last": "Tirani",
                "suffix": "",
                "affiliation": {
                    "laboratory": "Lombardy Region",
                    "institution": "UO Prevenzione",
                    "location": {
                        "settlement": "Milan",
                        "country": "Italy"
                    }
                },
                "email": ""
            },
            {
                "first": "Giulio",
                "middle": [],
                "last": "Diurno\u00b2",
                "suffix": "",
                "affiliation": {},
                "email": ""
            },
            {
                "first": "Annalisa",
                "middle": [],
                "last": "Bodina\u00b2",
                "suffix": "",
                "affiliation": {},
                "email": ""
            },
            {
                "first": "Antonio",
                "middle": [],
                "last": "Barone\u00b2",
                "suffix": "",
                "affiliation": {},
                "email": ""
            },
            {
                "first": "Lucia",
                "middle": [],
                "last": "Crottogini\u00b2",
                "suffix": "",
                "affiliation": {},
                "email": ""
            },
            {
                "first": "Maria",
                "middle": [],
                "last": "Gramegna\u00b2",
                "suffix": "",
                "affiliation": {},
                "email": ""
            },
            {
                "first": "Alessia",
                "middle": [],
                "last": "Melegaro",
                "suffix": "",
                "affiliation": {
                    "laboratory": "",
                    "institution": "Bocconi University",
                    "location": {
                        "settlement": "Milan",
                        "country": "Italy"
                    }
                },
                "email": ""
            },
            {
                "first": "Stefano",
                "middle": [],
                "last": "Merler",
                "suffix": "",
                "affiliation": {
                    "laboratory": "",
                    "institution": "Bruno Kessler Foundation",
                    "location": {
                        "settlement": "Trento",
                        "country": "Italy"
                    }
                },
                "email": ""
            },
            {
                "first": "Guzzetta",
                "middle": [],
                "last": "Giorgio",
                "suffix": "",
                "affiliation": {},
                "email": ""
            },
            {
                "first": "Poletti",
                "middle": [],
                "last": "Piero",
                "suffix": "",
                "affiliation": {},
                "email": ""
            },
            {
                "first": "Ajelli",
                "middle": [],
                "last": "Marco",
                "suffix": "",
                "affiliation": {},
                "email": ""
            },
            {
                "first": "Trentini",
                "middle": [],
                "last": "Filippo",
                "suffix": "",
                "affiliation": {},
                "email": ""
            },
            {
                "first": "Marziano",
                "middle": [],
                "last": "Valentina",
                "suffix": "",
                "affiliation": {},
                "email": ""
            },
            {
                "first": "Cereda",
                "middle": [],
                "last": "Danilo",
                "suffix": "",
                "affiliation": {},
                "email": ""
            },
            {
                "first": "Tirani",
                "middle": [],
                "last": "Marcello",
                "suffix": "",
                "affiliation": {},
                "email": ""
            },
            {
                "first": "Diurno",
                "middle": [],
                "last": "Giulio",
                "suffix": "",
                "affiliation": {},
                "email": ""
            },
            {
                "first": "Bodina",
                "middle": [],
                "last": "Annalisa",
                "suffix": "",
                "affiliation": {},
                "email": ""
            },
            {
                "first": "Barone",
                "middle": [],
                "last": "Antonio",
                "suffix": "",
                "affiliation": {},
                "email": ""
            },
            {
                "first": "Crottogini",
                "middle": [],
                "last": "Lucia",
                "suffix": "",
                "affiliation": {},
                "email": ""
            },
            {
                "first": "Gramegna",
                "middle": [],
                "last": "Maria",
                "suffix": "",
                "affiliation": {},
                "email": ""
            },
            {
                "first": "Melegaro",
                "middle": [],
                "last": "Alessia",
                "suffix": "",
                "affiliation": {},
                "email": ""
            }
        ]
    },
    "abstract": [
        {
            "text": "Sustained coronavirus disease transmission is ongoing in Italy, with 7,375 reported cases and 366 deaths by 8 March 2020. We provide a modelbased evaluation of patient records from Lombardy, predicting the impact of an uncontrolled epidemic on the healthcare system. It has the potential to cause more than 250,039 (95% credible interval (CrI): 147,717-459,890) cases within 3 weeks, including 37,194 (95% CrI: 22,632) patients requiring intensive care. Aggressive containment strategies are required.",
            "cite_spans": [],
            "ref_spans": [],
            "section": "Abstract"
        },
        {
            "text": "On 20 February 2020, a case of coronavirus disease (COVID-19) was notified in Lombardy, Italy, uncovering ongoing transmission in at least two other regions (Emilia Romagna and Veneto) [1]. To rapidly assess risks of the current situation, we analysed the line list of reported cases in Lombardy to project the number of cases, should the epidemic be left uncontrolled.",
            "cite_spans": [],
            "ref_spans": [],
            "section": "Abstract"
        },
        {
            "text": "We projected the number of COVID-19 cases in 593 municipalities of Lombardy where at least one case of community transmission (i.e. excluding cases in healthcare workers or known nosocomial exposure) had been recorded by 8 March 2020. These represented 39.4% of all municipalities in the region and a total population of ca 6.9 million inhabitants (68.8% of the Lombardy population). The projections were based on a stochastic susceptible-infectious-removed (SIR) transmission dynamic model for each municipality and assuming that no control measures were in place. The model considered a population structured in 20 age groups (19 5-year age groups from 0 to 94 years and one age group for \u2265 95-year-olds) according to municipality-specific age distributions [2]. The Polymod contact matrix for Italy was incorporated to simulate the heterogeneity of contacts by age [3] . The model considered three consecutive infectious compartments to simulate a gamma distributed generation time of a mean of 6.6 days [1], longer than estimates obtained for Chinese provinces outside Hubei [4]. R 0 was sampled from the posterior distribution estimated for Lombardy: mean: 3.1, 95% credible interval (CrI): 2.9-3.2 [1]. We assumed asymptomatic and symptomatic individuals to be equally infectious as shown by preliminary analysis of virological data from the same region [1].",
            "cite_spans": [
                {
                    "start": 868,
                    "end": 871,
                    "text": "[3]",
                    "ref_id": "BIBREF2"
                }
            ],
            "ref_spans": [],
            "section": "Abstract"
        },
        {
            "text": "We considered age-specific reporting and severity rates, which were estimated from the Lombardy line list. In particular, the fraction of reported infections at different ages r(a) was defined as where r m represents the overall fraction of reported infections in the population; i(a) is the proportion of expected infections in age a and p(a) is the proportion of cases reported in age group a. We computed i(a) as the average age distribution of cases at the end of 500 simulated epidemics in the model.",
            "cite_spans": [],
            "ref_spans": [],
            "section": "Abstract"
        },
        {
            "text": "Note that r(a) represents the probability that an infection occurring in age a is reported, while p(a) represents the contribution of reported cases of age a to the overall amount of reported cases. We estimated p(a) for seven age groups (0-19, 20-29, 30-39, 40-49, 50-59, 50-69 and \u2265 70 years). Only seven age groups were",
            "cite_spans": [],
            "ref_spans": [],
            "section": "Abstract"
        }
    ],
    "body_text": [
        {
            "text": "Sustained coronavirus disease (COVID-19) transmission is ongoing in Italy, with 7,375 reported cases and 366 deaths by 8 March 2020. We provide a modelbased evaluation of patient records from Lombardy, predicting the impact of an uncontrolled epidemic on the healthcare system. It has the potential to cause more than 250,039 (95% credible interval (CrI): 147,717-459,890) cases within 3 weeks, including 37,194 (95% CrI: 22,250-67,632) patients requiring intensive care. Aggressive containment strategies are required.",
            "cite_spans": [],
            "ref_spans": [],
            "section": ""
        },
        {
            "text": "On 20 February 2020, a case of coronavirus disease (COVID-19) was notified in Lombardy, Italy, uncovering ongoing transmission in at least two other regions (Emilia Romagna and Veneto) [1] . To rapidly assess risks of the current situation, we analysed the line list of reported cases in Lombardy to project the number of cases, should the epidemic be left uncontrolled.",
            "cite_spans": [
                {
                    "start": 185,
                    "end": 188,
                    "text": "[1]",
                    "ref_id": "BIBREF0"
                }
            ],
            "ref_spans": [],
            "section": ""
        },
        {
            "text": "We projected the number of COVID-19 cases in 593 municipalities of Lombardy where at least one case of community transmission (i.e. excluding cases in healthcare workers or known nosocomial exposure) had been recorded by 8 March 2020. These represented 39.4% of all municipalities in the region and a total population of ca 6.9 million inhabitants (68.8% of the Lombardy population). The projections were based on a stochastic susceptible-infectious-removed (SIR) transmission dynamic model for each municipality and assuming that no control measures were in place. The model considered a population structured in 20 age groups (19 5-year age groups from 0 to 94 years and one age group for \u2265 95-year-olds) according to municipality-specific age distributions [2] . The Polymod contact matrix for Italy was incorporated to simulate the heterogeneity of contacts by age [3] . The model considered three consecutive infectious compartments to simulate a gamma distributed generation time of a mean of 6.6 days [1] , longer than estimates obtained for Chinese provinces outside Hubei [4] . R 0 was sampled from the posterior distribution estimated for Lombardy: mean: 3.1, 95% credible interval (CrI): 2.9-3.2 [1] . We assumed asymptomatic and symptomatic individuals to be equally infectious as shown by preliminary analysis of virological data from the same region [1] .",
            "cite_spans": [
                {
                    "start": 760,
                    "end": 763,
                    "text": "[2]",
                    "ref_id": "BIBREF1"
                },
                {
                    "start": 869,
                    "end": 872,
                    "text": "[3]",
                    "ref_id": "BIBREF2"
                },
                {
                    "start": 1008,
                    "end": 1011,
                    "text": "[1]",
                    "ref_id": "BIBREF0"
                },
                {
                    "start": 1081,
                    "end": 1084,
                    "text": "[4]",
                    "ref_id": "BIBREF3"
                },
                {
                    "start": 1207,
                    "end": 1210,
                    "text": "[1]",
                    "ref_id": "BIBREF0"
                },
                {
                    "start": 1364,
                    "end": 1367,
                    "text": "[1]",
                    "ref_id": "BIBREF0"
                }
            ],
            "ref_spans": [],
            "section": "Epidemic projections"
        },
        {
            "text": "We considered age-specific reporting and severity rates, which were estimated from the Lombardy line list. In particular, the fraction of reported infections at different ages r(a) was defined as where r m represents the overall fraction of reported infections in the population; i(a) is the proportion of expected infections in age a and p(a) is the proportion of cases reported in age group a. We computed i(a) as the average age distribution of cases at the end of 500 simulated epidemics in the model.",
            "cite_spans": [],
            "ref_spans": [],
            "section": "Epidemic projections"
        },
        {
            "text": "Note that r(a) represents the probability that an infection occurring in age a is reported, while p(a) represents the contribution of reported cases of age a to the overall amount of reported cases. We estimated p(a) for seven age groups (0-19, 20-29, 30-39, 40-49, 50-59, 50-69 and \u2265 70 years). Only seven age groups were considered here in order to analyse a sufficiently large sample of reported cases for each age group. Estimates of p(a) were obtained by a Markov chain Monte Carlo (MCMC) sampling, applied to the multinomial likelihood of observing the reported number of cases C(a) in age group (a):",
            "cite_spans": [],
            "ref_spans": [],
            "section": "Epidemic projections"
        },
        {
            "text": "where C is the overall number of positive individuals. Specifically, the posterior distribution of p(a) was computed by using the random-walk Metropolis-Hastings algorithm based on normal jump distribution, which represents a common method to generate sequence of samples from an unknown probability distribution [5] .",
            "cite_spans": [
                {
                    "start": 313,
                    "end": 316,
                    "text": "[5]",
                    "ref_id": "BIBREF4"
                }
            ],
            "ref_spans": [],
            "section": "Epidemic projections"
        },
        {
            "text": "The relative risk of developing critical disease by age, z(a), was assumed to be proportional to the fraction of critical and deceased cases observed in the corresponding age group, v(a):",
            "cite_spans": [],
            "ref_spans": [],
            "section": "Epidemic projections"
        },
        {
            "text": "The proportion of reported cases of age a who develop critical disease, w(a), is given by w(a) = w m z(a), where w m represents the overall fraction of critical cases among reported cases. In the projections, we assumed r m = 9.2% (95% CrI: 5-20%) for the overall reporting rate [6] and w m = 15% for the overall proportion of reported cases requiring intensive care [1] .",
            "cite_spans": [
                {
                    "start": 279,
                    "end": 282,
                    "text": "[6]",
                    "ref_id": "BIBREF5"
                },
                {
                    "start": 367,
                    "end": 370,
                    "text": "[1]",
                    "ref_id": "BIBREF0"
                }
            ],
            "ref_spans": [],
            "section": "Epidemic projections"
        },
        {
            "text": "For each municipality, we initialised the model with a fully susceptible population and a single infectious individual, of age chosen with probability proportional to its age structure. Since we do not know when the initial infection was introduced in each municipality, we start our model with one infectious individual at day 1 of the simulation time. At a given day t of the simulation time, the cumulative number of confirmed cases in the model reaches the cumulative number of confirmed cases observed on 27 February in that municipality. We then assumed that day t of the simulation time corresponds to the calendar day 27 February, dated back the day of first introduction accordingly and projected the number of cases between 9 and 28 March 2020. Data reported in the line list after 27 February may still be incomplete because of reporting delays [1] . We filtered out all simulations that ended in stochastic extinction of the epidemic before 27 February and we ran the model until we had 500 valid simulations for each municipality. A validation of the model is shown in Figure 1 .",
            "cite_spans": [
                {
                    "start": 856,
                    "end": 859,
                    "text": "[1]",
                    "ref_id": "BIBREF0"
                }
            ],
            "ref_spans": [
                {
                    "start": 1082,
                    "end": 1090,
                    "text": "Figure 1",
                    "ref_id": null
                }
            ],
            "section": "Epidemic projections"
        },
        {
            "text": "The observed and modelled age distribution of reported and critical cases is shown in Figure 2 . About 63% (95% CrI: 60-66%) of critical cases were estimated to be individuals older than 70 years. In the absence of any intervention, we estimated that the number of new cases per day during the period 9-28 March would reach 19,060 (95% CrI: 9,898-41,491). A total of 250,039 (95% CrI: 147,717-459,890) reported cases were expected to occur between 9 and 28 March in the considered population of Lombardy (Figure 3 ). During the same period, the model estimated a total of 37,194 (95% CrI: 22,250-67,632) patients requiring critical care. As a comparison, the total number of COVID-19 cases recorded in the Lombardy line list by 23 March 2020 (in the presence of interventions) was 28,761, 20,043 of whom were symptomatic cases.",
            "cite_spans": [],
            "ref_spans": [
                {
                    "start": 86,
                    "end": 94,
                    "text": "Figure 2",
                    "ref_id": "FIGREF0"
                },
                {
                    "start": 504,
                    "end": 513,
                    "text": "(Figure 3",
                    "ref_id": null
                }
            ],
            "section": "Epidemic projections"
        },
        {
            "text": "Following the notification of a COVID-19 case in Lombardy on 20 February 2020, which triggered testing and detection of autochthonous transmission in at least two other regions (Emilia Romagna and Veneto), immediate control measures were adopted by regional and national governments, including the institution of quarantined zones on 23 February enclosing more than 50,000 inhabitants. Despite these measures, the spatial distribution of the epidemic expanded rapidly throughout the country. By 8 March, all Italian regions had reported at least one case, with seven regions reporting more than 100 cases and nine regions reporting at least one death. In Lombardy, the regional health authority started to fill in a line list of COVID-19-positive cases [1] , comprising 5,830 infections, with 5,626 confirmed symptomatic cases and 588 infections recorded among healthcare workers as at 8 March.",
            "cite_spans": [
                {
                    "start": 753,
                    "end": 756,
                    "text": "[1]",
                    "ref_id": "BIBREF0"
                }
            ],
            "ref_spans": [],
            "section": "Discussion"
        },
        {
            "text": "The ongoing COVID-19 outbreak in Italy and, particularly, in the Lombardy region has put the healthcare system under massive strain, given the rapid epidemic spread and the need to provide intensive care support to an increasing number of patients. Healthcare systems and policymakers had to face rapid decisions",
            "cite_spans": [],
            "ref_spans": [],
            "section": "Discussion"
        },
        {
            "text": "Observed and estimated cumulative number of reported coronavirus disease cases aggregated over 593 municipalities (population 6.9 million), Lombardy, 1-27 February 2020 (n = 1,400 observed cases) to contain the contagion process and limit the number of fatalities. Here we presented epidemic projections assuming no interventions and R 0 = 3.1. This value of the basic reproduction number was estimated in Cereda et al. [1] , analysing the exponential phase of the epidemic in Lombardy; it compares well to the estimates obtained during the early epidemic phase in Wuhan, China [7] .",
            "cite_spans": [
                {
                    "start": 420,
                    "end": 423,
                    "text": "[1]",
                    "ref_id": "BIBREF0"
                },
                {
                    "start": 578,
                    "end": 581,
                    "text": "[7]",
                    "ref_id": "BIBREF6"
                }
            ],
            "ref_spans": [],
            "section": "Figure 1"
        },
        {
            "text": "The still limited knowledge on COVID-19 epidemiology in Italy certainly represents a limitation of this study as some parameters such as the overall reporting rate and the overall proportion of reported cases requiring intensive care were estimated in the Chinese context [4, 6] . Based on the analysis of Chinese contact data, we considered that children are as likely to be infected as adults [8, 9] . Moreover, we assumed no differences in infectiousness between symptomatic and asymptomatic infected individuals. Although this choice was supported by the analysis of virological data presented by Cereda et al. [1] , further evidence is required to fully validate this hypothesis. Finally, we did not consider potential temporal trends in the reporting rate and delays in the development of symptoms requiring intensive care. It is also possible that our projections underestimate the potential impact of an uncontrolled Vertical lines represent 95% credible intervals of model estimates.",
            "cite_spans": [
                {
                    "start": 272,
                    "end": 275,
                    "text": "[4,",
                    "ref_id": "BIBREF3"
                },
                {
                    "start": 276,
                    "end": 278,
                    "text": "6]",
                    "ref_id": "BIBREF5"
                },
                {
                    "start": 395,
                    "end": 398,
                    "text": "[8,",
                    "ref_id": "BIBREF7"
                },
                {
                    "start": 399,
                    "end": 401,
                    "text": "9]",
                    "ref_id": "BIBREF8"
                },
                {
                    "start": 615,
                    "end": 618,
                    "text": "[1]",
                    "ref_id": "BIBREF0"
                }
            ],
            "ref_spans": [],
            "section": "Figure 1"
        },
        {
            "text": "Projected daily number of reported and critical cases, aggregated over 593 municipalities, Lombardy, 9 and 28 March 2020 epidemic, as we do not allow for contacts between individuals in different municipalities (which may reignite transmission in locations where the infection becomes stochastically extinct) and we assumed that the infection did not spread further to other municipalities inside and outside Lombardy.",
            "cite_spans": [],
            "ref_spans": [],
            "section": "Figure 3"
        },
        {
            "text": "Even in the presence of the above limitations, the simulated cumulative number of cases between 28 January and 27 February well compares with data (for each considered day, data points fall in the credible interval of model estimates). The presented results show that in a scenario of uncontrolled transmission, the number of severe and critical cases will become largely unsustainable for the healthcare system in a very short time. Drastic governmental interventions and widespread behavioural changes of the population are required to limit COVID-19 transmission and avoid catastrophic effects on the healthcare system.",
            "cite_spans": [],
            "ref_spans": [],
            "section": "Figure 3"
        }
    ],
    "bib_entries": {
        "BIBREF0": {
            "ref_id": "b0",
            "title": "The early phase of the COVID-19 outbreak in Lombardy, Italy",
            "authors": [
                {
                    "first": "D",
                    "middle": [],
                    "last": "Cereda",
                    "suffix": ""
                },
                {
                    "first": "M",
                    "middle": [],
                    "last": "Tirani",
                    "suffix": ""
                },
                {
                    "first": "F",
                    "middle": [],
                    "last": "Rovida",
                    "suffix": ""
                },
                {
                    "first": "V",
                    "middle": [],
                    "last": "Demicheli",
                    "suffix": ""
                },
                {
                    "first": "M",
                    "middle": [],
                    "last": "Ajelli",
                    "suffix": ""
                },
                {
                    "first": "P",
                    "middle": [],
                    "last": "Poletti",
                    "suffix": ""
                }
            ],
            "year": 2020,
            "venue": "",
            "volume": "",
            "issn": "",
            "pages": "",
            "other_ids": {}
        },
        "BIBREF1": {
            "ref_id": "b1",
            "title": "Popolazione residente per et\u00e0, sesso e stato civile al 1\u00b0 Gennaio",
            "authors": [],
            "year": 2019,
            "venue": "",
            "volume": "",
            "issn": "",
            "pages": "",
            "other_ids": {}
        },
        "BIBREF2": {
            "ref_id": "b2",
            "title": "Social contacts and mixing patterns relevant to the spread of infectious diseases",
            "authors": [
                {
                    "first": "J",
                    "middle": [],
                    "last": "Mossong",
                    "suffix": ""
                },
                {
                    "first": "N",
                    "middle": [],
                    "last": "Hens",
                    "suffix": ""
                },
                {
                    "first": "M",
                    "middle": [],
                    "last": "Jit",
                    "suffix": ""
                },
                {
                    "first": "P",
                    "middle": [],
                    "last": "Beutels",
                    "suffix": ""
                },
                {
                    "first": "K",
                    "middle": [],
                    "last": "Auranen",
                    "suffix": ""
                },
                {
                    "first": "R",
                    "middle": [],
                    "last": "Mikolajczyk",
                    "suffix": ""
                }
            ],
            "year": 2008,
            "venue": "PLoS Med",
            "volume": "5",
            "issn": "3",
            "pages": "",
            "other_ids": {
                "DOI": [
                    "10.1371/journal.pmed.0050074"
                ],
                "PMID": [
                    "18366252"
                ]
            }
        },
        "BIBREF3": {
            "ref_id": "b3",
            "title": "Evolving epidemiology of novel coronavirus diseases 2019 and possible interruption of local transmission outside Hubei Province in China: a descriptive and modeling study. medRxiv 2020.02.21",
            "authors": [
                {
                    "first": "J",
                    "middle": [],
                    "last": "Zhang",
                    "suffix": ""
                },
                {
                    "first": "M",
                    "middle": [],
                    "last": "Litvinova",
                    "suffix": ""
                },
                {
                    "first": "W",
                    "middle": [],
                    "last": "Wang",
                    "suffix": ""
                },
                {
                    "first": "Y",
                    "middle": [],
                    "last": "Wang",
                    "suffix": ""
                },
                {
                    "first": "X",
                    "middle": [],
                    "last": "Deng",
                    "suffix": ""
                },
                {
                    "first": "X",
                    "middle": [],
                    "last": "Chen",
                    "suffix": ""
                }
            ],
            "year": 2002,
            "venue": "",
            "volume": "",
            "issn": "",
            "pages": "",
            "other_ids": {
                "DOI": [
                    "10.1101/2020.02.21.20026328"
                ]
            }
        },
        "BIBREF4": {
            "ref_id": "b4",
            "title": "A Bayesian MCMC approach to study transmission of influenza: application to household longitudinal data",
            "authors": [
                {
                    "first": "S",
                    "middle": [],
                    "last": "Cauchemez",
                    "suffix": ""
                },
                {
                    "first": "F",
                    "middle": [],
                    "last": "Carrat",
                    "suffix": ""
                },
                {
                    "first": "C",
                    "middle": [],
                    "last": "Viboud",
                    "suffix": ""
                },
                {
                    "first": "A",
                    "middle": [
                        "J"
                    ],
                    "last": "Valleron",
                    "suffix": ""
                },
                {
                    "first": "P",
                    "middle": [
                        "Y"
                    ],
                    "last": "Bo\u00eblle",
                    "suffix": ""
                }
            ],
            "year": 2004,
            "venue": "Stat Med",
            "volume": "23",
            "issn": "22",
            "pages": "3469--87",
            "other_ids": {
                "DOI": [
                    "10.1002/sim.1912"
                ],
                "PMID": [
                    "15505892"
                ]
            }
        },
        "BIBREF5": {
            "ref_id": "b5",
            "title": "The rate of under ascertainment of novel coronavirus (2019-nCoV) infection: Estimation using Japanese passengers data on evacuation flights",
            "authors": [
                {
                    "first": "H",
                    "middle": [],
                    "last": "Nishiura",
                    "suffix": ""
                },
                {
                    "first": "T",
                    "middle": [],
                    "last": "Kobayashi",
                    "suffix": ""
                },
                {
                    "first": "Y",
                    "middle": [],
                    "last": "Yang",
                    "suffix": ""
                },
                {
                    "first": "K",
                    "middle": [],
                    "last": "Hayashi",
                    "suffix": ""
                },
                {
                    "first": "T",
                    "middle": [],
                    "last": "Miyama",
                    "suffix": ""
                },
                {
                    "first": "R",
                    "middle": [],
                    "last": "Kinoshita",
                    "suffix": ""
                }
            ],
            "year": 2020,
            "venue": "J Clin Med",
            "volume": "9",
            "issn": "2",
            "pages": "",
            "other_ids": {
                "DOI": [
                    "10.3390/jcm9020419"
                ]
            }
        },
        "BIBREF6": {
            "ref_id": "b6",
            "title": "Early transmission dynamics in Wuhan, China, of novel coronavirusinfected pneumonia",
            "authors": [
                {
                    "first": "Q",
                    "middle": [],
                    "last": "Li",
                    "suffix": ""
                },
                {
                    "first": "X",
                    "middle": [],
                    "last": "Guan",
                    "suffix": ""
                },
                {
                    "first": "P",
                    "middle": [],
                    "last": "Wu",
                    "suffix": ""
                },
                {
                    "first": "X",
                    "middle": [],
                    "last": "Wang",
                    "suffix": ""
                },
                {
                    "first": "L",
                    "middle": [],
                    "last": "Zhou",
                    "suffix": ""
                },
                {
                    "first": "Y",
                    "middle": [],
                    "last": "Tong",
                    "suffix": ""
                }
            ],
            "year": 2020,
            "venue": "N Engl J Med",
            "volume": "",
            "issn": "",
            "pages": "",
            "other_ids": {
                "DOI": [
                    "10.1056/NEJMoa2001316"
                ],
                "PMID": [
                    "31995857"
                ]
            }
        },
        "BIBREF7": {
            "ref_id": "b7",
            "title": "Characteristics of and important lessons from the coronavirus disease 2019 (COVID-19) outbreak in china: summary of a report of 72 314 cases from the Chinese Center for Disease Control and Prevention",
            "authors": [
                {
                    "first": "Z",
                    "middle": [],
                    "last": "Wu",
                    "suffix": ""
                },
                {
                    "first": "J",
                    "middle": [
                        "M"
                    ],
                    "last": "Mcgoogan",
                    "suffix": ""
                }
            ],
            "year": 2020,
            "venue": "JAMA",
            "volume": "",
            "issn": "",
            "pages": "",
            "other_ids": {
                "DOI": [
                    "10.1001/jama.2020.2648"
                ],
                "PMID": [
                    "32091533"
                ]
            }
        },
        "BIBREF8": {
            "ref_id": "b8",
            "title": "Epidemiology and transmission of COVID-19 in Shenzhen China: analysis of 391 cases and 1,286 of their close contacts",
            "authors": [
                {
                    "first": "Q",
                    "middle": [],
                    "last": "Bi",
                    "suffix": ""
                },
                {
                    "first": "Y",
                    "middle": [],
                    "last": "Wu",
                    "suffix": ""
                },
                {
                    "first": "S",
                    "middle": [],
                    "last": "Mei",
                    "suffix": ""
                },
                {
                    "first": "C",
                    "middle": [],
                    "last": "Ye",
                    "suffix": ""
                },
                {
                    "first": "X",
                    "middle": [],
                    "last": "Zou",
                    "suffix": ""
                },
                {
                    "first": "Z",
                    "middle": [],
                    "last": "Zhang",
                    "suffix": ""
                }
            ],
            "year": 2002,
            "venue": "",
            "volume": "",
            "issn": "",
            "pages": "",
            "other_ids": {
                "DOI": [
                    "10.1101/2020.03.03.20028423"
                ]
            }
        }
    },
    "ref_entries": {
        "FIGREF0": {
            "text": "Age Reported cases vs corresponding model estimates B. Patients either deceased or requiring intensive care vs model estimates for patients requiring critical care",
            "latex": null,
            "type": "figure"
        },
        "TABREF1": {
            "text": "A. Reported cases B. Critical cases, by age groupBars: mean estimates; vertical lines: 95% of credible interval associated with uncertainties in values of R 0 , the overall reporting rate r m , as well as the variability of the stochastic model realisations.",
            "latex": null,
            "type": "table"
        }
    },
    "back_matter": [
        {
            "text": "H2020 Mood Project.",
            "cite_spans": [],
            "ref_spans": [],
            "section": "Acknowledgements"
        },
        {
            "text": "None declared.",
            "cite_spans": [],
            "ref_spans": [],
            "section": "Conflict of interest"
        },
        {
            "text": "GG conceived of the study, performed the analysis, contributed to interpret results, drafted the manuscript. PP performed the analysis, contributed to interpret results, drafted the manuscript. MA conceived of the study, contributed to interpret results, drafted the manuscript. FT performed the analysis, contributed to interpret results, drafted the manuscript. VM performed the analysis, contributed to interpret results, drafted the manuscript. DC contributed to interpret results, MT contributed to interpret results, GD data management, contributed to interpret results, ABo contributed to interpret results, ABa contributed to interpret results, LC contributed to interpret results, MG contributed to interpret results, AM performed the analysis, contributed to interpret results, drafted the manuscript. SM conceived of the study, contributed to interpret results, drafted the manuscript.This is an open-access article distributed under the terms of the Creative Commons Attribution (CC BY 4.0) Licence. You may share and adapt the material, but must give appropriate credit to the source, provide a link to the licence and indicate if changes were made.Any supplementary material referenced in the article can be found in the online version.",
            "cite_spans": [],
            "ref_spans": [],
            "section": "Authors' contributions"
        }
    ]
}