{"paper_id": "0c95f3083af8f4daf852527cc3d25b6b8af3a54c", "metadata": {"title": "Automated TruTip nucleic acid extraction and purification from raw sputum", "authors": [{"first": "Nitu", "middle": [], "last": "Thakore", "suffix": "", "affiliation": {"laboratory": "", "institution": "Akonni Biosystems, Inc", "location": {"settlement": "Frederick", "region": "Maryland", "country": "United States of America"}}, "email": ""}, {"first": "Ryan", "middle": [], "last": "Norville", "suffix": "", "affiliation": {"laboratory": "", "institution": "Akonni Biosystems, Inc", "location": {"settlement": "Frederick", "region": "Maryland", "country": "United States of America"}}, "email": ""}, {"first": "Molly", "middle": [], "last": "Franke", "suffix": "", "affiliation": {"laboratory": "", "institution": "Harvard Medical School", "location": {"addrLine": "3 Socios", "settlement": "Boston", "region": "Massachusetts", "country": "United States of America"}}, "email": ""}, {"first": "Roger", "middle": [], "last": "Calderon", "suffix": "", "affiliation": {}, "email": ""}, {"first": "Leonid", "middle": [], "last": "Lecca", "suffix": "", "affiliation": {"laboratory": "", "institution": "Harvard Medical School", "location": {"addrLine": "3 Socios", "settlement": "Boston", "region": "Massachusetts", "country": "United States of America"}}, "email": ""}, {"first": "Michael", "middle": [], "last": "Villanueva", "suffix": "", "affiliation": {}, "email": ""}, {"first": "Megan", "middle": ["B"], "last": "Murray", "suffix": "", "affiliation": {"laboratory": "", "institution": "Harvard Medical School", "location": {"addrLine": "3 Socios", "settlement": "Boston", "region": "Massachusetts", "country": "United States of America"}}, "email": ""}, {"first": "Christopher", "middle": ["G"], "last": "Cooney", "suffix": "", "affiliation": {"laboratory": "", "institution": "Akonni Biosystems, Inc", "location": {"settlement": "Frederick", "region": "Maryland", "country": "United States of America"}}, "email": ""}, {"first": "Darrell", "middle": ["P"], "last": "Chandler", "suffix": "", "affiliation": {"laboratory": "", "institution": "Akonni Biosystems, Inc", "location": {"settlement": "Frederick", "region": "Maryland", "country": "United States of America"}}, "email": ""}, {"first": "Rebecca", "middle": ["C"], "last": "Holmberg", "suffix": "", "affiliation": {"laboratory": "", "institution": "Akonni Biosystems, Inc", "location": {"settlement": "Frederick", "region": "Maryland", "country": "United States of America"}}, "email": "rholmberg@akonni.com"}, {"first": "En", "middle": [], "last": "Salud", "suffix": "", "affiliation": {}, "email": ""}, {"first": "Sucursal", "middle": [], "last": "Per\u00fa", "suffix": "", "affiliation": {}, "email": ""}, {"first": "", "middle": [], "last": "Carabayllo", "suffix": "", "affiliation": {}, "email": ""}, {"first": "", "middle": [], "last": "Lima", "suffix": "", "affiliation": {}, "email": ""}, {"first": "Laboratorios", "middle": [], "last": "Medicos", "suffix": "", "affiliation": {}, "email": ""}, {"first": "", "middle": [], "last": "Juarez", "suffix": "", "affiliation": {}, "email": ""}, {"first": "", "middle": [], "last": "Mexico", "suffix": "", "affiliation": {}, "email": ""}]}, "abstract": [{"text": "Automated nucleic acid extraction from primary (raw) sputum continues to be a significant technical challenge for molecular diagnostics. In this work, we developed a prototype openarchitecture, automated nucleic acid workstation that includes a mechanical homogenization and lysis function integrated with heating and TruTip purification; optimized an extraction protocol for raw sputum; and evaluated system performance on primary clinical specimens. Eight samples could be processed within 70 min. The system efficiently homogenized primary sputa and doubled nucleic acid recovery relative to an automated protocol that did not incorporate sample homogenization. Nucleic acid recovery was at least five times higher from raw sputum as compared to that of matched sediments regardless of smear or culture grade, and the automated workstation reproducibly recovered PCR-detectable DNA to at least 80 CFU mL -1 raw sputum. M. tuberculosis DNA was recovered and detected from 122/123 (99.2%) and 124/124 (100%) primary sputum and sediment extracts, respectively. There was no detectable cross-contamination across 53 automated system runs and amplification or fluorescent inhibitors (if present) were not detectable. The open fluidic architecture of the prototype automated workstation yields purified sputum DNA that can be used for any molecular diagnostic test. The ability to transfer TruTip protocols between personalized, on-demand pipetting tools and the fully automated workstation also affords public health agencies an opportunity to standardize sputum nucleic acid sample preparation procedures, reagents, and quality control across multiple levels of the health care system.", "cite_spans": [], "ref_spans": [], "section": "Abstract"}], "body_text": [{"text": "Nucleic acid technologies are having a significant impact on the diagnosis, treatment, and control of drug-resistant Mycobacterium tuberculosis (M. tuberculosis), and there is a growing emphasis on developing and deploying molecular diagnostics outside of reference laboratories and closer to the point of need (e.g., [1, 2] ). Most tests for diagnosing pulmonary tuberculosis a1111111111 a1111111111 a1111111111 a1111111111 a1111111111 are performed on sputum [2] [3] [4] , which as clinical sample matrix is also important for managing cyctic fibrosis patients [5, 6] ; detecting and diagnosing respiratory viruses [7, 8] , pneumonia [9] , and other lower respiratory tract infections [10] ; and even lung cancer diagnosis or screening [11] .", "cite_spans": [{"start": 318, "end": 321, "text": "[1,", "ref_id": "BIBREF0"}, {"start": 322, "end": 324, "text": "2]", "ref_id": "BIBREF1"}, {"start": 461, "end": 464, "text": "[2]", "ref_id": "BIBREF1"}, {"start": 465, "end": 468, "text": "[3]", "ref_id": "BIBREF2"}, {"start": 469, "end": 472, "text": "[4]", "ref_id": "BIBREF3"}, {"start": 563, "end": 566, "text": "[5,", "ref_id": "BIBREF4"}, {"start": 567, "end": 569, "text": "6]", "ref_id": "BIBREF5"}, {"start": 617, "end": 620, "text": "[7,", "ref_id": "BIBREF6"}, {"start": 621, "end": 623, "text": "8]", "ref_id": "BIBREF7"}, {"start": 636, "end": 639, "text": "[9]", "ref_id": "BIBREF8"}, {"start": 687, "end": 691, "text": "[10]", "ref_id": "BIBREF9"}, {"start": 738, "end": 742, "text": "[11]", "ref_id": "BIBREF10"}], "ref_spans": [], "section": "Introduction"}, {"text": "At the intersection of a clinical specimen and the molecular diagnostic is the oft-overlooked problem of nucleic acid sample preparation. While there is no shortage of manual sample preparation methods for use in reference or hospital laboratories [12] [13] [14] [15] [16] [17] [18] [19] , the specific combination of M. tuberculosis and primary (raw) sputum presents a number of technical and logistical challenges for automated sample preparation systems and sample-to-answer diagnostic devices because sputum is a complex, viscous, clumpy and non-homogenous sample that contains mucus, human cells, non-target bacteria and viruses, blood and pus [17, 20, 21] , and the M. tuberculosis cell wall is difficult to lyse with chemical-based nucleic acid extraction kits [22] [23] [24] [25] . For these reasons, mechanical sample homogenization and cell lysis (sonication, bead beating or bead blending) are often used to prepare sputum samples for nucleic acid tests, as these methods tend to improve DNA recovery relative to purely chemical or enzymatic processes [12, 17, 19, 22, 23, 26] .", "cite_spans": [{"start": 248, "end": 252, "text": "[12]", "ref_id": "BIBREF11"}, {"start": 253, "end": 257, "text": "[13]", "ref_id": "BIBREF12"}, {"start": 258, "end": 262, "text": "[14]", "ref_id": "BIBREF13"}, {"start": 263, "end": 267, "text": "[15]", "ref_id": "BIBREF14"}, {"start": 268, "end": 272, "text": "[16]", "ref_id": "BIBREF15"}, {"start": 273, "end": 277, "text": "[17]", "ref_id": "BIBREF16"}, {"start": 278, "end": 282, "text": "[18]", "ref_id": "BIBREF17"}, {"start": 283, "end": 287, "text": "[19]", "ref_id": "BIBREF18"}, {"start": 649, "end": 653, "text": "[17,", "ref_id": "BIBREF16"}, {"start": 654, "end": 657, "text": "20,", "ref_id": "BIBREF19"}, {"start": 658, "end": 661, "text": "21]", "ref_id": "BIBREF20"}, {"start": 768, "end": 772, "text": "[22]", "ref_id": "BIBREF21"}, {"start": 773, "end": 777, "text": "[23]", "ref_id": "BIBREF22"}, {"start": 778, "end": 782, "text": "[24]", "ref_id": "BIBREF23"}, {"start": 783, "end": 787, "text": "[25]", "ref_id": "BIBREF24"}, {"start": 1063, "end": 1067, "text": "[12,", "ref_id": "BIBREF11"}, {"start": 1068, "end": 1071, "text": "17,", "ref_id": "BIBREF16"}, {"start": 1072, "end": 1075, "text": "19,", "ref_id": "BIBREF18"}, {"start": 1076, "end": 1079, "text": "22,", "ref_id": "BIBREF21"}, {"start": 1080, "end": 1083, "text": "23,", "ref_id": "BIBREF22"}, {"start": 1084, "end": 1087, "text": "26]", "ref_id": "BIBREF25"}], "ref_spans": [], "section": "Introduction"}, {"text": "Unfortunately, commercially available sample preparation devices lack an integrated mechanical homogenization and lysis function that is important for extracting M. tuberculosis DNA from raw sputum, irrespective of the sample preparation chemistry or extraction method (beads, columns, filters). Even in high resource settings and within the context of centralized testing labs, then, there is still a need for a simple, flexible, automated nucleic acid extraction system that can process raw sputum. The objectives of this work were therefore to 1) design and develop a prototype benchtop, automated nucleic acid workstation with an integrated mechanical homogenizer/lysis function that would meet many of the user needs or requirements defined by the TB community (as summarized in [2, 4] ); 2) optimize an automated extraction protocol for raw sputum that generates purified DNA suitable for down-stream nucleic acid amplification and analysis; 3) establish analytical performance metrics for the system and method; and 4) evaluate the system behavior and potential clinical utility on primary sputum specimens, with an emphasis on known or suspected TB-positive patients.", "cite_spans": [{"start": 784, "end": 787, "text": "[2,", "ref_id": "BIBREF1"}, {"start": 788, "end": 790, "text": "4]", "ref_id": "BIBREF3"}], "ref_spans": [], "section": "Introduction"}, {"text": "Purified M. tuberculosis H37Ra genomic DNA was purchased from the American Type Culture Collection (ATCC, Manassas, VA; #25177D-5), re-suspended in molecular biology grade water, and quantified on a NanoDrop 3300 fluorometer and frozen at -20\u02daC until use. M. tuberculosis H37Ra cells were purchased from ATCC (#25177) and grown on solid culture LJ slants (Becton Dickenson, Sparks, MD; catalogue #220908) for up to 8 weeks. Individual colonies were further propagated in 7H9 broth (BD, catalogue #221832) containing glycerol and 0.05% Tween-80 to a turbidity of approximately 1 McFarland (~2 x 10 8 cells mL -1 ). Cultured cells were de-clumped by vortexing for 1 min in the presence of 3 mm glass beads [27] , serially diluted in 7H9 broth, and quantified in CFU mL -1 by plating cell dilutions on 7H10 agar (BD, #221174). Quantified cell suspensions and dilutions were frozen at -20\u02daC until use.", "cite_spans": [{"start": 704, "end": 708, "text": "[27]", "ref_id": "BIBREF26"}], "ref_spans": [], "section": "Reference materials and cell culture"}, {"text": "De-identified, TB-negative sputum remnants from (symptomatic) cystic fibrosis patients were purchased from BioreclamationIVT (Baltimore, MD) and stored at -20\u02daC. Sputum remnants (3 mL each) were heterogenous in color, viscosity, and clumpiness. Unprocessed remnants were used to prepare spiked samples for system development, assay optimization, and analytical performance tests. the specified authors, but did not have any additional role in the study design, data collection and analysis, decision to publish, or preparation of the manuscript. The specific roles of these authors are articulated in the 'author contributions' section.", "cite_spans": [], "ref_spans": [], "section": "Reference materials and cell culture"}, {"text": "Competing interests: Nitu Thakore \u00c3 , Ryan Norville, Christopher Cooney \u00c3 \u00a5, Darrell Chandler \u00c3 , and Rebecca Holmberg\u00a5 are all employees of Akonni Biosystems. Akonni Biosystems intends to manufacture the automated workstation as a commercial product. Those with asterisks are also shareholders of Akonni Biosystems. Those with \u00a5 have patents related to the extraction technology used in this research. This affiliation does not alter our adherence to PLOS ONE policies on sharing data and materials.", "cite_spans": [], "ref_spans": [], "section": "Reference materials and cell culture"}, {"text": "The TruTip is based on a rigid, monolithic, highly porous silica binding matrix embedded within an aerosol-resistant pipette tip, as described elsewhere [28] . TruTip procedures and reagents are predicated on the well-established Boom chemistry [29] and involve a chaotropic lysis/binding buffer, wash buffer(s), and a low-salt elution buffer. All TruTip and automated workstation consumables, reagents, and materials were manufactured by Akonni Biosystems. 1.2 mL SPT TruTips (# 302-80021) were used for all experiments, and starting reagents were taken from the Akonni TruTip gDNA Blood Extraction Kit (# 300-20341, and as described in [30] ). Stand-alone 1 mL flat-bottomed polyethylene sample lysis tubes were prepared with 0.3 g inert particles and magnetic stir disc (# 402-00100), and stand-alone 2.2 mL heater tubes (# 402-002) were pre-filled with the guanidium-based lysis buffer. Thereafter, each row of a polypropylene 96-well deep-well reagent plate (USA Scientific #1896-2110) was pre-filled with all remaining reagents necessary to perform nucleic acid binding, wash, and elution functions. Reagent plates were sealed with a pierceable foil seal for routine sample processing.", "cite_spans": [{"start": 153, "end": 157, "text": "[28]", "ref_id": "BIBREF27"}, {"start": 245, "end": 249, "text": "[29]", "ref_id": "BIBREF28"}, {"start": 638, "end": 642, "text": "[30]", "ref_id": "BIBREF29"}], "ref_spans": [], "section": "Automated TruTip materials and reagents"}, {"text": "Patients receiving care at three health centers in Lima, Peru and whose sputa tested positive for acid fast bacilli (AFB) by Ziehl Neelsen smear microscopy were invited to provide an additional sample for research purposes. The protocol was approved by the Harvard Faculty of Medicine institutional review board and by the ethics committee of the Peru National Institutes of Health. All participants provided written informed consent before additional samples were collected. All primary specimens samples (~5-10 mL each) were collected and handled under BSL-2 controls, while all M. tuberculosis cultures were performed under BSL-3 controls at Socios En Salud Sucursal Per\u00fa. Approximately 2 mL of each primary sputum was decontaminated in freshly prepared 2% NaOH-0.25% n-acetyl-L-cysteine (NALC) for 15 min at room temperature, and neutralized by diluting to 50 mL total volume in phosphate buffered saline (PBS). Cells were collected by centrifugation at 3,000 x g for 30 min and re-suspended in 1.5 mL PBS, after which 0.2 mL of the decontaminated sediment suspension was inoculated onto replicate solid culture LJ slants. Slants were incubated at 37\u02daC for up to 8 weeks, and smear microscopy was performed on culture positive samples to confirm the presence of M. tuberculosis.", "cite_spans": [], "ref_spans": [], "section": "Clinical samples"}, {"text": "A subset of samples was processed on the automated TruTip workstation on-site in Lima, Peru. The remaining volume of de-identified primary sputa and their paired sediment samples were shipped to Akonni on dry ice under an approved CDC import permit and stored at -80\u02daC until use.", "cite_spans": [], "ref_spans": [], "section": "Clinical samples"}, {"text": "Numerous, iterative instrument designs and experiments were performed to arrive at the prototype workstation and optimized protocol described here. The prototype workstation and design/engineering rationale are described in the results and discussion, below.", "cite_spans": [], "ref_spans": [], "section": "Automated nucleic acid extraction"}, {"text": "Before extraction, approximately 1 mL of raw sputum was liquefied with 80 \u03bcL of an enzymatic liquefaction buffer for 20 min at 56\u02daC. Thereafter, 0.5 mL liquefied sputum or sediment was manually transferred to a sample lysis tube (within the confines of a biosafety cabinet) and sealed with a pierceable foil cover before loading lysis tubes onto the automated workstation. The optimized, automated protocol is outlined in Table 1 . Eight samples could be extracted in parallel within 70 min of launching the automated program. Paired sediment suspensions (500 \u03bcL) were processed in identical fashion except that sediments did not undergo the enzymatic liquefaction step. Water blanks were used as independent, external negative controls for each run. Purified nucleic acids were eluted from the TruTip in 100 \u03bcL of 10 mM Tris-HCl (pH 8.0). Purified DNA was stored at -20\u02daC until use.", "cite_spans": [], "ref_spans": [{"start": 422, "end": 429, "text": "Table 1", "ref_id": "TABREF0"}], "section": "Automated nucleic acid extraction"}, {"text": "A Norgen Biotek Sputum DNA Purification Kit (Ontario, Canada; #46200) served as a reference extraction method to evaluate automated TruTip performance on simulated (spiked) sputum samples. Briefly, 1 mL of contrived sample was liquefied by adding an equal volume of 100 \u03bcg mL -1 dithiothreitol and heating at 37\u02daC for 20 minutes. The entire volume of liquefied sample was then processed as per the manufacturer's instructions, and purified DNA eluted in 100 \u03bcL elution buffer. Purified DNA was stored at -20\u02daC until use. ", "cite_spans": [], "ref_spans": [], "section": "Automated nucleic acid extraction"}, {"text": "The design principle for integrating a mechanical sample homogenizer with TruTip nucleic acid purification is described elsewhere [33] . Briefly, the concept involves separating the consumable from the energy-transducing mechanism-in this case, a rotating cylindrical magnet that is external to the lysis tubes (or reagent plate). At high rotational speeds, the external magnet induces the rotation of a small magnetic stir disc inside of each lysis tube, which in turn agitates the solid particles. Particle agitation is controlled by adjusting the speed of the external, rotating magnet. Magnetically-induced vortexing (MagVor) therefore generates a chaotic bead-milling or bead beating effect within the sample using simple hardware components and with minimal heat generated in the solution. Adjacent to the rotating magnet is a motorized carriage with integrated heater that holds all consumables for the extraction including sample lysis tubes, heater tubes, and a 96-well reagent plate. The carriage controls the position of the consumables relative to a fixed-position, 8-channel, custom-built pipetting manifold. The pipetting manifold (with attached TruTips) moves vertically up and down and a positive-displacement syringe pump controls the speed and aspiration/dispense volumes across all eight tips simultaneously. Pipetting speed is used as a proxy and means for controlling flow rate through the TruTip matrix. A selection valve and small air pump control air flow to the individual tips to dry the silica binding matrix after wash steps and before nucleic acid elution. Biosafety concerns were (partially) addressed in the prototype workstation by incorporating a HEPA-filtered exhaust fan and enclosure around the moving parts and consumables, creating a negative pressure air box relative to the operating environment. Electronic components were protected from potential liquid splashes by protective covers that can be wiped down with bleach or other disinfectants. The prototype was also designed to fit within a standard Biosafety cabinet if needed or desired. The synergistic, positive impact of integrated bead milling on nucleic acid recovery is summarized in Table 2 , where DNA yield at least doubled (> 1 \u0394C t ) at cell inputs ! 10 3 CFU mL -1 (p < 0.05) and M. tuberculosis dilutions [at 100% extraction and detection efficiency, a 1 C t difference represents a 100% increase in recovered DNA]. The data also show that the extra offline enzymatic liquefaction step is not required for efficient DNA extraction, but was retained for all subsequent experiments because it simplified the transfer of a precise sputum volume from the primary sample container to the automated system lysis tubes. Given the heterogenous nature of individual sputum samples and an inability to accurately split a primary sputum sample, we were unable to determine the relative effect of MagVor alone on native (nonspiked) specimens.", "cite_spans": [{"start": 130, "end": 134, "text": "[33]", "ref_id": "BIBREF32"}], "ref_spans": [{"start": 2184, "end": 2191, "text": "Table 2", "ref_id": "TABREF1"}], "section": "Results and discussion"}, {"text": "In the absence of a centrifugation step or a re-sealable lysis tube, there is a risk of generating aerosols during the homogenization step and contaminating other samples processed in parallel. To address the risk, 2 x 10 8 cells of H37Ra were added to 12 independent sputum samples and processed in three replicate runs, where every other lysis tube, channel, and row in the reagent plate contained a water blank. There was no detectable IS6110 DNA in any of the water blanks (n = 36; C t values > 37 at an estimated LoD of 3 fg per reaction). All other external negative controls processed during this work (n = 53 system runs containing negative controls) were likewise negative (not shown), indicating that the MagVor homogenization does not introduce a significant sample contamination risk. We established analytical performance metrics for the integrated TruTip workstation by amending six independent, TB-negative sputa with a five-fold dilution series of H37Ra cells and extracting them with the automated protocol in Table 1 . Real-time PCR data (C t ) values are summarized in Fig 1 (p 0.05 for each dilution) . Because there was no fully automated sputum extraction method available at the time of this study, we used a commercially-available, manual Norgen Sputum DNA Isolation Kit as a benchmark of performance rather than a head-to-head comparator. One replicate extract from one of the six TruTip sputum samples was PCR-negative at 16 CFU mL -1 (PCR detection limit of 3 fg DNA (< 1 M. tuberculosis cell equivalent)). From these data, the automated workstation can repeatedly and reliably extract M. tuberculosis-detectable DNA from sputum (of variable background composition) containing between 16 and 80 CFU mL -1 . The estimated limit of detection across multiple sputum backgrounds is consistent with published performance guidelines [2] and is within the analytical sensitivity range for detecting M. tuberculosis DNA in smear-negative specimens.", "cite_spans": [{"start": 1854, "end": 1857, "text": "[2]", "ref_id": "BIBREF1"}], "ref_spans": [{"start": 1027, "end": 1034, "text": "Table 1", "ref_id": "TABREF0"}, {"start": 1088, "end": 1120, "text": "Fig 1 (p 0.05 for each dilution)", "ref_id": null}], "section": "Results and discussion"}, {"text": "Clinical sample characteristics are summarized in S1 Table. Nine samples were both smear negative and culture negative, so these nucleic acid extraction and PCR amplification results are not included in the final analysis (below). Sputum samples ranged from saliva-like to hemoptoic (containing blood), with most samples characterized as mucoid (mucus-like) or mucopurulent (containing mucus and pus). One of the AFB smear positive (+), solid culture positive (+) sputum samples was consumed in its entirety during NALC-NaOH decontamination, leaving 123 sputum extracts and 124 sediment extracts for automated nucleic acid extraction.", "cite_spans": [], "ref_spans": [{"start": 53, "end": 59, "text": "Table.", "ref_id": null}], "section": "Results and discussion"}, {"text": "The M. tuberculosis DNA detection rate was 99% and 100% for sputum and sediment, respectively, for all samples that were not categorized as smear negative, culture negative ( Table 3 ). The single false-negative for sputum was at the detection limit for the paired sediment sample and was positive upon re-extraction. There was no significant relationship between sample quality and M. tuberculosis DNA detection efficacy, indicating that the automated TruTip protocol and workstation is equally effective regardless of sputum composition or consistency. Although only a few samples in the clinical set were described as containing blood, the procedure and reagents are similar to that used for extraction from whole blood, which results in high purity nucleic acid without PCR inhibitors. Even so, additional studies on a wider range of sputum types are required to further characterize the protocol performance.", "cite_spans": [], "ref_spans": [{"start": 175, "end": 182, "text": "Table 3", "ref_id": "TABREF2"}], "section": "Results and discussion"}, {"text": "DNA recovery relative to AFB smear and culture status is summarized in Table 4 . There was a significant linear correlation between DNA recovery and smear status (or quantity of acid fast bacteria) for both sputum and sediment extracts, which corresponds with the estimated bacillary load in the original sample. Nucleic acid recovery was significantly higher from raw sputum as compared to that of matched sediments regardless of smear or culture grade (inclusive of smear negative and culture negative samples), averaging at least five times (log 2 2.45) more DNA recovered from raw sputum than sediment (p < 0.0001) and > 10X yield in 34% (39/116) of the smear positive specimens. In fact, there were only 14 samples where there was more detectable M. tuberculosis DNA in the sediment extract than in the raw sputum extract (S1 Table, negative \u0394C t values). We suspect that the lower DNA recovery from sediment is due, in part, to cell and/or DNA loss during the sputum decontamination and sedimentation process (e.g., [34] ), or minimal amounts of human DNA in sediment that may otherwise serve as a carrier in sputum extracts. Nevertheless, the data show that one and the same automated protocol is equally efficacious on raw sputum and sediment, regardless of sputum quality or characteristics, and that primary sputum may actually be the preferred specimen for sensitive M. tuberculosis detection or diagnosis.", "cite_spans": [{"start": 1022, "end": 1026, "text": "[34]", "ref_id": "BIBREF33"}], "ref_spans": [{"start": 71, "end": 78, "text": "Table 4", "ref_id": null}, {"start": 831, "end": 837, "text": "Table,", "ref_id": null}], "section": "Results and discussion"}, {"text": "While Table 4 shows a strong correlation between AFB smear status and average C t value (or DNA recovery), we nevertheless tested for the possibility that the sputum extracts contained PCR (or fluorescence) inhibitors that affect the accuracy of the C t measurements. Ten independent sputum extracts of variable quality characteristics were diluted in ultra-pure water and re-analyzed by real-time PCR, with data summarized in Fig 2. The correlation coefficient (R 2 ) was > 0.997 for each sample (not shown). A separate experiment with purified M. tuberculosis DNA amended into PCR-grade water or a pooled, TB-negative sputum extract also showed no difference in C t values over a range of DNA input concentrations (not shown). In combination, these data indicate that amplification or fluorescent inhibitors (if present) were not detectable or negatively influencing reported C t values over the course of this study.", "cite_spans": [], "ref_spans": [{"start": 6, "end": 13, "text": "Table 4", "ref_id": null}, {"start": 427, "end": 433, "text": "Fig 2.", "ref_id": null}], "section": "Results and discussion"}, {"text": "We should point out that our study used retrospective frozen specimens which could prematurely break down sputum and lyse bacterial cell walls. Because we focused on challenging the system with the most viscous sputum from smear positive TB patients, we acknowledge that further study including TruTip efficacy on prospective (fresh) specimens with statistically relevant prevalence of smear-negative specimens is required to accurately estimate the clinical sensitivity.", "cite_spans": [], "ref_spans": [], "section": "Results and discussion"}, {"text": "The long-term technology objective of this research is to unite automated sputum sample preparation with a M. tuberculosis drug susceptibility test (e.g., [35] ) in a flexible, sample-toanswer diagnostic device. We opted to pursue an \"open\" sample preparation fluidic architecture of TruTips and reagent plates because the approach (and workstation) provides several straightforward opportunities to increase input sample size (volume), modify reagents, and/or adjust procedural steps to increase extraction efficacy, if needed. Indeed, the specific design of the automated workstation and its open fluidic architecture provides a level of engineering and IVD product development flexibility that is difficult to achieve with cartridge-based or otherwise \"closed\", point-of-care microfluidic devices. As a stand-alone workstation, however, there is now an opportunity to push sputum nucleic acid sample preparation closer to the point of need and independent of any specific nucleic acid detection technology.", "cite_spans": [{"start": 155, "end": 159, "text": "[35]", "ref_id": "BIBREF34"}], "ref_spans": [], "section": "Results and discussion"}, {"text": "TruTip protocols can also be automated on a personal, electronic pipette (e.g., [28] ), so we might expect a similar level of performance by translating the sputum protocol to an ondemand, more manual format and a set of sample preparation tools. Conversely, prior nasopharyngeal aspirate, swab, blood, plasma and saliva protocols [28, 30, [36] [37] [38] can be easily transferred to the automated workstation reported here with integrated heater to further simplify chemical lysis and enzymatic procedures typically performed off-line. TruTip therefore satisfies a basic sample processing demand identified by Denkinger [4] and others [2, 20, 39, 40] . At the same time, the ability to transfer protocols between personalized, on-demand Tru-Tip tools and fully automated workstation affords an opportunity to standardize nucleic acid sample preparation procedures, reagents, and quality control across multiple levels of the health care system, irrespective of desired throughput. We therefore expect TruTip and the automated workstation will add value to the TB community as a stand-alone sample preparation device while continued research focuses on integrating automated TruTip sample preparation with drug-resistant TB amplification microarrays.", "cite_spans": [{"start": 80, "end": 84, "text": "[28]", "ref_id": "BIBREF27"}, {"start": 331, "end": 335, "text": "[28,", "ref_id": "BIBREF27"}, {"start": 336, "end": 339, "text": "30,", "ref_id": "BIBREF29"}, {"start": 340, "end": 344, "text": "[36]", "ref_id": "BIBREF35"}, {"start": 345, "end": 349, "text": "[37]", "ref_id": "BIBREF36"}, {"start": 350, "end": 354, "text": "[38]", "ref_id": "BIBREF37"}, {"start": 621, "end": 624, "text": "[4]", "ref_id": "BIBREF3"}, {"start": 636, "end": 639, "text": "[2,", "ref_id": "BIBREF1"}, {"start": 640, "end": 643, "text": "20,", "ref_id": "BIBREF19"}, {"start": 644, "end": 647, "text": "39,", "ref_id": "BIBREF38"}, {"start": 648, "end": 651, "text": "40]", "ref_id": "BIBREF39"}], "ref_spans": [], "section": "Results and discussion"}, {"text": "Supporting information S1 Table. Clinical characteristics and raw real-time data for sputum specimens. (DOCX) ", "cite_spans": [{"start": 103, "end": 109, "text": "(DOCX)", "ref_id": null}], "ref_spans": [{"start": 26, "end": 32, "text": "Table.", "ref_id": null}], "section": "Results and discussion"}], "bib_entries": {"BIBREF0": {"ref_id": "b0", "title": "Tuberculosis diagnostics in 2015: Landscape, priorities, needs, and prospects", "authors": [{"first": "C", "middle": ["M"], "last": "Denkinger", "suffix": ""}, {"first": "M", "middle": [], "last": "Schito", "suffix": ""}, {"first": "M", "middle": [], "last": "Pai", "suffix": ""}], "year": 2015, "venue": "J Infect Dis", "volume": "211", "issn": "", "pages": "", "other_ids": {}}, "BIBREF1": {"ref_id": "b1", "title": "World Health Organization", "authors": [], "year": 2014, "venue": "WHO. High-priority target product profiles for new tuberculosis diagnostics: report of a consensus meeting", "volume": "18", "issn": "", "pages": "", "other_ids": {}}, "BIBREF2": {"ref_id": "b2", "title": "WHO. Global tuberculosis report", "authors": [], "year": 2016, "venue": "", "volume": "", "issn": "", "pages": "", "other_ids": {}}, "BIBREF3": {"ref_id": "b3", "title": "Robust, reliable and resilient: designing molecular tuberculosis tests for microscopy centers in developing countries", "authors": [{"first": "C", "middle": ["M"], "last": "Denkinger", "suffix": ""}, {"first": "S", "middle": ["V"], "last": "Kik", "suffix": ""}, {"first": "M", "middle": [], "last": "Pai", "suffix": ""}], "year": 2013, "venue": "Expert Rev Mol Diagn", "volume": "13", "issn": "8", "pages": "763--770", "other_ids": {"DOI": ["10.1586/14737159.2013.850034"], "PMID": ["24151844"]}}, "BIBREF4": {"ref_id": "b4", "title": "Homogenisation of cystic fibrosis sputum by sonication -An essential step for Aspergillus PCR", "authors": [{"first": "C", "middle": ["G"], "last": "Baxter", "suffix": ""}, {"first": "A", "middle": ["M"], "last": "Jones", "suffix": ""}, {"first": "K", "middle": [], "last": "Webb", "suffix": ""}, {"first": "D", "middle": ["W"], "last": "Denning", "suffix": ""}], "year": 2011, "venue": "Journal of Microbiological Methods", "volume": "85", "issn": "1", "pages": "75--81", "other_ids": {"DOI": ["10.1016/j.mimet.2011.01.024"], "PMID": ["21277342"]}}, "BIBREF5": {"ref_id": "b5", "title": "Development of an oligonucleotide array for direct detection of fungi in sputum samples from patients with cystic fibrosis", "authors": [{"first": "J", "middle": ["P"], "last": "Bouchara", "suffix": ""}, {"first": "Hyc", "middle": [], "last": "Hsieh", "suffix": ""}, {"first": "S", "middle": [], "last": "Barton", "suffix": ""}, {"first": "R", "middle": [], "last": "Marchais", "suffix": ""}, {"first": "V", "middle": [], "last": "Pihet", "suffix": ""}, {"first": "M", "middle": [], "last": "Chang", "suffix": ""}, {"first": "T", "middle": ["C"], "last": "", "suffix": ""}], "year": 2009, "venue": "J Clin Microbiol", "volume": "47", "issn": "1", "pages": "142--52", "other_ids": {"DOI": ["10.1128/JCM.01668-08"], "PMID": ["19020057"]}}, "BIBREF6": {"ref_id": "b6", "title": "Comparative evaluation of three homogenization methods for isolating Middle East respiratory syndrome coronavirus nucleic acids from sputum samples for real-time reverse transcription PCR", "authors": [{"first": "H", "middle": [], "last": "Sung", "suffix": ""}, {"first": "D", "middle": [], "last": "Yong", "suffix": ""}, {"first": "C-S", "middle": [], "last": "Ki", "suffix": ""}, {"first": "J-S", "middle": [], "last": "Kim", "suffix": ""}, {"first": "M-W", "middle": [], "last": "Seong", "suffix": ""}, {"first": "H", "middle": [], "last": "Lee", "suffix": ""}], "year": 2016, "venue": "Ann Lab Med", "volume": "36", "issn": "5", "pages": "457--62", "other_ids": {"DOI": ["10.3343/alm.2016.36.5.457"], "PMID": ["27374711"]}}, "BIBREF7": {"ref_id": "b7", "title": "Comparison of sputum and nasopharyngeal swabs for detection of respiratory viruses", "authors": [{"first": "J", "middle": ["H"], "last": "Jeong", "suffix": ""}, {"first": "K", "middle": ["H"], "last": "Kim", "suffix": ""}, {"first": "S", "middle": ["H"], "last": "Jeong", "suffix": ""}, {"first": "J", "middle": ["W"], "last": "Park", "suffix": ""}, {"first": "S", "middle": ["M"], "last": "Lee", "suffix": ""}, {"first": "Y", "middle": ["H"], "last": "Seo", "suffix": ""}], "year": 2014, "venue": "J Med Virol", "volume": "86", "issn": "12", "pages": "2122--2129", "other_ids": {"DOI": ["10.1002/jmv.23937"], "PMID": ["24797344"]}}, "BIBREF8": {"ref_id": "b8", "title": "Comparison of sputum and nasopharyngeal aspirate samples and of the PCR gene targets lytA and Spn9802 for quantitative PCR for rapid detection of pneumococcal pneumonia", "authors": [{"first": "K", "middle": [], "last": "Str\u00e5lin", "suffix": ""}, {"first": "B", "middle": [], "last": "Herrmann", "suffix": ""}, {"first": "G", "middle": [], "last": "Abdeldaim", "suffix": ""}, {"first": "P", "middle": [], "last": "Olc\u00e9n", "suffix": ""}, {"first": "H", "middle": [], "last": "Holmberg", "suffix": ""}, {"first": "P", "middle": [], "last": "M\u00f6lling", "suffix": ""}], "year": 2014, "venue": "J Clin Microbiol", "volume": "52", "issn": "1", "pages": "", "other_ids": {"DOI": ["10.1128/JCM.01742-13"]}}, "BIBREF9": {"ref_id": "b9", "title": "Improved detection of respiratory pathogens by use of high-quality sputum with TaqMan array card technology", "authors": [{"first": "B", "middle": ["J"], "last": "Wolff", "suffix": ""}, {"first": "A", "middle": ["M"], "last": "Bramley", "suffix": ""}, {"first": "K", "middle": ["A"], "last": "Thurman", "suffix": ""}, {"first": "C", "middle": ["G"], "last": "Whitney", "suffix": ""}, {"first": "B", "middle": [], "last": "Whitaker", "suffix": ""}, {"first": "W", "middle": ["H"], "last": "Self", "suffix": ""}], "year": 2017, "venue": "J Clin Microbiol", "volume": "55", "issn": "1", "pages": "110--131", "other_ids": {"DOI": ["10.1128/JCM.01805-16"], "PMID": ["27795345"]}}, "BIBREF10": {"ref_id": "b10", "title": "Molecular sputum analysis for the diagnosis of lung cancer", "authors": [{"first": "A", "middle": ["J"], "last": "Hubers", "suffix": ""}, {"first": "Cfm", "middle": [], "last": "Prinsen", "suffix": ""}, {"first": "G", "middle": [], "last": "Sozzi", "suffix": ""}, {"first": "B", "middle": ["I"], "last": "Witte", "suffix": ""}, {"first": "E", "middle": [], "last": "Thunnissen", "suffix": ""}], "year": 2013, "venue": "Br J Cancer", "volume": "109", "issn": "3", "pages": "530--537", "other_ids": {"DOI": ["10.1038/bjc.2013.393"], "PMID": ["23868001"]}}, "BIBREF11": {"ref_id": "b11", "title": "Comparison of six methods of extracting Mycobacterium tuberculosis DNA from processed sputum for testing by quantitative real-time PCR", "authors": [{"first": "W", "middle": ["K"], "last": "Aldous", "suffix": ""}, {"first": "J", "middle": ["I"], "last": "Pounder", "suffix": ""}, {"first": "J", "middle": ["L"], "last": "Cloud", "suffix": ""}, {"first": "G", "middle": ["L"], "last": "Woods", "suffix": ""}], "year": 2005, "venue": "J Clin Microbiol", "volume": "43", "issn": "5", "pages": "2471--2474", "other_ids": {"DOI": ["10.1128/JCM.43.5.2471-2473.2005"], "PMID": ["15872286"]}}, "BIBREF12": {"ref_id": "b12", "title": "A novel method for the purification of DNA by capturing nucleic acid and magnesium complexes on non-woven fabric filters under alkaline conditions for the gene diagnosis of tuberculosis by loop-mediated isothermal amplification (LAMP)", "authors": [{"first": "T", "middle": [], "last": "Fukasawa", "suffix": ""}, {"first": "N", "middle": [], "last": "Oda", "suffix": ""}, {"first": "Y", "middle": [], "last": "Wada", "suffix": ""}, {"first": "A", "middle": [], "last": "Tamaru", "suffix": ""}, {"first": "Y", "middle": [], "last": "Fukushima", "suffix": ""}, {"first": "C", "middle": [], "last": "Nakajima", "suffix": ""}], "year": 2010, "venue": "Jpn J Infect Dis", "volume": "63", "issn": "", "pages": "246--50", "other_ids": {"PMID": ["20657063"]}}, "BIBREF13": {"ref_id": "b13", "title": "Detection of Mycobacterium tuberculosis DNA in clinical samples by using a simple lysis method and polymerase chain reaction", "authors": [{"first": "L", "middle": [], "last": "Folgueira", "suffix": ""}, {"first": "R", "middle": [], "last": "Delgado", "suffix": ""}, {"first": "E", "middle": [], "last": "Palenque", "suffix": ""}, {"first": "A", "middle": ["R"], "last": "Noriega", "suffix": ""}], "year": 1993, "venue": "J Clin Microbiol", "volume": "31", "issn": "4", "pages": "1019--1040", "other_ids": {"PMID": ["8463383"]}}, "BIBREF14": {"ref_id": "b14", "title": "Qualification study of two genomic DNA extraction methods in different clinical samples", "authors": [{"first": "A", "middle": [], "last": "Javadi", "suffix": ""}, {"first": "M", "middle": [], "last": "Shamaei", "suffix": ""}, {"first": "Mohammadi", "middle": [], "last": "Ziazi", "suffix": ""}, {"first": "L", "middle": [], "last": "Pourabdollah", "suffix": ""}, {"first": "M", "middle": [], "last": "Dorudinia", "suffix": ""}, {"first": "A", "middle": [], "last": "Seyedmehdi", "suffix": ""}, {"first": "S", "middle": ["M"], "last": "", "suffix": ""}], "year": 2014, "venue": "Tanaffos", "volume": "13", "issn": "4", "pages": "41--48", "other_ids": {"PMID": ["25852760"]}}, "BIBREF15": {"ref_id": "b15", "title": "Detection of Mycobacterium tuberculosis in sputum samples by polymerase chain reaction using a simplified procedure", "authors": [{"first": "T", "middle": [], "last": "Kocag\u00f6z", "suffix": ""}, {"first": "E", "middle": [], "last": "Yilmaz", "suffix": ""}, {"first": "S", "middle": [], "last": "Ozkara", "suffix": ""}, {"first": "S", "middle": [], "last": "Kocag\u00f6z", "suffix": ""}, {"first": "M", "middle": [], "last": "Hayran", "suffix": ""}, {"first": "M", "middle": [], "last": "Sachedeva", "suffix": ""}], "year": 1993, "venue": "J Clin Microbiol", "volume": "31", "issn": "6", "pages": "1435--1443", "other_ids": {"PMID": ["8314982"]}}, "BIBREF16": {"ref_id": "b16", "title": "Rapid and simultaneous detection of Mycobacterium tuberculosis complex and Beijing/W genotype in sputum by an optimized DNA extraction protocol and a novel multiplex real-time PCR", "authors": [{"first": "E", "middle": ["T"], "last": "Leung", "suffix": ""}, {"first": "L", "middle": [], "last": "Zheng", "suffix": ""}, {"first": "R", "middle": ["Y"], "last": "Wong", "suffix": ""}, {"first": "E", "middle": ["W"], "last": "Chan", "suffix": ""}, {"first": "T", "middle": [], "last": "Au", "suffix": ""}, {"first": "R", "middle": ["C"], "last": "Chan", "suffix": ""}], "year": 2011, "venue": "J Clin Microbiol", "volume": "49", "issn": "7", "pages": "2509--2524", "other_ids": {"DOI": ["10.1128/JCM.00108-11"], "PMID": ["21593264"]}}, "BIBREF17": {"ref_id": "b17", "title": "Comparison of three DNA extraction methods for Mycobacterium bovis, Mycobacterium tuberculosis and Mycobacterium avium subsp. avium", "authors": [{"first": "A", "middle": [], "last": "Amaro", "suffix": ""}, {"first": "E", "middle": [], "last": "Duarte", "suffix": ""}, {"first": "Amado", "middle": ["A"], "last": "Ferronha", "suffix": ""}, {"first": "H", "middle": [], "last": "Botelho", "suffix": ""}, {"first": "A", "middle": [], "last": "", "suffix": ""}], "year": 2008, "venue": "Lett Appl Microbiol", "volume": "47", "issn": "1", "pages": "8--11", "other_ids": {"DOI": ["10.1111/j.1472-765X.2008.02372.x"], "PMID": ["18498320"]}}, "BIBREF18": {"ref_id": "b18", "title": "Rapid DNA extraction for specific detection and quantitation of Mycobacterium tuberculosis DNA in sputum specimens using Taqman assays", "authors": [{"first": "D", "middle": ["I"], "last": "Gomez", "suffix": ""}, {"first": "C", "middle": ["S"], "last": "Mullin", "suffix": ""}, {"first": "F", "middle": [], "last": "Mora-Guzm\u00e1n", "suffix": ""}, {"first": "J", "middle": ["G"], "last": "Crespo-Solis", "suffix": ""}, {"first": "S", "middle": ["P"], "last": "Fisher-Hoch", "suffix": ""}, {"first": "J", "middle": ["B"], "last": "Mccormick", "suffix": ""}], "year": 2011, "venue": "Tuberculosis", "volume": "91", "issn": "1", "pages": "43--51", "other_ids": {}}, "BIBREF19": {"ref_id": "b19", "title": "Removing the bottleneck in whole genome sequencing of Mycobacterium tuberculosis for rapid drug resistance analysis: a call to action", "authors": [{"first": "R", "middle": [], "last": "Mcnerney", "suffix": ""}, {"first": "T", "middle": ["G"], "last": "Clark", "suffix": ""}, {"first": "S", "middle": [], "last": "Campino", "suffix": ""}, {"first": "C", "middle": [], "last": "Rodrigues", "suffix": ""}, {"first": "D", "middle": [], "last": "Dolinger", "suffix": ""}, {"first": "L", "middle": [], "last": "Smith", "suffix": ""}], "year": 2017, "venue": "Int J Infect Dis", "volume": "56", "issn": "", "pages": "130--135", "other_ids": {"DOI": ["10.1016/j.ijid.2016.11.422"], "PMID": ["27986491"]}}, "BIBREF20": {"ref_id": "b20", "title": "Complex sputum microbial composition in patients with pulmonary tuberculosis", "authors": [{"first": "Z", "middle": [], "last": "Cui", "suffix": ""}, {"first": "Y", "middle": [], "last": "Zhou", "suffix": ""}, {"first": "H", "middle": [], "last": "Li", "suffix": ""}, {"first": "Y", "middle": [], "last": "Zhang", "suffix": ""}, {"first": "S", "middle": [], "last": "Zhang", "suffix": ""}, {"first": "S", "middle": [], "last": "Tang", "suffix": ""}], "year": 2012, "venue": "BMC Microbiol", "volume": "12", "issn": "", "pages": "", "other_ids": {"DOI": ["10.1186/1471-2180-12-276"], "PMID": ["23176186"]}}, "BIBREF21": {"ref_id": "b21", "title": "Optimized method for preparation of DNA from pathogenic and environmental Mycobacteria", "authors": [{"first": "M", "middle": [], "last": "K\u00e4ser", "suffix": ""}, {"first": "M-T", "middle": [], "last": "Ruf", "suffix": ""}, {"first": "J", "middle": [], "last": "Hauser", "suffix": ""}, {"first": "L", "middle": [], "last": "Marsollier", "suffix": ""}, {"first": "G", "middle": [], "last": "Pluschke", "suffix": ""}], "year": 2009, "venue": "Appl Environ Microbiol", "volume": "75", "issn": "2", "pages": "414--422", "other_ids": {"DOI": ["10.1128/AEM.01358-08"], "PMID": ["19047396"]}}, "BIBREF22": {"ref_id": "b22", "title": "Rapid lysis technique for mycobacterial species", "authors": [{"first": "S", "middle": ["S"], "last": "Hurley", "suffix": ""}, {"first": "G", "middle": ["A"], "last": "Splitter", "suffix": ""}, {"first": "R", "middle": ["A"], "last": "Welch", "suffix": ""}], "year": 1987, "venue": "J Clin Microbiol", "volume": "25", "issn": "11", "pages": "2227--2236", "other_ids": {"PMID": ["2447121"]}}, "BIBREF23": {"ref_id": "b23", "title": "Rapid diagnosis of extrapulmonary tuberculosis by PCR: Impact of sample preparation and DNA extraction", "authors": [{"first": "S", "middle": [], "last": "Honor\u00e9-Bouakline", "suffix": ""}, {"first": "J", "middle": ["P"], "last": "Vincensini", "suffix": ""}, {"first": "V", "middle": [], "last": "Giacuzzo", "suffix": ""}, {"first": "P", "middle": ["H"], "last": "Lagrange", "suffix": ""}, {"first": "J", "middle": ["L"], "last": "Herrmann", "suffix": ""}], "year": 2003, "venue": "J Clin Microbiol", "volume": "41", "issn": "6", "pages": "2323--2332", "other_ids": {"DOI": ["10.1128/JCM.41.6.2323-2329.2003"], "PMID": ["12791844"]}}, "BIBREF24": {"ref_id": "b24", "title": "PCR based detection of Mycobacterium tuberculosis: effect of sample preparation", "authors": [{"first": "J", "middle": [], "last": "Perera", "suffix": ""}, {"first": "N", "middle": ["V"], "last": "Chanderasekharan", "suffix": ""}, {"first": "E", "middle": ["H"], "last": "Karunanayake", "suffix": ""}], "year": 1994, "venue": "Southeast Asian J Trop Med Public Health", "volume": "25", "issn": "4", "pages": "693--700", "other_ids": {"PMID": ["7667715"]}}, "BIBREF25": {"ref_id": "b25", "title": "Improved detection of microbial DNA after bead-beating before DNA isolation", "authors": [{"first": "R", "middle": [], "last": "De Boer", "suffix": ""}, {"first": "R", "middle": [], "last": "Peters", "suffix": ""}, {"first": "S", "middle": [], "last": "Gierveld", "suffix": ""}, {"first": "T", "middle": [], "last": "Schuurman", "suffix": ""}, {"first": "M", "middle": [], "last": "Kooistra-Smid", "suffix": ""}, {"first": "P", "middle": [], "last": "Savelkoul", "suffix": ""}], "year": 2010, "venue": "J Microbiol Methods", "volume": "80", "issn": "2", "pages": "209--220", "other_ids": {"DOI": ["10.1016/j.mimet.2009.11.009"], "PMID": ["19995580"]}}, "BIBREF26": {"ref_id": "b26", "title": "Policy guidance on drug-susceptibility testing (DST) of second-line antituberculosis drugs", "authors": [], "year": 2008, "venue": "", "volume": "", "issn": "", "pages": "", "other_ids": {}}, "BIBREF27": {"ref_id": "b27", "title": "Rapid, simple influenza RNA extraction from nasopharyngeal samples", "authors": [{"first": "D", "middle": ["P"], "last": "Chandler", "suffix": ""}, {"first": "S", "middle": ["B"], "last": "Griesemer", "suffix": ""}, {"first": "C", "middle": ["G"], "last": "Cooney", "suffix": ""}, {"first": "R", "middle": [], "last": "Holmberg", "suffix": ""}, {"first": "N", "middle": [], "last": "Thakore", "suffix": ""}, {"first": "R", "middle": [], "last": "Mokhiber", "suffix": ""}], "year": 2012, "venue": "J Virol Methods", "volume": "183", "issn": "", "pages": "8--13", "other_ids": {"DOI": ["10.1016/j.jviromet.2012.03.002"], "PMID": ["22425698"]}}, "BIBREF28": {"ref_id": "b28", "title": "Rapid and simple method for purification of nucleic acids", "authors": [{"first": "R", "middle": [], "last": "Boom", "suffix": ""}, {"first": "Cja", "middle": [], "last": "Sol", "suffix": ""}, {"first": "Mmm", "middle": [], "last": "Salimans", "suffix": ""}, {"first": "C", "middle": ["L"], "last": "Jansen", "suffix": ""}, {"first": "Pme", "middle": [], "last": "Wertheim-Van Dillen", "suffix": ""}, {"first": "J", "middle": [], "last": "Van Der Noordaa", "suffix": ""}], "year": 1990, "venue": "J Clin Microbiol", "volume": "28", "issn": "3", "pages": "495--503", "other_ids": {"PMID": ["1691208"]}}, "BIBREF29": {"ref_id": "b29", "title": "High-throughput, automated extraction of DNA and RNA from clinical samples using TruTip technology on common liquid handling robots", "authors": [{"first": "R", "middle": [], "last": "Holmberg", "suffix": ""}, {"first": "A", "middle": [], "last": "Gindlesperger", "suffix": ""}, {"first": "T", "middle": [], "last": "Stokes", "suffix": ""}, {"first": "D", "middle": [], "last": "Brady", "suffix": ""}, {"first": "N", "middle": [], "last": "Thakore", "suffix": ""}, {"first": "P", "middle": [], "last": "Belgrader", "suffix": ""}], "year": 2013, "venue": "J Vis Exp", "volume": "76", "issn": "", "pages": "", "other_ids": {}}, "BIBREF30": {"ref_id": "b30", "title": "Analysis of IS6110 insertion sites provide a glimpse into genome evolution of Mycobacterium tuberculosis", "authors": [{"first": "T", "middle": [], "last": "Roychowdhury", "suffix": ""}, {"first": "S", "middle": [], "last": "Mandal", "suffix": ""}, {"first": "A", "middle": [], "last": "Bhattacharya", "suffix": ""}], "year": 2015, "venue": "Scientific Reports", "volume": "5", "issn": "", "pages": "", "other_ids": {"DOI": ["10.1038/srep12567"], "PMID": ["26215170"]}}, "BIBREF31": {"ref_id": "b31", "title": "Detection of Mycobacterium tuberculosis complex with real time PCR: comparison of different primer-probe sets based on the IS6110 element", "authors": [{"first": "P", "middle": ["H"], "last": "Savelkoul", "suffix": ""}, {"first": "A", "middle": [], "last": "Catsburg", "suffix": ""}, {"first": "S", "middle": [], "last": "Mulder", "suffix": ""}, {"first": "L", "middle": [], "last": "Oostendorp", "suffix": ""}, {"first": "J", "middle": [], "last": "Schirm", "suffix": ""}, {"first": "H", "middle": [], "last": "Wilke", "suffix": ""}], "year": 2006, "venue": "J Microbiol Methods", "volume": "66", "issn": "1", "pages": "177--80", "other_ids": {"DOI": ["10.1016/j.mimet.2005.12.003"], "PMID": ["16427712"]}}, "BIBREF32": {"ref_id": "b32", "title": "A bench-top automated workstation for nucleic acid isolation from clinical sample types", "authors": [{"first": "N", "middle": [], "last": "Thakore", "suffix": ""}, {"first": "S", "middle": [], "last": "Garber", "suffix": ""}, {"first": "A", "middle": [], "last": "Bueno", "suffix": ""}, {"first": "P", "middle": [], "last": "Qu", "suffix": ""}, {"first": "R", "middle": [], "last": "Norville", "suffix": ""}, {"first": "M", "middle": [], "last": "Villanueva", "suffix": ""}], "year": 2018, "venue": "J Microbiol Methods", "volume": "", "issn": "", "pages": "", "other_ids": {}}, "BIBREF33": {"ref_id": "b33", "title": "Effects of different methods of decontamination for successful cultivation of Mycobacterium tuberculosis", "authors": [{"first": "M", "middle": [], "last": "Chatterjee", "suffix": ""}, {"first": "S", "middle": [], "last": "Bhattacharya", "suffix": ""}, {"first": "K", "middle": [], "last": "Karak", "suffix": ""}, {"first": "S", "middle": ["G"], "last": "Dastidar", "suffix": ""}], "year": 2013, "venue": "The Indian Journal of Medical Research", "volume": "138", "issn": "4", "pages": "541--549", "other_ids": {"PMID": ["24434262"]}}, "BIBREF34": {"ref_id": "b34", "title": "Genotyping multidrugresistant Mycobacterium tuberculosis from primary sputum and decontaminated sediment with an integrated microfluidic amplification microarray test", "authors": [{"first": "Y", "middle": [], "last": "Linger", "suffix": ""}, {"first": "C", "middle": [], "last": "Knicherbocker", "suffix": ""}, {"first": "D", "middle": [], "last": "Sipes", "suffix": ""}, {"first": "G", "middle": [], "last": "Golova", "suffix": ""}, {"first": "M", "middle": [], "last": "Franke", "suffix": ""}, {"first": "R", "middle": [], "last": "Calderon", "suffix": ""}], "year": 2018, "venue": "J Clin Microbiol", "volume": "56", "issn": "3", "pages": "1652--1669", "other_ids": {"DOI": ["10.1128/JCM.01652-17"], "PMID": ["29305543"]}}, "BIBREF35": {"ref_id": "b35", "title": "Automated, simple, high-throughput influenza RNA extraction from clinical respiratory swabs using TruTip and epMotion", "authors": [{"first": "S", "middle": ["B"], "last": "Griesemer", "suffix": ""}, {"first": "R", "middle": [], "last": "Holmberg", "suffix": ""}, {"first": "C", "middle": ["G"], "last": "Cooney", "suffix": ""}, {"first": "N", "middle": [], "last": "Thakore", "suffix": ""}, {"first": "B", "middle": [], "last": "Mokhiber", "suffix": ""}, {"first": "C", "middle": [], "last": "Knickerbocker", "suffix": ""}], "year": 2013, "venue": "J Clin Virol", "volume": "58", "issn": "", "pages": "138--181", "other_ids": {"DOI": ["10.1016/j.jcv.2013.06.033"], "PMID": ["23880159"]}}, "BIBREF36": {"ref_id": "b36", "title": "Akonni TruTip\u00ae and Qia-gen\u00ae methods for extraction of fetal circulating DNA-evaluation by real-time and digital PCR", "authors": [{"first": "R", "middle": ["C"], "last": "Holmberg", "suffix": ""}, {"first": "A", "middle": [], "last": "Gindlesperger", "suffix": ""}, {"first": "T", "middle": [], "last": "Stokes", "suffix": ""}, {"first": "D", "middle": [], "last": "Lopez", "suffix": ""}, {"first": "L", "middle": [], "last": "Hyman", "suffix": ""}, {"first": "M", "middle": [], "last": "Freed", "suffix": ""}], "year": 2013, "venue": "PLoS ONE", "volume": "8", "issn": "8", "pages": "", "other_ids": {"DOI": ["10.1371/journal.pone.0073068"], "PMID": ["23936545"]}}, "BIBREF37": {"ref_id": "b37", "title": "Integrated amplification microarray system in a lateral flow cell for warfarin genotyping from saliva", "authors": [{"first": "T", "middle": [], "last": "Sebastian", "suffix": ""}, {"first": "C", "middle": ["G"], "last": "Cooney", "suffix": ""}, {"first": "J", "middle": [], "last": "Parker", "suffix": ""}, {"first": "P", "middle": [], "last": "Qu", "suffix": ""}, {"first": "A", "middle": [], "last": "Perov", "suffix": ""}, {"first": "J", "middle": ["B"], "last": "Golova", "suffix": ""}], "year": 2014, "venue": "Clin Chim Acta", "volume": "429", "issn": "", "pages": "198--205", "other_ids": {"DOI": ["10.1016/j.cca.2013.12.009"], "PMID": ["24360850"]}}, "BIBREF38": {"ref_id": "b38", "title": "Tuberculosis diagnostics: which target product profiles should be prioritised?", "authors": [{"first": "S", "middle": ["V"], "last": "Kik", "suffix": ""}, {"first": "C", "middle": ["M"], "last": "Denkinger", "suffix": ""}, {"first": "M", "middle": [], "last": "Casenghi", "suffix": ""}, {"first": "C", "middle": [], "last": "Vadnais", "suffix": ""}, {"first": "M", "middle": [], "last": "Pai", "suffix": ""}], "year": 2014, "venue": "Eur Resp J", "volume": "44", "issn": "2", "pages": "537--577", "other_ids": {}}, "BIBREF39": {"ref_id": "b39", "title": "Real-time sequencing of Mycobacterium tuberculosis: Are we there yet?", "authors": [{"first": "R", "middle": ["S"], "last": "Lee", "suffix": ""}, {"first": "M", "middle": [], "last": "Pai", "suffix": ""}], "year": 2017, "venue": "J Clin Microbiol", "volume": "55", "issn": "5", "pages": "1249--54", "other_ids": {"DOI": ["10.1128/JCM.00358-17"], "PMID": ["28298449"]}}}, "ref_entries": {"FIGREF0": {"text": "Quantitative IS6110 PCR M. tuberculosis-specific DNA in nucleic acid extracts was amplified by real-time PCR (in duplicate) using a Roche Lightcycler 480 and the multi-copy IS6110 insertion element as a proxy for M. tuberculosis in the primary specimen [Note: M. tuberculosis clinical strains carry zero to 27 copies with 17 in the genome of the H37Ra strain used in development and LoD studies [31]] [32]. Five microliters of each nucleic acid extract was combined with 20 \u03bcL master mix in a 96-well plate to achieve a final reaction composition of [1X LightCycler1 FastStart DNA Master HybProbe buffer and enzyme (Roche), 2.5 mM MgCl 2 , 0.45 \u03bcM forward primer (5'-GGG-TAG-CAG-ACC-TCA-CCT-ATG), 1.35 \u03bcM reverse primer (5'-AGC-GTA-GGC-GTC-GGT-GA), and 25 nM minor groove binding internal probe (5' 6FAM-TCG-CCT-ACG-TGG-CCT-TT-MGB)]. Microtiter plates were loaded onto the thermal cycler, denatured for 10 min at 95\u02daC, and cycled for 45 cycles of [95\u02daC for 15 sec, 60\u02daC for 60 sec]. A dilution series of H37Ra genomic DNA (from 10 pg \u03bcL -1 -2.4 fg \u03bcL -1 ) was run at least monthly to verify amplification reagents and PCR efficacy, and an aliquot of one of the standard dilutions processed with each PCR plate as an external positive control. M. tuberculosis DNA was considered \"detected\" if the C t value for both PCR replicates was 37.", "latex": null, "type": "figure"}, "TABREF0": {"text": "Optimized, automated TruTip extraction protocol for liquefied, raw sputum.", "latex": null, "type": "table", "html": "<html><body><table><tr><td>Operation </td><td>Programmed parameter(s)\n</td></tr><tr><td>Sample homogenization </td><td>10 min magnetic vortexing at 4950 rpm\n</td></tr><tr><td>Add lysis buffer </td><td>380 \u03bcL\n</td></tr><tr><td>Heat incubation </td><td>10 min at 56\u02daC\n</td></tr><tr><td>Add ethanol </td><td>500 \u03bcL\n</td></tr><tr><td>Bind nucleic acids to TruTip matrix </td><td>20 pipetting cycles\n</td></tr><tr><td>TruTip Wash 1 </td><td>1000 \u03bcL; 10 pipetting cycles\n</td></tr><tr><td>TruTip Wash 2 </td><td>1000 \u03bcL; 5 pipetting cycles\n</td></tr><tr><td>TruTip Wash 3 </td><td>1000 \u03bcL; 5 pipetting cycles\n</td></tr><tr><td>Air dry TruTip matrix </td><td>45 sec forced air per TruTip\n</td></tr><tr><td>Elute purified DNA </td><td>500 \u03bcL, 10 pipetting cycles\n</td></tr></table></body></html>"}, "TABREF1": {"text": "Relative impact of MagVor homogenization and lysis on M. tuberculosis DNA recovery from non-liquefied, raw sputum.", "latex": null, "type": "table", "html": "<html><body><table><tr><td>M. tuberculosis\n</td><td>Average Ct \u00b1 St.Dev\n</td><td>\u00a0</td><td>\u00a0</td></tr><tr><td>(CFU mL-1)\n</td><td>No MagVor </td><td>With MagVor </td><td>\u0394Ct </td><td>p\n</td></tr><tr><td>104 </td><td>29.93 \u00b1 0.48 </td><td>28.47 \u00b1 0.61 </td><td>1.46 </td><td>0.001\n</td></tr><tr><td>103 </td><td>31.20 \u00b1 0.35 </td><td>30.03 \u00b1 0.55 </td><td>1.17 </td><td>0.03\n</td></tr><tr><td>102 </td><td>33.73 \u00b1 1.10 </td><td>32.64 \u00b1 0.76 </td><td>1.09 </td><td>0.08\n</td></tr><tr><td>101 </td><td>35.26 \u00b1 0.43 </td><td>33.99 \u00b1 1.27 </td><td>1.27 </td><td>0.33\n</td></tr><tr><td>0 </td><td>ND </td><td>ND </td><td>N/A </td><td>N/A\n</td></tr></table></body></html>"}, "TABREF2": {"text": "M. tuberculosis DNA detection efficacy relative to primary sample characteristics.Table 4. Estimated M. tuberculosis DNA recovery from raw sputum or sediment relative to AFB smear or solid culture grade.Any detectable acid fast bacteria or colony (scanty designation) was counted as a +1 AFB smear or +1 culture sample, respectively. a Cultures were graded as: + 1 = 1 to 100 colonies; +2 = 100 to 200 colonies; and + 3 > 200 colonies.", "latex": null, "type": "table"}}, "back_matter": [{"text": "We are indebted to Gustavo Pariona, Carmen Contreras, Julia Coit, Milagros Mendoza, and Jerome Galea from Socios En Salud Sucursal Per\u00fa for operating the clinical site, collecting and archiving samples for the study.", "cite_spans": [], "ref_spans": [], "section": "Acknowledgments"}]}