{"paper_id": "0cb1dc4541d1d440e17b860f41caf13f03995235", "metadata": {"title": "Molecular characterisation of the 3-end of the astrovirus genome", "authors": [{"first": "C", "middle": [], "last": "Monceyron", "suffix": "", "affiliation": {"laboratory": "", "institution": "National Institute of Public Health", "location": {"settlement": "Oslo", "country": "Norway"}}, "email": ""}, {"first": "B", "middle": [], "last": "Grinde", "suffix": "", "affiliation": {"laboratory": "", "institution": "National Institute of Public Health", "location": {"settlement": "Oslo", "country": "Norway"}}, "email": ""}, {"first": "T", "middle": ["/"], "last": "", "suffix": "", "affiliation": {"laboratory": "", "institution": "National Institute of Public Health", "location": {"settlement": "Oslo", "country": "Norway"}}, "email": ""}, {"first": "O", "middle": [], "last": "Jonassen", "suffix": "", "affiliation": {"laboratory": "", "institution": "National Institute of Public Health", "location": {"settlement": "Oslo", "country": "Norway"}}, "email": ""}]}, "abstract": [{"text": "We have sequenced the 3-end of the RNA genomes of 14 serotyped and 12 untyped isolates of human astrovirus. The sequences, which include all 8 serotypes, were used to predict secondary structures, postulate possible functional domains, reveal conserved regions suitable for nucleic acid amplification and perform phylogenetic analysis. The final nucleotides of the capsid protein precursor gene and the adjacent 3-noncoding region were highly conserved and, except for 35 nucleotides with homology to a sequence in the 3-end of a coronavirus RNA genome, unique to astrovirus family. This confirms that the 3-end is a suitable target for universal and specific detection of astrovirus RNA. For the deduced 72 C-terminal amino acids of the capsid protein precursor, distances between the serotypes were found to vary from 0.1 substitution per site between serotypes 3 and 7 to more than one substitution per site between serotype 4 and the other serotypes. Different isolates of the same serotype were closely related, which indicates that the presently used typespecific antibodies differentiate between phylogenetically distinct groups. RNA secondary structures with minimal free energy were predicted using computer programs. Comparative sequence analysis verified the significance of certain of the predicted structural elements.", "cite_spans": [], "ref_spans": [], "section": "Abstract"}], "body_text": [{"text": "Astroviruses are often observed in faeces in connection with juvenile diarrhoea [9, 11] . The 6.8 kb plus-strand RNA genome is organised in a 5-non-coding region (NCR), three open reading frames, eighty nucleotides (nt) 3-NCR, and a poly(A) tail of approximately 30 nt [4] . The capsid protein precursor gene (ORF 2) is located next to the 3-NCR. The capsid protein precursor is translated from a subgenomic mRNA [15] .", "cite_spans": [{"start": 80, "end": 83, "text": "[9,", "ref_id": "BIBREF8"}, {"start": 84, "end": 87, "text": "11]", "ref_id": "BIBREF10"}, {"start": 269, "end": 272, "text": "[4]", "ref_id": "BIBREF3"}, {"start": 413, "end": 417, "text": "[15]", "ref_id": "BIBREF14"}], "ref_spans": [], "section": "Introduction"}, {"text": "Complete nucleotide sequences are available for HAstV-1 [18] and for HAstV-2 [4] . Comparison of these two sequences shows that the 3-NCR are 94% conserved, and that the 114 amino acids deduced from the 3 end of ORF 2 are 62% identical [14] . Limited nucleotide sequence information for the six other serotypes are available in the nucleotide databases [10, 16] .", "cite_spans": [{"start": 56, "end": 60, "text": "[18]", "ref_id": "BIBREF17"}, {"start": 77, "end": 80, "text": "[4]", "ref_id": "BIBREF3"}, {"start": 236, "end": 240, "text": "[14]", "ref_id": "BIBREF13"}, {"start": 353, "end": 357, "text": "[10,", "ref_id": "BIBREF9"}, {"start": 358, "end": 361, "text": "16]", "ref_id": "BIBREF15"}], "ref_spans": [], "section": "Introduction"}, {"text": "The 3-end of RNA virus genomes are involved in regulating the initiation of synthesis of the minus-strand RNA. This region may also participate in the regulation of plus-strand synthesis, RNA stability, translation initiation and intracellular localisation. The aims of the present study were to predict secondary structures, postulate possible functional domains, reveal conserved regions suitable for nucleic acid amplification, and perform phylogenetic analysis by comparing the 3-ends of the different human astrovirus serotypes.", "cite_spans": [], "ref_spans": [], "section": "Introduction"}, {"text": "Astrovirus RNA was made available by dialysing and heating faecal extracts or CaCo-2 cell culture supernatants [5] . The templates for sequencing were made by reverse transcription of astrovirus RNA with an oligo d(T) primer, and subsequent PCR on the cDNA with the oligo d(T) primer and a 5 biotinylated upstream primer (5-AAC CGT GTA ACC CTC (C/T) T, position 6 476-6 492). The nucleotide numbering used throughout this paper is adopted from the HAstV-2 sequence [4] . The PCR-product was captured on magnetic beads coated with streptavidin (Dynal, Norway), and the minus-strand eluted with NaOH according to the manufacturers' recommendations. After neutralisation the minus-strand was sequenced with a primer (5-AC CGT GTA ACC CTC CTC TC) extending three nt downstream of the upstream PCR primer. The above PCR was not successful for HAstV The following list indicates the number of novel and previously published (GenBank) sequences within each serotype used in the present analyses: HAstV-1: 3 novel samples, 2 published; HAstV-2: 3 novel samples, 1 published; HAstV-3: 3 novel samples; HAstV-4: 2 novel samples, 1 published; HAstV-5: 1 novel sample; HAstV-6: 1 novel sample, 1 published; HAstV-7: 1 novel sample; HAstV-8: 1 in GenBank. The novel samples were from independent outbreaks of diarrhoea, collected in Norway and the UK. In addition cDNA from 12 untyped astroviruses from all over the world were sequenced. The Wisconsin sequence analysis package 8.0 (Genetics Computer Group, Wisconsin, USA) was used for sequence analyses. In addition the PHYLIP 3.5 software package (J. Felsenstein, Department of Genetics, University of Washington, Seattle, USA) was used for phylogenetic analyses.", "cite_spans": [{"start": 111, "end": 114, "text": "[5]", "ref_id": "BIBREF4"}, {"start": 465, "end": 468, "text": "[4]", "ref_id": "BIBREF3"}], "ref_spans": [], "section": "Materials and methods"}, {"text": "Alignment of one cDNA sequence of each serotype is shown in Fig. 1 . The 3-NCRs and the terminal 19 nt of the ORF2, were highly conserved between all the serotypes. In the rest of the sequenced part of the ORF2, however, there were substantial nucleotide and amino acid differences. This suggests a selective pressure on the level of RNA in the extreme 3end of ORF2. In the rest of the sequenced region of the capsid protein precursor, most of the amino acids were not conserved. However, Kimura corrected ratios of synonymous to nonsynonymous nucleotide substitutions were above two, which suggests some conservation at the amino acid level. The distances matrices in Table 1 indicate that HAstV-3 and 7 are closely related, while the C-terminal end of the capsid protein of HAstV-4 is very different from the other serotypes. All the untyped astroviruses had sequences related to one of the known serotypes. Eight of these isolates clustered with HAstV-1, two with HAstV-2 and two, one from Ghaza and one from Uganda, with HAstV-8. These untyped isolates were included in the calculation of the intratype differences shown in Table 1 . The low intra-type RNA sequence variability and the distinct differences between the serotypes indicate that the serotypes based on reactivity to antibodies are phylogenetically distinct groups, as previously suggested [16] . However, the difference between HAstV-3 and 7 is only slightly higher than the differences within HAstV-1 which is the most prevalent serotype [11] . Serotype  1  2  3  4  5  6  7  8   1  5  29  28  57  28  31  29  28  2  49  3  14  61  30  29  14  31  3  36  21  0  58  26  30  7  27  4  123  118  123  3  58  54  58  64  5  4 Phylogenetic analyses, using neighbour joining, maximum parsimony and maximum likelihood, indicated a clade consisting of HAstV-2, 3 and 7 (Fig. 2) . This clade was supported (90 %) by boot-strapping tests.", "cite_spans": [{"start": 1357, "end": 1361, "text": "[16]", "ref_id": "BIBREF15"}, {"start": 1507, "end": 1511, "text": "[11]", "ref_id": "BIBREF10"}], "ref_spans": [{"start": 60, "end": 66, "text": "Fig. 1", "ref_id": "FIGREF1"}, {"start": 669, "end": 676, "text": "Table 1", "ref_id": "TABREF0"}, {"start": 1128, "end": 1135, "text": "Table 1", "ref_id": "TABREF0"}, {"start": 1514, "end": 1691, "text": "Serotype  1  2  3  4  5  6  7  8   1  5  29  28  57  28  31  29  28  2  49  3  14  61  30  29  14  31  3  36  21  0  58  26  30  7  27  4  123  118  123  3  58  54  58  64  5  4", "ref_id": "TABREF0"}, {"start": 1831, "end": 1839, "text": "(Fig. 2)", "ref_id": "FIGREF3"}], "section": "Results and discussion"}, {"text": "Major et al. [12] could not find any significant homology between the 3-end of the HAstV-1 genome and other virus, while Willcocks and Carter [19] found a 17% identity between the 3-NCR of HAstV-1 and certain enteroviruses. Searching data bases of virus nucleic acids, we found a sequence in the avian infectious bronchitis virus (IBV) RNA [1] with 90% identity to the first 35 nt of the conserved part of the 3-end of the HAstV genome (position 6 696-6 730). The 35 nt IBV sequence is in a conserved part of the nucleocapsid gene about 100 nt from the poly(A) tail. The two sequences are not in the same reading frame in IBV and HAstV, and the sequence is not found in other coronaviruses. This makes it unlikely that the similarities are caused by convergent evolution. Statistically, a 90% similarity to a 35 nt sequence is expected to be found once in a sequence of 10 nt. The virus sequence database we used contained 3;10 nt, and the sequence searched for was 300 nt, implying a 10\\ probability for the observed similarity to be incidental.", "cite_spans": [{"start": 13, "end": 17, "text": "[12]", "ref_id": "BIBREF11"}, {"start": 142, "end": 146, "text": "[19]", "ref_id": "BIBREF18"}, {"start": 340, "end": 343, "text": "[1]", "ref_id": "BIBREF0"}], "ref_spans": [], "section": "Results and discussion"}, {"text": "The 35 nt are included in the stem-loop II (Fig. 3) , and in a similar structure in IBV. It has been suggested that transcription pauses caused by strong secondary structures can induce recombination [8] . Together with the high frequency of recombination reported for coronaviruses [7, 13] , the data suggest the homology to be due to a recombination.", "cite_spans": [{"start": 200, "end": 203, "text": "[8]", "ref_id": "BIBREF7"}, {"start": 283, "end": 286, "text": "[7,", "ref_id": "BIBREF6"}, {"start": 287, "end": 290, "text": "13]", "ref_id": "BIBREF12"}], "ref_spans": [{"start": 43, "end": 51, "text": "(Fig. 3)", "ref_id": "FIGREF4"}], "section": "Results and discussion"}, {"text": "Although the regulation of initiation of plus-and minus-strand RNA replication probably differs, some common initiation signals may be located at the 3-ends of the opposite RNA strands [17] . When we compared the 3-and 5-NCRs, a sequence complementary to an eight nucleotide motif (position 6 766-6 773) was found in the conserved part of the 5-NCR (position 13-20). The 3-NCR thus shares this motif with the 3-end of the minus-strand RNA. The octamer sequence in the 3-NCR is conserved, except for position 6 771 which differ from the consensus in HAstV-4, 5 and 7.", "cite_spans": [{"start": 185, "end": 189, "text": "[17]", "ref_id": "BIBREF16"}], "ref_spans": [], "section": "Results and discussion"}, {"text": "Our MFOLD predictions of secondary structures with minimal free energy gave eight stem-loops for most of the serotypes (Figs. 1 and 3) . As shown for HAstV-2 in Fig. 3 , we have extended the Roman numerals numbering of the stem-loops starting from the 3-end as previously suggested [14] .", "cite_spans": [{"start": 282, "end": 286, "text": "[14]", "ref_id": "BIBREF13"}], "ref_spans": [{"start": 119, "end": 134, "text": "(Figs. 1 and 3)", "ref_id": "FIGREF1"}, {"start": 161, "end": 167, "text": "Fig. 3", "ref_id": "FIGREF4"}], "section": "Results and discussion"}, {"text": "In addition to the free energy of the predicted RNA folding, nucleation centres, direction of synthesis, long-range interactions, and extragenomic factors influence the secondary structure. These elements are difficult to analyse, but further evidence for the significance of a secondary structure may be obtained by comparing the predicted folding of closely related RNA-genomes [3] .", "cite_spans": [{"start": 380, "end": 383, "text": "[3]", "ref_id": "BIBREF2"}], "ref_spans": [], "section": "Results and discussion"}, {"text": "Stem-loops I and II are formed in the highly conserved part of the 3-end. Two distinctly different RNA secondary structures, based on RNA sequences of the 3-ends of the HAstV-1 [19] and HAstV-1 and -2 [14] genomes, have previously been predicted. The stem-loop I predicted by MFOLD, corresponded to the one suggested by Monroe et al. [14] . It included six nt of the poly(A) tail which is not included in the folding suggested by Willcocks and Carter [19] . In the stem there are four mismatched base pairs or bulges (Fig. 3 ). There is some nucleotide variation between the serotypes in these positions (Fig. 1) , but the bulges are maintained. This suggests a biological function of the bulges. Similar bulges are, for example, shown to be recognition sites for the binding of Rev and Tat to HIV RNA [2] .", "cite_spans": [{"start": 177, "end": 181, "text": "[19]", "ref_id": "BIBREF18"}, {"start": 201, "end": 205, "text": "[14]", "ref_id": "BIBREF13"}, {"start": 334, "end": 338, "text": "[14]", "ref_id": "BIBREF13"}, {"start": 451, "end": 455, "text": "[19]", "ref_id": "BIBREF18"}, {"start": 802, "end": 805, "text": "[2]", "ref_id": "BIBREF1"}], "ref_spans": [{"start": 517, "end": 524, "text": "(Fig. 3", "ref_id": "FIGREF4"}, {"start": 604, "end": 612, "text": "(Fig. 1)", "ref_id": "FIGREF1"}], "section": "Results and discussion"}, {"text": "The octamer, which has a counterpart in the 3-end of the minus-strand, is situated in the loop of stem-loop I. The MFOLD program did not predict any similar secondary structure in the 3-end of the minus-strand, however, the minus-strand octamer appeared in a single stranded region, suggesting that the putative signal is in the primary sequence.", "cite_spans": [], "ref_spans": [], "section": "Results and discussion"}, {"text": "It has been reported that in the hinge between stem-loop I and II, the HAstV-1 lacks two residues found in HAstV-2 [14] . We found that HAstV-3 and -7 are similar to HAstV-2, while HAstV-4 and -6 are one residue shorter, and HAstV-5 and HAstV-8 are three residues longer than HAstV-2. These differences are probably phylogenetically significant, and support the clade of serotypes 2, 3, and 7. The heterogeneity of this region is consistent with the suggested hinge structure.", "cite_spans": [{"start": 115, "end": 119, "text": "[14]", "ref_id": "BIBREF13"}], "ref_spans": [], "section": "Results and discussion"}, {"text": "The reported compensating nucleotide differences in the stem-loop II of HAstV-1 and 2 [14] , are also found in the other serotypes (Fig. 1) . HAstV-2, 3 and 7 have AGA in position 6 694-6 696 and a complementary TCT in position 6 730-6 732, while HAstV-4 has GAG and CTC, and the other serotypes AAG and CTT, giving an equally stable duplex. The compensating substitutions suggest that the stem is biologically important.", "cite_spans": [{"start": 86, "end": 90, "text": "[14]", "ref_id": "BIBREF13"}], "ref_spans": [{"start": 131, "end": 139, "text": "(Fig. 1)", "ref_id": "FIGREF1"}], "section": "Results and discussion"}, {"text": "Nucleotide substitutions which require compensating substitutions to maintain a vital function, are less likely to have occurred several times during the evolution. The covariations therefore further support the phylogenetic relationship we have proposed between the HAstV-2, -3 and -7, as opposed to the phylogeny proposed by Noel et al. [16] .", "cite_spans": [{"start": 339, "end": 343, "text": "[16]", "ref_id": "BIBREF15"}], "ref_spans": [], "section": "Results and discussion"}, {"text": "In stem-loops III -VIII the stems and loops of the various serotypes differ in length.", "cite_spans": [], "ref_spans": [], "section": "Results and discussion"}, {"text": "The sequences obtained in this work support our previous experimental observations that the 3-NCR is a suitable target for universal and specific detection of astrovirus RNA [6] . The universal primers suggested in the former paper have positions 6 815-6 796 and 6 739-6 761. Our analyses also support the taxonomic classification of astroviruses as a separate family [14] .", "cite_spans": [{"start": 174, "end": 177, "text": "[6]", "ref_id": "BIBREF5"}, {"start": 368, "end": 372, "text": "[14]", "ref_id": "BIBREF13"}], "ref_spans": [], "section": "Results and discussion"}], "bib_entries": {"BIBREF0": {"ref_id": "b0", "title": "Sequences of the nucleocapsid genes from two strains of avian infectious bronchitis virus", "authors": [{"first": "Meg", "middle": [], "last": "Boursnell", "suffix": ""}, {"first": "M", "middle": ["M"], "last": "Binns", "suffix": ""}, {"first": "I", "middle": ["J"], "last": "Foulds", "suffix": ""}, {"first": "Tdk", "middle": [], "last": "Brown", "suffix": ""}], "year": 1985, "venue": "J Gen Virol", "volume": "66", "issn": "", "pages": "573--580", "other_ids": {}}, "BIBREF1": {"ref_id": "b1", "title": "RNA recognition by the human immunodeficiency virus Tat and Rev proteins", "authors": [{"first": "M", "middle": ["J"], "last": "Gait", "suffix": ""}, {"first": "J", "middle": [], "last": "Karn", "suffix": ""}], "year": 1993, "venue": "Trends Biochem Sci", "volume": "18", "issn": "", "pages": "255--259", "other_ids": {}}, "BIBREF2": {"ref_id": "b2", "title": "Phylogenetic comparative analysis of RNA secondary structure", "authors": [{"first": "B", "middle": ["D"], "last": "James", "suffix": ""}, {"first": "G", "middle": ["J"], "last": "Olsen", "suffix": ""}, {"first": "N", "middle": ["R"], "last": "Pace", "suffix": ""}], "year": 1989, "venue": "Methods Enzymol", "volume": "180", "issn": "", "pages": "227--239", "other_ids": {}}, "BIBREF3": {"ref_id": "b3", "title": "RNA sequence of astroviruses: distinctive genomic organization and a putative retrovirus-like ribosomal frameshifting signal that directs the viral replicase synthesis", "authors": [{"first": "B", "middle": [], "last": "Jiang", "suffix": ""}, {"first": "S", "middle": ["S"], "last": "Monroe", "suffix": ""}, {"first": "E", "middle": ["V"], "last": "Koonin", "suffix": ""}, {"first": "S", "middle": ["E"], "last": "Stine", "suffix": ""}, {"first": "R", "middle": ["I"], "last": "Glass", "suffix": ""}], "year": 1993, "venue": "Proc Natl Acad Sci", "volume": "90", "issn": "", "pages": "", "other_ids": {}}, "BIBREF4": {"ref_id": "b4", "title": "Detection of human astrovirus serotype 1 by the polymerase chain reaction", "authors": [{"first": "To /", "middle": [], "last": "Jonassen", "suffix": ""}, {"first": "E", "middle": [], "last": "Kjeldsberg", "suffix": ""}, {"first": "B", "middle": [], "last": "Grinde", "suffix": ""}], "year": 1993, "venue": "J Virol Methods", "volume": "44", "issn": "", "pages": "83--88", "other_ids": {}}, "BIBREF5": {"ref_id": "b5", "title": "Detection of all serotypes of human astrovirus by the polymerase chain reaction", "authors": [{"first": "To /", "middle": [], "last": "Jonassen", "suffix": ""}, {"first": "C", "middle": [], "last": "Monceyron", "suffix": ""}, {"first": "T", "middle": ["W"], "last": "Lee", "suffix": ""}, {"first": "J", "middle": ["B"], "last": "Kurtz", "suffix": ""}, {"first": "B", "middle": [], "last": "Grinde", "suffix": ""}], "year": 1995, "venue": "J Virol Methods", "volume": "52", "issn": "", "pages": "327--334", "other_ids": {}}, "BIBREF6": {"ref_id": "b6", "title": "Experimental evidence of recombination in coronavirus infectious bronchitis virus", "authors": [{"first": "S", "middle": ["A"], "last": "Kottier", "suffix": ""}, {"first": "D", "middle": [], "last": "Cavanagh", "suffix": ""}, {"first": "P", "middle": [], "last": "Britton", "suffix": ""}], "year": 1995, "venue": "Virology", "volume": "213", "issn": "", "pages": "569--580", "other_ids": {}}, "BIBREF7": {"ref_id": "b7", "title": "RNA recombination in animal and plant viruses", "authors": [{"first": "Mmc", "middle": [], "last": "Lai", "suffix": ""}], "year": 1992, "venue": "Microbiol Rev", "volume": "56", "issn": "", "pages": "61--79", "other_ids": {}}, "BIBREF8": {"ref_id": "b8", "title": "Prevalence of human astrovirus serotypes in the Oxford region 1976-92: with evidence for two new serotypes", "authors": [{"first": "T", "middle": ["W"], "last": "Lee", "suffix": ""}, {"first": "J", "middle": ["B"], "last": "Kurtz", "suffix": ""}], "year": 1994, "venue": "Epidemiol Infect", "volume": "112", "issn": "", "pages": "187--193", "other_ids": {}}, "BIBREF9": {"ref_id": "b9", "title": "Analysis of astrovirus serotype 1 RNA, identification of the viral RNA-dependent RNA polymerase motif, and expression of a viral structural protein", "authors": [{"first": "T", "middle": ["L"], "last": "Lewis", "suffix": ""}, {"first": "H", "middle": ["B"], "last": "Greenberg", "suffix": ""}, {"first": "J", "middle": ["E"], "last": "Herrmann", "suffix": ""}, {"first": "L", "middle": ["S"], "last": "Smith", "suffix": ""}, {"first": "S", "middle": ["M"], "last": "Matsui", "suffix": ""}], "year": 1994, "venue": "J Virol", "volume": "68", "issn": "", "pages": "77--83", "other_ids": {}}, "BIBREF10": {"ref_id": "b10", "title": "28 nm particles in faeces in infantile gastroenteritis", "authors": [{"first": "C", "middle": ["R"], "last": "Madeley", "suffix": ""}, {"first": "B", "middle": ["P"], "last": "Cosgrove", "suffix": ""}], "year": 1975, "venue": "Lancet ii", "volume": "", "issn": "", "pages": "451--452", "other_ids": {}}, "BIBREF11": {"ref_id": "b11", "title": "3 terminal nucleotide sequence of human astrovirus type 1 and routine detection of astrovirus nucleic acid and antigens", "authors": [{"first": "M", "middle": ["E"], "last": "Major", "suffix": ""}, {"first": "R", "middle": ["P"], "last": "Eglin", "suffix": ""}, {"first": "A", "middle": ["J"], "last": "Easton", "suffix": ""}], "year": 1992, "venue": "J Virol Methods", "volume": "39", "issn": "", "pages": "217--225", "other_ids": {}}, "BIBREF12": {"ref_id": "b12", "title": "High-frequency RNA recombination of murine coronaviruses", "authors": [{"first": "S", "middle": [], "last": "Makino", "suffix": ""}, {"first": "J", "middle": ["G"], "last": "Keck", "suffix": ""}, {"first": "S", "middle": ["A"], "last": "Stohlman", "suffix": ""}, {"first": "M", "middle": ["M"], "last": "Lai", "suffix": ""}], "year": 1986, "venue": "J Virol", "volume": "57", "issn": "", "pages": "729--737", "other_ids": {}}, "BIBREF13": {"ref_id": "b13", "title": "Subgenomic RNA sequence of human astrovirus supports classification of astroviridae as a new family of RNA viruses", "authors": [{"first": "S", "middle": ["S"], "last": "Monroe", "suffix": ""}, {"first": "B", "middle": [], "last": "Jiang", "suffix": ""}, {"first": "S", "middle": ["E"], "last": "Stine", "suffix": ""}, {"first": "M", "middle": [], "last": "Koopmans", "suffix": ""}, {"first": "R", "middle": ["I"], "last": "Glass", "suffix": ""}], "year": 1993, "venue": "J Virol", "volume": "67", "issn": "", "pages": "", "other_ids": {}}, "BIBREF14": {"ref_id": "b14", "title": "Temporal synthesis of proteins and RNAs during human astrovirus infection of cultured cells", "authors": [{"first": "S", "middle": ["S"], "last": "Monroe", "suffix": ""}, {"first": "S", "middle": ["E"], "last": "Stine", "suffix": ""}, {"first": "L", "middle": [], "last": "Gorelkin", "suffix": ""}, {"first": "J", "middle": ["E"], "last": "Herrmann", "suffix": ""}, {"first": "N", "middle": ["R"], "last": "Blacklow", "suffix": ""}, {"first": "R", "middle": ["I"], "last": "Glass", "suffix": ""}], "year": 1991, "venue": "J Virol", "volume": "65", "issn": "", "pages": "641--648", "other_ids": {}}, "BIBREF15": {"ref_id": "b15", "title": "Typing of human astroviruses from clinical isolates by enzyme immunoassay and nucleotide sequencing", "authors": [{"first": "J", "middle": ["S"], "last": "Noel", "suffix": ""}, {"first": "T", "middle": ["W"], "last": "Lee", "suffix": ""}, {"first": "J", "middle": ["B"], "last": "Kurtz", "suffix": ""}, {"first": "R", "middle": ["I"], "last": "Glass", "suffix": ""}, {"first": "S", "middle": ["S"], "last": "Monroe", "suffix": ""}], "year": 1995, "venue": "J Clin Microbiol", "volume": "33", "issn": "", "pages": "797--801", "other_ids": {}}, "BIBREF16": {"ref_id": "b16", "title": "Towards identification of cis-acting elements involved in the replication of enterovirus and rhinovirus RNAs: a proposal for the existence of tRNA-like terminal structures", "authors": [{"first": "E", "middle": ["V"], "last": "Pilipenko", "suffix": ""}, {"first": "S", "middle": ["A"], "last": "Maslova", "suffix": ""}, {"first": "A", "middle": ["N"], "last": "Sinyakov", "suffix": ""}, {"first": "V", "middle": ["I"], "last": "Agol", "suffix": ""}], "year": 1992, "venue": "Nucleic Acids Res", "volume": "20", "issn": "", "pages": "", "other_ids": {}}, "BIBREF17": {"ref_id": "b17", "title": "The complete sequence of a human astrovirus", "authors": [{"first": "M", "middle": ["M"], "last": "Willcocks", "suffix": ""}, {"first": "Tdk", "middle": [], "last": "Brown", "suffix": ""}, {"first": "C", "middle": ["R"], "last": "Madeley", "suffix": ""}, {"first": "M", "middle": ["J"], "last": "Carter", "suffix": ""}], "year": 1994, "venue": "J Gen Virol", "volume": "75", "issn": "", "pages": "", "other_ids": {}}, "BIBREF18": {"ref_id": "b18", "title": "The 3 terminal sequence of a human astrovirus", "authors": [{"first": "M", "middle": ["M"], "last": "Willcocks", "suffix": ""}, {"first": "M", "middle": ["J"], "last": "Carter", "suffix": ""}], "year": 1992, "venue": "Arch Virol", "volume": "124", "issn": "", "pages": "279--289", "other_ids": {}}}, "ref_entries": {"FIGREF0": {"text": "Another upstream PCR-primer (5-GAG AGT A(A/C)(A/C/T) GAG G(A/G)(C/T) GAA, position 6 389-6 406) was used for HAstV-4 and untyped samples. A primer (5-T GAT GAT GAA GAC TCT AAT AC) extending eleven nt downstream of the 6 389-6 406 primer was used for sequencing the minus-strand of the samples suspected to be HAstV-4. The sequencing of the plus-strand attached to the beads was initiated with the primer 5-TTTTTTTTTTTTTTTTTTGC (position 6 815-6 796). Sequencing was done using the Sequenase 2.0 kit (United States Biochemical, USA), with [S]dATP incorporation, according to the manufacturer's recommendations.", "latex": null, "type": "figure"}, "FIGREF1": {"text": "Alignment of the 3-ends of astrovirus genomes. The numbers above the sequences indicate the nucleotide numbers of HAstV-2. The numbers to the left of the sequences indicate serotype. The predicted loops and bulges are shown underlined, and the predicted stems are indicated by a double line under the base paired nucleotides (including G-U base pairs). The predicted covariations are shaded. The ORF 2 stop codon is in positions 6 713-6 715", "latex": null, "type": "figure"}, "FIGREF2": {"text": ": Jukes-Cantor without gap penalty. Above diagonal: Mean number of substitutions per 100 nt in the 3 0.3 kb of the HAstV RNA (not including the poly (A) tail). On the diagonal: Number of substitutions per 100 nt in the 3 0.3 kb between the most divergent isolates within each HAstV serotype, including the untyped isolates in the same cluster. It was not determined for types 6 and 7, because more than one isolate has not been available. Below diagonal: Number of substitutions per 100 amino acids in the C-terminal 72 amino acids of the capsid protein precursor", "latex": null, "type": "figure"}, "FIGREF3": {"text": "Dendrogram of the maximum likelihood analysis of the 3 0.3 kb of the astrovirus genomic RNA. The transversion:transition ratio was set to 2", "latex": null, "type": "figure"}, "FIGREF4": {"text": "Minimal free energy folding of the 3 0.3 kb of the HAstV-2 RNA as predicted by the MFOLD program", "latex": null, "type": "figure"}, "TABREF0": {"text": "Matrix of distances within and between astrovirus serotypes", "latex": null, "type": "table", "html": "<html><body><table><tr><td>Serotype </td><td>1 </td><td>2 </td><td>3 </td><td>4 </td><td>5 </td><td>6 </td><td>7 </td><td>8\n</td></tr><tr><td>1 </td><td>5 </td><td>29 </td><td>28 </td><td>57 </td><td>28 </td><td>31 </td><td>29 </td><td>28\n</td></tr><tr><td>2 </td><td>49 </td><td>3 </td><td>14 </td><td>61 </td><td>30 </td><td>29 </td><td>14 </td><td>31\n</td></tr><tr><td>3 </td><td>36 </td><td>21 </td><td>0 </td><td>58 </td><td>26 </td><td>30 </td><td>7 </td><td>27\n</td></tr><tr><td>4 </td><td>123 </td><td>118 </td><td>123 </td><td>3 </td><td>58 </td><td>54 </td><td>58 </td><td>64\n</td></tr><tr><td>5 </td><td>49 </td><td>45 </td><td>40 </td><td>118 </td><td>2 </td><td>29 </td><td>25 </td><td>15\n</td></tr><tr><td>6 </td><td>66 </td><td>55 </td><td>55 </td><td>110 </td><td>57 </td><td>nd </td><td>30 </td><td>30\n</td></tr><tr><td>7 </td><td>42 </td><td>29 </td><td>10 </td><td>123 </td><td>42 </td><td>55 </td><td>nd </td><td>30\n</td></tr><tr><td>8 </td><td>49 </td><td>51 </td><td>42 </td><td>118 </td><td>23 </td><td>60 </td><td>47 </td><td>4\n</td></tr></table></body></html>"}}, "back_matter": [{"text": "Received March 15, 1996 ", "cite_spans": [{"start": 9, "end": 23, "text": "March 15, 1996", "ref_id": null}], "ref_spans": [], "section": "annex"}]}