{"paper_id": "0cbd1447be1208e6013a8af7a24920b7899a7abf", "metadata": {"title": "Saikosaponin b2 enhances the hepatotargeting effect of anticancer drugs through inhibition of multidrug resistance-associated drug transporters", "authors": [{"first": "Ya", "middle": [], "last": "Zhao", "suffix": "", "affiliation": {"laboratory": "", "institution": "Guangzhou Higher Education Mega Center", "location": {"postCode": "510006", "settlement": "Guangzhou", "country": "China"}}, "email": ""}, {"first": "Limin", "middle": [], "last": "Feng", "suffix": "", "affiliation": {"laboratory": "", "institution": "Guangzhou Higher Education Mega Center", "location": {"postCode": "510006", "settlement": "Guangzhou", "country": "China"}}, "email": ""}, {"first": "Lijuan", "middle": [], "last": "Liu", "suffix": "", "affiliation": {"laboratory": "", "institution": "Guangzhou Higher Education Mega Center", "location": {"postCode": "510006", "settlement": "Guangzhou", "country": "China"}}, "email": ""}, {"first": "Ruizhi", "middle": [], "last": "Zhao", "suffix": "", "affiliation": {"laboratory": "", "institution": "Guangzhou Higher Education Mega Center", "location": {"postCode": "510006", "settlement": "Guangzhou", "country": "China"}}, "email": ""}]}, "abstract": [{"text": "Aims: Vinegar-baked Radix Bupleuri (VBRB) potentiates the activity of anticancer drugs in the liver by increasing their hepatic distribution. However, this phenomenon may be associated with drug transporters. We investigated the effect of saikosaponin b2 (SSb2; the main component of VBRB) on the activity and expression of different drug transporters in both normal cells and those that overexpress the transporter.", "cite_spans": [], "ref_spans": [], "section": "Abstract"}, {"text": "Main methods: The activities of transporters were analyzed by concentration of their cellular substrates. Concentrations of colchicine (substrate of Pgp and MRP1) and cisplatin (substrate of OCT2 and MRP2) were determined by high-performance liquid chromatography (HPLC). The concentration of rhodamine B was determined by flow cytometry. The expression of transporter gene and protein were determined by qRT-PCR and Western blotting analysis.", "cite_spans": [], "ref_spans": [], "section": "Abstract"}, {"text": "Key findings: SSb2 increased colchicine efflux in HEK293 cells by primarily increasing Mrp1 activity, independent of gene and protein expression. SSb2 enhanced Mrp2 function and increased cisplatin efflux in BRL3A cells by upregulating Mrp2 gene expression, with a marginal effect on Pgp in normal cells. SSb2 increased OCT2 activity in OCT2-HEK293 cells by increasing the expression of OCT2 protein and mRNA; however, SSb2 inhibited MRP2 activity in MRP2-HEK293 cells by decreasing MRP2 protein expression, and decreased Pgp and MRP1 activity in Pgp-and MRP1-HEK293 cells.", "cite_spans": [], "ref_spans": [], "section": "Abstract"}, {"text": "Significance: SSb2 might potentially be the key active component of VBRB that enhances the hepatotargeting of anticancer drugs through the inhibition of multidrug resistance-associated drug transporters (Pgp, MRP1, and MRP2) in an environment-dependent manner.", "cite_spans": [], "ref_spans": [], "section": "Abstract"}], "body_text": [{"text": "Conventional cancer chemotherapeutics induce systemic side effects and have poor local selectivity. Tumor-targeting drugs with high efficacy and selectivity have found widespread application in the treatment of some tumors. However, the high cost of treatment and poor biocompatibility are some limitations of tumor-targeted therapies. The development of safe and effective anticancer drugs is, therefore, a key clinical imperative.", "cite_spans": [], "ref_spans": [], "section": "Introduction"}, {"text": "In traditional Chinese medicine, medicinal guide herbs are used to enhance the effects of chemotherapeutic agents. Compared to targeted drug delivery, this approach is simple, safe, and economical. However, a lack of understanding of the mechanisms of action underlying the effects of this approach limits its wider application and development.", "cite_spans": [], "ref_spans": [], "section": "Introduction"}, {"text": "VBRB, the vinegar-baked product of Radix Bupleuri (the dry radix of Bupleurum Chinese DC and Bupleurum scozonerifolium), is the medicinal hepato-targeting herb. In a study by Cheung et al., VBRB was shown to increase the efficacy of anticancer drugs in patients with unresectable hepatocellular carcinoma [1] . In our previous study, VBRB showed good hepato-targeting efficiency by increasing the distribution of rhein, oxymatrine, and resveratrol in the liver of rats and mice [2] [3] [4] . These findings suggest that VBRB potentiates hepatic drug concentration, although the specific VBRB component responsible for the hepato-targeting effect and its mechanism of action are not known.", "cite_spans": [{"start": 305, "end": 308, "text": "[1]", "ref_id": "BIBREF0"}, {"start": 478, "end": 481, "text": "[2]", "ref_id": "BIBREF1"}, {"start": 482, "end": 485, "text": "[3]", "ref_id": "BIBREF2"}, {"start": 486, "end": 489, "text": "[4]", "ref_id": "BIBREF3"}], "ref_spans": [], "section": "Introduction"}, {"text": "There are different types of compounds, including saikosaponin a, b2, c, and d; polysaccharides; lignin; and volatile oils, in VBRB. recent studies have identified saikosaponins as the principal active component of VBRB, and have explored the activity of the native saponins (saikosaponin a, c, and d) [5] [6] [7] [8] [9] . However, other research suggests that the secondary saponins (saikosaponin b1 and b2), and not the native saponins (saikosaponin a, c, d), are the main components of VBRB in Radix Bupleuri [10, 11] . VBRB is mainly used in the treatment of hepatic diseases. As indicated by previous studies, the effect of VBRB may be associated with the drug transporters in hepatic cells. In our previous study, we found that the hepatoprotective effect of VBRB was enhanced and the content of saikosaponin b2 increased when higher concentrations of vinegar were used to process it [12] . Overall, these studies indicate that saikosaponin b2 may play a key role in the enhanced hepato-targeting effect of VBRB.", "cite_spans": [{"start": 302, "end": 305, "text": "[5]", "ref_id": "BIBREF4"}, {"start": 306, "end": 309, "text": "[6]", "ref_id": "BIBREF5"}, {"start": 310, "end": 313, "text": "[7]", "ref_id": "BIBREF6"}, {"start": 314, "end": 317, "text": "[8]", "ref_id": "BIBREF7"}, {"start": 318, "end": 321, "text": "[9]", "ref_id": "BIBREF8"}, {"start": 513, "end": 517, "text": "[10,", "ref_id": "BIBREF9"}, {"start": 518, "end": 521, "text": "11]", "ref_id": "BIBREF10"}, {"start": 891, "end": 895, "text": "[12]", "ref_id": "BIBREF11"}], "ref_spans": [], "section": "Introduction"}, {"text": "Changes in tissue drug distribution are modulated by the complex interplay of factors in the cell signal transduction pathways, with drug transporters being one of the key players [13] . In this study, we explored the effect of saikosaponin b2 on the activity and expressions of P-glycoprotein (Pgp), multiresistance-related protein 1 and 2 (Mrp1 and Mrp2), and organic cation transporter 2 (Oct2), both in cells with normal expression and over-expression of transporters..", "cite_spans": [{"start": 180, "end": 184, "text": "[13]", "ref_id": "BIBREF12"}], "ref_spans": [], "section": "Introduction"}, {"text": "HEK293 and BRL3A cells were obtained from the American Type Culture Collection (ATCC; Manassas, VA, USA). Cells from both cell lines were maintained in Dulbecco's Modified Eagle's Medium (DMEM; Gibco, Grand Island, USA), which was supplemented with 10% fetal bovine serum (FBS) and 1% penicillin/streptomycin mixture (Gibco, Grand Island, USA). A glutathione (GSH)-stimulated HEK293 cell model was established through the addition of GSH (2 mM) as a stimulant. The stable overexpression of Pgp, OCT2, and MRP2 in HEK293 cells were established by lentiviral vectors according to previously described protocols [14] . Saikosaponin b2 (purity > 98%) was purchased from Winherb Medical Technology ( Fig. 1 ; Shanghai, China). The OCT2, Pgp, Mrp1, and Mrp2 mouse monoclonal antibodies and anti-mouse immunoglobulin G (IgG) horseradish peroxidase (HRP)-conjugated antibodies were purchased from Abcam (Cambridge, UK). The GAPDH antibody was purchased from Cell Signaling Technology (MA, USA). The Pierce\u00ae BCA protein assay kit and TRIzol\u00ae reagent were purchased from Invitrogen (Carlsbad, US); the Revert Aid First Strand cDNA Synthesis and DyNAmo\u2122 Color Flash SYBR\u00ae Green qPCR kits were obtained from ThermoFisher Scientific (Rockford, US). Colchicine, cisplatin, rhodamine B, verapamil, MK571, and 3-[4, 5-dimethylthiazol-2-yl]-2, 5-diphenyl-tetrazolium bromide (MTT) were purchased from Sigma-Aldrich (St. Louis, MO, US). All other chemicals were commercially available and of reagent grade.", "cite_spans": [{"start": 609, "end": 613, "text": "[14]", "ref_id": "BIBREF13"}], "ref_spans": [{"start": 695, "end": 701, "text": "Fig. 1", "ref_id": "FIGREF1"}], "section": "Cell culture and chemicals"}, {"text": "The BRL3A and HEK293 cells were seeded into 96-well plates at a cell density of 2 \u00d7 10 3 and 4 \u00d7 10 3 cells per well, respectively, and incubated for 24 h. Thereafter, these cells were treated with different concentrations of saikosaponin b2 (128.0, 64.0, 25.6, 12.8, 6.4, 1.28, and 0.128 \u03bcM) for 48 h. Subsequently, 20 \u03bcL MTT (50 g/L) was added to the cells, and incubated for 4 h. When formazan was formed, the culture medium was removed and 150 \u03bcL DMSO was added to dissolve the formazan. The optical density was measured at 570 nm.", "cite_spans": [], "ref_spans": [], "section": "Determination of cell viability by MTT assay"}, {"text": "For cisplatin and colchicine uptake assays, cells were seeded into six-well plates, and saikosaponin b2 and/or transporter inhibitors (50 \u03bcM MK571 or 50 \u03bcM verapamil) were added and incubated for 24 h. Subsequently, the cells were treated with 50 \u03bcg/mL cisplatin for 4 h or 50 \u03bcM colchicine for 1 h. Then, the cells were harvested and lysed by the freeze-thaw method (\u221280\u00b0C to 37\u00b0C, three times). The cell lysate was centrifuged, and the supernatant was collected and subjected to high-performance liquid chromatography (HPLC) analysis. Thereafter, separation was conducted using a Diamonsil C18 column (250 \u00d7 4.6 mm, 5 \u03bcm). The mobile phase was water:methanol:acetonitrile (23:46:31; flow rate 1.5 mL\u00b7min \u22121 for cisplatin) and water:methanol (45,55; flow rate 1 mL\u00b7min \u22121 for colchicine) and detection wavelengths were 254 and 353 nm, respectively. The total protein concentration was determined by using the BCA Protein Assay Kit according to the manufacturer's instructions. The substrate uptake was expressed as cisplatin/mg protein or colchicine/mg protein.", "cite_spans": [], "ref_spans": [], "section": "Substrate-uptake assays"}, {"text": "For rhodamine B uptake assays, cells were treated with saikosaponin b2 for 24 h; thereafter, the culture medium was discarded and 200 nM rhodamine B was added for 30 min and incubated in the dark. Then, the cells were harvested for flow cytometry (10,000 cells/time), and we detected the relative fluorescent intensity of intracellular rhodamine B.", "cite_spans": [], "ref_spans": [], "section": "Substrate-uptake assays"}, {"text": "After treatment with saikosaponin b2 for 24 h, the cells were harvested and lysed in RIPA buffer containing protease inhibitors. Protein concentrations were determined by the BCA Protein Assay kit. Equal amounts of protein were separated by SDS-PAGE. After membrane transfer and blocking, the membrane was treated with primary antibodies [OCT2 (1:500), Mrp1 (1:1,000), Mrp2 (1:500), and Pgp (1:1,000)] overnight at 4\u00b0C and incubated with HRP-linked anti-rabbit IgG for 1 h at room temperature. We used ECL to develop immunoreactive bands that were exposed on Kodak Medical X-Ray film. The intensity was analyzed by Gel Doc\u2122 XR Quantity One\u00ae 1-D analysis software (Bio-Rad Laboratories, Richmond, CA, US) and normalized by GAPDH expression in each sample.", "cite_spans": [], "ref_spans": [], "section": "Western blotting analysis"}, {"text": "After 24-h treatment with saikosaponin b 2 , the cells were harvested and total RNA was extracted with the TRIzol\u00ae reagent. We used 1 \u03bcg total RNA as a template for cDNA synthesis. We synthesized first strand cDNA by using the Revert Aid First Strand cDNA synthesis kit according to the manufacturer's protocol. This cDNA was used for q RT-PCR, together with the primers listed in Table 1 . The amplification reactions were undertaken using the ABI 7500 real-time PCR machine (Applied Biosystems, USA) under the following conditions: denaturation for 10 min at 95\u00b0C, followed by 40 cycles at 95\u00b0C for 15 s and 60\u00b0C for 1 min. The 2 \u2212\u0394\u0394 Ct method was used for data analysis.", "cite_spans": [], "ref_spans": [{"start": 381, "end": 388, "text": "Table 1", "ref_id": "TABREF0"}], "section": "Quantitative real-time PCR"}, {"text": "All experiments were conducted in triplicate, and the results are expressed as mean \u00b1 standard deviation (SD). Data processing and analysis were undertaken with the SPSS 17.0 software. Independent samples t-test was used for pair-wise comparisons, whereas Fisher's Least Significant Difference (LSD) test was used for multiple comparisons. P < 0.05 or P < 0.01 was considered indicative of statistical significance.", "cite_spans": [], "ref_spans": [], "section": "Statistical analysis"}, {"text": "With the MTT assay, we investigated the effect of saikosaponin b2 (0.128-128.0 \u03bcM) on the viability of BRL3A and HEK293 cells. More than 80% of BRL3A and HEK293 cells survived at concentrations of up to 128.0 and 64.0 \u03bcM, respectively. Therefore, we used these two concentrations in subsequent experiments.", "cite_spans": [], "ref_spans": [], "section": "Cell viability assays after treatment with saikosaponin b2"}, {"text": "Colchicine was used to study the activity of Pgp and MRP1 because it is a substrate for both of these transporters. To exclude their interference with each other, we added the MRP1 inhibitor MK571 and the Pgp inhibitor verapamil. After 48-h treatment of HEK293 cells with saikosaponin b2 (64.0 \u03bcM), the colchicine uptake was decreased by 25.2% (P < 0.05) as compared to that in the control group ( Fig. 2A) . However, 48 h after the addition of the inhibitors MK571 or verapamil, both inhibitors significantly increased colchicine uptake (P < 0.01). These results indicated that both Pgp and MRP1 contributed to colchicine efflux. Compared to the verapamil-control group, treatment with saikosaponin b2 decreased colchicine uptake by 28.5% (P < 0.05; Fig. 2C ). However, saikosaponin b2 showed no significant effect when compared to the MK571-control group (Fig. 2B) . Furthermore, we studied the effect of saikosaponin b2 on the Pgp and MRP1 protein and mRNA levels. Saikosaponin b2 had a marginal effect on both Pgp (Fig. 2D, E) , and Mrp1 (Fig. 2F, G) protein and mRNA, respectively. These findings indicated that saikosaponin b2 decreased the accumulation of colchicine in HEK293 cells, mainly by increasing Mrp1 activity.", "cite_spans": [], "ref_spans": [{"start": 398, "end": 406, "text": "Fig. 2A)", "ref_id": "FIGREF2"}, {"start": 751, "end": 758, "text": "Fig. 2C", "ref_id": "FIGREF2"}, {"start": 857, "end": 866, "text": "(Fig. 2B)", "ref_id": "FIGREF2"}, {"start": 1018, "end": 1030, "text": "(Fig. 2D, E)", "ref_id": "FIGREF2"}, {"start": 1042, "end": 1054, "text": "(Fig. 2F, G)", "ref_id": "FIGREF2"}], "section": "Effect of saikosaponin b2 on the activity and expressions of Pgp and MRP1 in HEK293 cells"}, {"text": "Cisplatin is a platinum-based drug that is a substrate of both OCT2 and Mrp2. Therefore, we investigated the effect of saikosaponin b2 on OCT2 and Mrp2 activities by detecting the accumulation of cisplatin in BRL3A cells. After 24-h treatment with 128.0 \u03bcM saikosaponin b2, cisplatin accumulation decreased by 53.0% (P < 0.05, Fig. 3A ). Subsequently, we determined the protein and mRNA expressions of OCT2 and Mrp2 to study the underlying mechanisms. Saikosaponin b2 had no remarkable effect on OCT2 protein and OCT2 mRNA expression (Fig. 3C) . Furthermore, saikosaponin b2 did not have a notable effect on Mrp2 protein; however, it increased the Mrp2 mRNA expression by 223.5% (Fig. 3D, E) . These results indicated that saikosaponin b2 hampered cisplatin uptake in normal cells mainly by increasing the Mrp2 gene expression.", "cite_spans": [], "ref_spans": [{"start": 327, "end": 334, "text": "Fig. 3A", "ref_id": "FIGREF3"}, {"start": 534, "end": 543, "text": "(Fig. 3C)", "ref_id": "FIGREF3"}, {"start": 679, "end": 691, "text": "(Fig. 3D, E)", "ref_id": "FIGREF3"}], "section": "Effect of saikosaponin b2 on the activity and expressions of Mrp2 and OCT2 in BRL3A cells"}, {"text": "After 24-h treatment of OCT2-HEK293 cells, saikosaponin b2 increased cisplatin uptake by 61.3% (P < 0.05, Fig. 4 ). Both protein and mRNA expressions of OCT2 were increased by 49.7% (P < 0.05) and 111.3% (P < 0.05), respectively. These results indicate that saikosaponin b2 increases OCT2 activity in a protein-and gene-dependent manner.", "cite_spans": [], "ref_spans": [{"start": 106, "end": 112, "text": "Fig. 4", "ref_id": "FIGREF4"}], "section": "Saikosaponin b2 increased OCT2 activity in OCT2-HEK293 cells but decreased MRP2 activity in MRP2-HEK293 cells"}, {"text": "In MRP2-HEK293 cells, saikosaponin b2 increased the uptake of cisplatin by 35.8% (P < 0.05), whereas MK571 (the inhibitor of MRP2) increased the uptake of cisplatin by 19.5% (P < 0.05, Fig. 5A ). The MRP2 protein expression was decreased by 40.6% and 51.3% after treatment with saikosaponin b2 and MK571, respectively (P < 0.05, Fig. 5B, C) .", "cite_spans": [], "ref_spans": [{"start": 185, "end": 192, "text": "Fig. 5A", "ref_id": "FIGREF5"}, {"start": 329, "end": 340, "text": "Fig. 5B, C)", "ref_id": "FIGREF5"}], "section": "Saikosaponin b2 increased OCT2 activity in OCT2-HEK293 cells but decreased MRP2 activity in MRP2-HEK293 cells"}, {"text": "Rhodamine B is a substrate of Pgp. As shown in Fig. 6 , the relative fluorescence of rhodamine B decreased significantly (P < 0.01) in Pgp-HEK293 cells, compared to that with the vectors. Following the addition of saikosaponin b2 or verapamil (a Pgp inhibitor) to Pgp-HEK293 cells, the relative fluorescence of rhodamine B was significantly increased by 337.4% and 163.1% (P < 0.01), respectively. These results indicate that saikosaponin b2 inhibits Pgp activity when Pgp is overexpressed, and the effect was stronger than that of verapamil. However, To examine the effect of saikosaponin b2 on the overexpression of MRP1, we constructed a GSH-stimulated HEK293 cell model because MRP1 is a GSH-dependent protein. When stimulated by GSH, the uptake of colchicine in HEK293 cells significantly declined, and the MRP1 gene and protein expressions notably increased (P < 0.01, P < 0.05). After the addition of MK571 (the MRP1 inhibitor), colchicine uptake increased by 75.6% (P < 0.01), whereas MRP1 gene and protein expressions decreased by 48.5% (P < 0.05) and 97.1% (P < 0.01, Fig. 7) , respectively. These data indicate the successful establishment of the cell model. Treatment with saikosaponin b2 increased colchicine uptake by 51.4% (P < 0.05), but did not affect MRP1 protein and mRNA expressions.", "cite_spans": [], "ref_spans": [{"start": 47, "end": 53, "text": "Fig. 6", "ref_id": "FIGREF6"}, {"start": 1078, "end": 1085, "text": "Fig. 7)", "ref_id": null}], "section": "Saikosaponin b2 decreased Pgp activity in Pgp-HEK293 cells and decreased MRP1 activity in GSH-stimulated HEK293 cells"}, {"text": "For many years, medicinal targeting herbs have been used in combination with antitumor drugs in the treatment of tumors in Chinese medicine clinics. The rationale for the use of medicinal targeting herbs during tumor treatment is that they increase the distribution of antitumor compounds in the target tissue. VBRB is commonly used as a medicinal hepato-targeting herb. However, the active ingredient of VBRB which targets hepatic cells and its underlying mechanism of action are not well characterized.", "cite_spans": [], "ref_spans": [], "section": "Discussion"}, {"text": "Drug transporters are determinants of tissue distribution and are amenable to modulation by foreign substances. The active ingredients of medicinal targeting drugs may serve as inducers or inhibitors of transporters, which may then modify the tissue distribution of other drugs. Although saikosaponin a and d are the index components of Radix Bupleuri, both of these native saponins can be transformed to secondary saponins (saikosaponin b1 and b2) through processing as decoction and with vinegar. Because saikosaponin a is relatively stable, saikosaponin b2 is considered the index component of VBRB. However, there are limited reports with regard to its bioactivity. Studies have shown that VBRB has a good inhibitory effect on the human corona virus 229 E [15] . In addition, VBRB was shown to inhibit the entry of the hepatitis C virus [16] . Furthermore, saikosaponin b2 was shown to inhibit etoposide-induced NF-\u03baB activation in B16F10 melanoma cells, which exposed a new approach to overcome cancer chemoresistance [17] . Moreover, it was shown to cause IgE-induced mast cell degranulation, which was related to the inflammatory response [18] . To the best of our knowledge, this is the first study to document the effect of saikosaponin b2 on drug transporters. Indeed, saikosaponin b2 may be the active component which is responsible for the enhanced hepatotargeting effects of VBRB.", "cite_spans": [{"start": 760, "end": 764, "text": "[15]", "ref_id": "BIBREF14"}, {"start": 841, "end": 845, "text": "[16]", "ref_id": "BIBREF15"}, {"start": 1023, "end": 1027, "text": "[17]", "ref_id": "BIBREF16"}, {"start": 1146, "end": 1150, "text": "[18]", "ref_id": "BIBREF17"}], "ref_spans": [], "section": "Discussion"}, {"text": "Transporters are transmembrane proteins that facilitate the movement of a wide variety of substrates across membrane bilayers. Not only are these transporters responsible for the delivery of nutrients and endogenous substances, but they may also help protect against endogenous and exogenous toxicity. The functions of these transporters are influenced by the body state as well as by the types and concentrations of exogenous substances. Because anticancer therapy typically requires a long duration of administration and given that safety is a key concern during anticancer therapy, we studied the effect of saikosaponin b2 on drug transporters in both normal cells and those that overexpress transporters.", "cite_spans": [], "ref_spans": [], "section": "Discussion"}, {"text": "The Pgp transporter is ubiquitously expressed and abundantly expressed in the liver, especially in hepatocellular carcinoma cells. Saikosaponin b2 had marginal effect on Pgp activity in the normal state; however, it significantly inhibited Pgp activity in Pgp-HEK293 cells. This finding suggested that the coadministration of antitumor drugs with VBRB may lead to hepatic accumulation of the drug and-, thereby, exhibit a synergistic effect toward achieving a clinical effect with less generalized systemic toxicity [1] . Furthermore, in normal HEK293 or in Pgp-overexpressing HEK293 cells, the protein and gene expressions were inconsistent with their activities. Pgp is an ATP-binding cassette transporter, whose function is not only dependent on the protein and mRNA levels, but is also related to the energy supply and other variables such as hepatic nuclear factors [19] . Other studies have shown that certain drugs modulate the expression of Pgp through certain cell signaling pathways. Kim et al. [20] found that metformin activated AMPK and suppressed MDR1 expression in MCF-7/adr cells by inhibiting the activation of NF-\u03baB and CREB. Seo et al. [21] showed that downregulation of Pgp through inhibition of the DNA-PKcs/Akt/GSK-3\u03b2 pathway may ameliorate multidrug resistance. Further studies are required to determine whether saikosaponin b2 modulates the function of Pgp via these signaling pathways.", "cite_spans": [{"start": 516, "end": 519, "text": "[1]", "ref_id": "BIBREF0"}, {"start": 871, "end": 875, "text": "[19]", "ref_id": "BIBREF18"}, {"start": 1005, "end": 1009, "text": "[20]", "ref_id": "BIBREF19"}, {"start": 1155, "end": 1159, "text": "[21]", "ref_id": "BIBREF20"}], "ref_spans": [], "section": "Discussion"}, {"text": "Furthermore, we studied the other two efflux transporters (MRP1/ Mrp1 and MRP2/Mrp2) that are related to tumor multidrug resistance. The effect of saikosaponin b2 on both transporters was similar. Saikosaponin b2 enhanced MRP1/Mrp1 and MRP2/Mrp2 function in normal cells, but significantly inhibited MRP1 and MRP2 activity in MRP1-HEK293 cells and MRP2-HEK293 cells, respectively. Both MRP1/Mrp1 and MRP2/Mrp2 normally participate in the detoxification process [22] . Thus, enhancing their function in the normal state helps to avoid the harmful effects of exogenous compounds in the body. However, high expression levels of MRP1 and MRP2 in lung, breast, ovarian, and hepatocellular carcinoma cells were associated with unfavorable outcomes and poor prognosis [23] [24] [25] [26] [27] [28] . Our results indicate that saikosaponin b2 may improve the therapeutic efficacy of antitumor drugs against multidrug-resistant cancers that cause overexpression of MRP1/Mrp1 and MRP2/Mrp2. Unlike the former three transporters, OCT2/Oct2 is an influx transporter that mainly transports cationic compounds. The frequently used antitumor drugs cisplatin and oxaliplatin are substrates of OCT2. Moreover, compensatory renal overexpression of OCT2/Oct2 has been demonstrated in hepatic diseases [29] ; therefore, we studied the effect of saikosaponin b2 on OCT2/Oct2 under normal and overexpressed conditions. Saikosaponin b2 enhanced OCT2 activity in the overexpressed condition by upregulating both mRNA and protein expressions. Our study indicates saikosaponin b2 may aggravate the renal toxicity of platinum-containing anticancer drugs when used for the treatment of hepatocellular carcinoma.", "cite_spans": [{"start": 461, "end": 465, "text": "[22]", "ref_id": "BIBREF21"}, {"start": 761, "end": 765, "text": "[23]", "ref_id": "BIBREF22"}, {"start": 766, "end": 770, "text": "[24]", "ref_id": "BIBREF23"}, {"start": 771, "end": 775, "text": "[25]", "ref_id": "BIBREF24"}, {"start": 776, "end": 780, "text": "[26]", "ref_id": "BIBREF25"}, {"start": 781, "end": 785, "text": "[27]", "ref_id": "BIBREF26"}, {"start": 786, "end": 790, "text": "[28]", "ref_id": "BIBREF27"}, {"start": 1282, "end": 1286, "text": "[29]", "ref_id": "BIBREF28"}], "ref_spans": [], "section": "Discussion"}, {"text": "Saikosaponin b2 might potentially be the key active ingredient of VBRB that enhances the effect of hepatotargeted anticancer drugs through the inhibition of multidrug resistance-associated drug transporters (Pgp, MRP1/Mrp1, and MRP2/Mrp2). Thus, saikosaponin b2 enhanced the efficiency of chemotherapy drugs and prevented the development of multidrug resistance in hepatocellular carcinoma. However, the use of platinum-containing anticancer drugs should be avoided in combination with saikosaponin b2 treatment.", "cite_spans": [], "ref_spans": [], "section": "Conclusions"}, {"text": "The authors declare they have no conflict of interests.", "cite_spans": [], "ref_spans": [], "section": "Declaration of Competing Interest"}], "bib_entries": {"BIBREF0": {"ref_id": "b0", "title": "Chinese medicines as an adjuvant therapy for unresectable hepatocellular carcinoma during transarterial chemoembolization: a meta-analysis of randomized controlled trials", "authors": [{"first": "F", "middle": [], "last": "Cheung", "suffix": ""}, {"first": "X", "middle": [], "last": "Wang", "suffix": ""}, {"first": "N", "middle": [], "last": "Wang", "suffix": ""}, {"first": "M", "middle": ["F"], "last": "Yuen", "suffix": ""}, {"first": "T", "middle": ["C"], "last": "Ziea", "suffix": ""}, {"first": "Y", "middle": [], "last": "Tong", "suffix": ""}, {"first": "V", "middle": ["T"], "last": "Wong", "suffix": ""}, {"first": "Y", "middle": [], "last": "Feng", "suffix": ""}], "year": 2013, "venue": "Evid. Based Complement. Alternat. Med", "volume": "", "issn": "", "pages": "", "other_ids": {}}, "BIBREF1": {"ref_id": "b1", "title": "Liver targeting effect of vinegar-baked Radix Bupleuri on oxymatrine in mice", "authors": [{"first": "R", "middle": ["Z"], "last": "Zhao", "suffix": ""}, {"first": "Y", "middle": ["J"], "last": "Chen", "suffix": ""}, {"first": "J", "middle": ["X"], "last": "Cai", "suffix": ""}], "year": 2011, "venue": "2011 IEEE International Conference on", "volume": "", "issn": "", "pages": "740--745", "other_ids": {}}, "BIBREF2": {"ref_id": "b2", "title": "Liver targeting effect of vinegar-baked Radix Bupleuri on rhein in rats", "authors": [{"first": "R", "middle": ["Z"], "last": "Zhao", "suffix": ""}, {"first": "D", "middle": [], "last": "Yuan", "suffix": ""}, {"first": "S", "middle": ["J"], "last": "Liu", "suffix": ""}, {"first": "Y", "middle": ["J"], "last": "Chen", "suffix": ""}, {"first": "L", "middle": ["J"], "last": "Liu", "suffix": ""}, {"first": "Y", "middle": [], "last": "Zhao", "suffix": ""}], "year": 2010, "venue": "J. Ethnopharmacol", "volume": "132", "issn": "", "pages": "421--428", "other_ids": {}}, "BIBREF3": {"ref_id": "b3", "title": "Study on liver targeting effect of vinegarbaked Radix Bupleuri on resveratrol in mice", "authors": [{"first": "R", "middle": ["Z"], "last": "Zhao", "suffix": ""}, {"first": "S", "middle": ["J"], "last": "Liu", "suffix": ""}, {"first": "S", "middle": ["R"], "last": "Mao", "suffix": ""}, {"first": "Y", "middle": ["J"], "last": "Wang", "suffix": ""}], "year": 2009, "venue": "J. Ethnopharmacol", "volume": "126", "issn": "", "pages": "415--420", "other_ids": {}}, "BIBREF4": {"ref_id": "b4", "title": "Saikosaponin A, an active glycoside from Radix bupleuri, reverses P-glycoprotein-mediated multidrug resistance in MCF-7/ADR cells and HepG2/ADM cells", "authors": [{"first": "R", "middle": ["P"], "last": "Ye", "suffix": ""}, {"first": "Z", "middle": ["D"], "last": "Chen", "suffix": ""}], "year": 2017, "venue": "Xenobiotica", "volume": "47", "issn": "", "pages": "176--184", "other_ids": {}}, "BIBREF5": {"ref_id": "b5", "title": "Suppressing effect of saikosaponin A, an active ingredient of Bupleurum falcatum, on chocolate self-administration and reinstatement of chocolate seeking in rats", "authors": [{"first": "I", "middle": [], "last": "Lorrai", "suffix": ""}, {"first": "P", "middle": [], "last": "Maccioni", "suffix": ""}, {"first": "M", "middle": ["A"], "last": "Carai", "suffix": ""}, {"first": "A", "middle": [], "last": "Capra", "suffix": ""}, {"first": "M", "middle": ["P"], "last": "Castelli", "suffix": ""}, {"first": "A", "middle": [], "last": "Riva", "suffix": ""}, {"first": "P", "middle": [], "last": "Morazzoni", "suffix": ""}, {"first": "G", "middle": ["L"], "last": "Gessa", "suffix": ""}, {"first": "G", "middle": [], "last": "Colombo", "suffix": ""}], "year": 2017, "venue": "Neurosci. Lett", "volume": "638", "issn": "", "pages": "211--217", "other_ids": {}}, "BIBREF6": {"ref_id": "b6", "title": "Effects of Saikosaponin D on apoptosis in human U87 glioblastoma cells", "authors": [{"first": "Y", "middle": [], "last": "Li", "suffix": ""}, {"first": "T", "middle": [], "last": "Cai", "suffix": ""}, {"first": "W", "middle": [], "last": "Zhang", "suffix": ""}, {"first": "W", "middle": [], "last": "Zhu", "suffix": ""}, {"first": "S", "middle": [], "last": "Lv", "suffix": ""}], "year": 2017, "venue": "Mol. Med. Rep", "volume": "16", "issn": "", "pages": "1459--1464", "other_ids": {}}, "BIBREF7": {"ref_id": "b7", "title": "Reversal of P-glycoproteinmediated multidrug resistance is induced by saikosaponin D in breast cancer MCF-7/adriamycin cells", "authors": [{"first": "C", "middle": [], "last": "Li", "suffix": ""}, {"first": "X", "middle": [], "last": "Guan", "suffix": ""}, {"first": "H", "middle": [], "last": "Xue", "suffix": ""}, {"first": "P", "middle": [], "last": "Wang", "suffix": ""}, {"first": "M", "middle": [], "last": "Wang", "suffix": ""}, {"first": "X", "middle": [], "last": "Gai", "suffix": ""}], "year": 2017, "venue": "Pathol. Res. Pract", "volume": "213", "issn": "", "pages": "848--853", "other_ids": {}}, "BIBREF8": {"ref_id": "b8", "title": "Saikosaponin C inhibits lipopolysaccharide-induced apoptosis by suppressing caspase-3 activation and subsequent degradation of focal adhesion kinase in human umbilical vein endothelial cells", "authors": [{"first": "T", "middle": ["H"], "last": "Lee", "suffix": ""}, {"first": "J", "middle": [], "last": "Chang", "suffix": ""}, {"first": "B", "middle": ["M"], "last": "Kim", "suffix": ""}], "year": 2014, "venue": "Biochem. Biophys. Res. Commun", "volume": "445", "issn": "", "pages": "615--621", "other_ids": {}}, "BIBREF9": {"ref_id": "b9", "title": "Chemical and biological comparison of raw and vinegar-baked Radix Bupleuri", "authors": [{"first": "Z", "middle": ["Y"], "last": "Li", "suffix": ""}, {"first": "H", "middle": ["M"], "last": "Sun", "suffix": ""}, {"first": "J", "middle": [], "last": "Xing", "suffix": ""}, {"first": "X", "middle": ["M"], "last": "Qin", "suffix": ""}, {"first": "G", "middle": ["H"], "last": "Du", "suffix": ""}], "year": 2015, "venue": "J. Ethnopharmacol", "volume": "165", "issn": "", "pages": "20--28", "other_ids": {}}, "BIBREF10": {"ref_id": "b10", "title": "Influence of processing on four saikosaponins in Radix Bupleuri", "authors": [{"first": "H", "middle": [], "last": "Jiang", "suffix": ""}, {"first": "J", "middle": [], "last": "Li", "suffix": ""}, {"first": "R", "middle": ["B"], "last": "Shi", "suffix": ""}, {"first": "W", "middle": ["P"], "last": "Yin", "suffix": ""}], "year": 2009, "venue": "Chin. Pharm. J", "volume": "44", "issn": "", "pages": "1618--1621", "other_ids": {}}, "BIBREF11": {"ref_id": "b11", "title": "Vinegar amount in the process affected the components of vinegar-baked Radix Bupleuri and its hepatoprotective effect", "authors": [{"first": "Y", "middle": [], "last": "Zhao", "suffix": ""}, {"first": "Y.-J", "middle": [], "last": "Wang", "suffix": ""}, {"first": "R.-Z", "middle": [], "last": "Zhao", "suffix": ""}, {"first": "F.-J", "middle": [], "last": "Xiang", "suffix": ""}], "year": 2016, "venue": "BMC Complement. Altern. Med", "volume": "16", "issn": "", "pages": "", "other_ids": {}}, "BIBREF12": {"ref_id": "b12", "title": "Transporters as a determinant of drug clearance and tissue distribution", "authors": [{"first": "Y", "middle": [], "last": "Shitara", "suffix": ""}, {"first": "T", "middle": [], "last": "Horie", "suffix": ""}, {"first": "Y", "middle": [], "last": "Sugiyama", "suffix": ""}], "year": 2006, "venue": "Eur. J. Pharm. Sci", "volume": "27", "issn": "", "pages": "425--446", "other_ids": {}}, "BIBREF13": {"ref_id": "b13", "title": "Clerosterol from vinegar-baked Radix Bupleuri modifies drug transport", "authors": [{"first": "Y", "middle": [], "last": "Zhao", "suffix": ""}, {"first": "L", "middle": ["M"], "last": "Feng", "suffix": ""}, {"first": "L", "middle": ["J"], "last": "Liu", "suffix": ""}, {"first": "X", "middle": [], "last": "Zhang", "suffix": ""}, {"first": "R", "middle": ["Z"], "last": "Zhao", "suffix": ""}], "year": 2017, "venue": "Oncotarget", "volume": "8", "issn": "", "pages": "21351--21361", "other_ids": {}}, "BIBREF14": {"ref_id": "b14", "title": "Antiviral effects of saikosaponins on human coronacirus 299E in vitro", "authors": [{"first": "P", "middle": ["W"], "last": "Cheng", "suffix": ""}, {"first": "L", "middle": ["T"], "last": "Ng", "suffix": ""}, {"first": "L", "middle": ["C"], "last": "Chiang", "suffix": ""}, {"first": "C", "middle": ["C"], "last": "Lin", "suffix": ""}], "year": 2006, "venue": "Clin. Exp. Pharmacol. Physiol", "volume": "33", "issn": "", "pages": "612--616", "other_ids": {}}, "BIBREF15": {"ref_id": "b15", "title": "Saikosaponin b2 is a naturally occurring terpenoid that efficiently inhibits hepatitis C virus entry", "authors": [{"first": "L", "middle": ["T"], "last": "Lin", "suffix": ""}, {"first": "C", "middle": ["Y"], "last": "Chung", "suffix": ""}, {"first": "W", "middle": ["C"], "last": "Hsu", "suffix": ""}, {"first": "S", "middle": ["P"], "last": "Chang", "suffix": ""}, {"first": "T", "middle": ["C"], "last": "Hung", "suffix": ""}, {"first": "J", "middle": [], "last": "Shields", "suffix": ""}, {"first": "R", "middle": ["S"], "last": "Russell", "suffix": ""}, {"first": "C", "middle": ["C"], "last": "Lin", "suffix": ""}, {"first": "C", "middle": ["F"], "last": "Li", "suffix": ""}, {"first": "M", "middle": ["H"], "last": "Yen", "suffix": ""}, {"first": "D", "middle": ["L"], "last": "Tyrrell", "suffix": ""}, {"first": "C", "middle": ["C"], "last": "Lin", "suffix": ""}, {"first": "C", "middle": ["D"], "last": "Richardson", "suffix": ""}], "year": 2015, "venue": "J. Hepatol", "volume": "62", "issn": "", "pages": "541--548", "other_ids": {}}, "BIBREF16": {"ref_id": "b16", "title": "Chemosensitizing effect of saikosaponin B on B16F10 melanoma cells", "authors": [{"first": "H", "middle": [], "last": "Ma", "suffix": ""}, {"first": "S", "middle": [], "last": "Yokoyama", "suffix": ""}, {"first": "I", "middle": [], "last": "Saiki", "suffix": ""}, {"first": "Y", "middle": [], "last": "Hayakawa", "suffix": ""}], "year": 2017, "venue": "Nutr. Cancer", "volume": "69", "issn": "", "pages": "505--511", "other_ids": {}}, "BIBREF17": {"ref_id": "b17", "title": "Identification of a specific agonist of human TAS2R14 from Radix Bupleuri through virtual screening, functional evaluation and binding studies", "authors": [{"first": "Y", "middle": ["X"], "last": "Zhang", "suffix": ""}, {"first": "X", "middle": [], "last": "Wang", "suffix": ""}, {"first": "X", "middle": [], "last": "Li", "suffix": ""}, {"first": "S", "middle": [], "last": "Peng", "suffix": ""}, {"first": "S", "middle": ["F"], "last": "Wang", "suffix": ""}, {"first": "C", "middle": ["Z"], "last": "Huang", "suffix": ""}, {"first": "C", "middle": ["Z"], "last": "Huang", "suffix": ""}, {"first": "Q", "middle": [], "last": "Zhang", "suffix": ""}, {"first": "D", "middle": [], "last": "Li", "suffix": ""}, {"first": "J", "middle": [], "last": "Jiang", "suffix": ""}, {"first": "Q", "middle": [], "last": "Ouyang", "suffix": ""}], "year": 2017, "venue": "Sci. Rep", "volume": "7", "issn": "", "pages": "", "other_ids": {}}, "BIBREF18": {"ref_id": "b18", "title": "Hepatocyte nuclear factor 1 beta upregulates P-glycoprotein expression in human intestinal epithelial cells", "authors": [{"first": "S", "middle": [], "last": "Priyamvada", "suffix": ""}, {"first": "M", "middle": [], "last": "Anwar", "suffix": ""}, {"first": "A", "middle": [], "last": "Kumar", "suffix": ""}, {"first": "A", "middle": ["N"], "last": "Anbazhagan", "suffix": ""}, {"first": "R", "middle": ["K"], "last": "Gill", "suffix": ""}, {"first": "W", "middle": ["A"], "last": "Alrefai", "suffix": ""}, {"first": "P", "middle": ["K"], "last": "Dudeja", "suffix": ""}, {"first": "S", "middle": [], "last": "Saksena", "suffix": ""}], "year": 2017, "venue": "Gastroenterology", "volume": "152", "issn": "", "pages": "66--67", "other_ids": {}}, "BIBREF19": {"ref_id": "b19", "title": "Metformin inhibits P-glycoprotein expression via the NF-kappaB pathway and CRE transcriptional activity through AMPK activation", "authors": [{"first": "H", "middle": ["G"], "last": "Kim", "suffix": ""}, {"first": "T", "middle": ["T"], "last": "Hien", "suffix": ""}, {"first": "E", "middle": ["H"], "last": "Han", "suffix": ""}, {"first": "Y", "middle": ["P"], "last": "Hwang", "suffix": ""}, {"first": "J", "middle": ["H"], "last": "Choi", "suffix": ""}, {"first": "K", "middle": ["W"], "last": "Kang", "suffix": ""}, {"first": "K", "middle": ["I"], "last": "Kwon", "suffix": ""}, {"first": "B", "middle": ["H"], "last": "Kim", "suffix": ""}, {"first": "S", "middle": ["K"], "last": "Kim", "suffix": ""}, {"first": "G", "middle": ["Y"], "last": "Song", "suffix": ""}, {"first": "T", "middle": ["C"], "last": "Jeong", "suffix": ""}, {"first": "H", "middle": ["G"], "last": "Jeong", "suffix": ""}], "year": 2011, "venue": "Br. J. Pharmacol", "volume": "162", "issn": "", "pages": "1096--1108", "other_ids": {}}, "BIBREF20": {"ref_id": "b20", "title": "TRAIL sensitize MDR cells to MDR-related drugs by down-regulation of Pglycoprotein through inhibition of DNA-PKcs/Akt/GSK-3beta pathway and activation of caspases", "authors": [{"first": "S", "middle": ["B"], "last": "Seo", "suffix": ""}, {"first": "J", "middle": ["G"], "last": "Hur", "suffix": ""}, {"first": "M", "middle": ["J"], "last": "Kim", "suffix": ""}, {"first": "J", "middle": ["W"], "last": "Lee", "suffix": ""}, {"first": "H", "middle": ["B"], "last": "Kim", "suffix": ""}, {"first": "J", "middle": ["H"], "last": "Bae", "suffix": ""}, {"first": "D", "middle": ["W"], "last": "Kim", "suffix": ""}, {"first": "C", "middle": ["D"], "last": "Kang", "suffix": ""}, {"first": "S", "middle": ["H"], "last": "Kim", "suffix": ""}], "year": 2010, "venue": "Mol. Cancer", "volume": "9", "issn": "", "pages": "", "other_ids": {}}, "BIBREF21": {"ref_id": "b21", "title": "Structural, mechanistic and clinical aspects of MRP1", "authors": [{"first": "D", "middle": ["R"], "last": "Hipfner", "suffix": ""}, {"first": "R", "middle": ["G"], "last": "Deeley", "suffix": ""}, {"first": "S", "middle": ["P"], "last": "Cole", "suffix": ""}], "year": 1999, "venue": "Biochim. Biophys. Acta", "volume": "1461", "issn": "", "pages": "359--376", "other_ids": {}}, "BIBREF22": {"ref_id": "b22", "title": "Expression of MRP1, BCRP, LRP, and ERCC1 in advanced non-small-cell lung cancer: correlation with response to chemotherapy and survival", "authors": [{"first": "J", "middle": [], "last": "Li", "suffix": ""}, {"first": "Z", "middle": ["N"], "last": "Li", "suffix": ""}, {"first": "Y", "middle": ["J"], "last": "Du", "suffix": ""}, {"first": "X", "middle": ["Q"], "last": "Li", "suffix": ""}, {"first": "Q", "middle": ["L"], "last": "Bao", "suffix": ""}, {"first": "P", "middle": [], "last": "Chen", "suffix": ""}], "year": 2009, "venue": "Clin. Lung Cancer", "volume": "10", "issn": "", "pages": "414--421", "other_ids": {}}, "BIBREF23": {"ref_id": "b23", "title": "Expression of multidrug resistance-associated protein 1 in invasive ovarian carcinoma: implication for prognosis", "authors": [{"first": "A", "middle": [], "last": "Faggad", "suffix": ""}, {"first": "S", "middle": [], "last": "Darb-Esfahani", "suffix": ""}, {"first": "R", "middle": [], "last": "Wirtz", "suffix": ""}, {"first": "B", "middle": [], "last": "Sinn", "suffix": ""}, {"first": "J", "middle": [], "last": "Sehouli", "suffix": ""}, {"first": "D", "middle": [], "last": "Konsgen", "suffix": ""}, {"first": "H", "middle": [], "last": "Lage", "suffix": ""}, {"first": "A", "middle": [], "last": "Noske", "suffix": ""}, {"first": "W", "middle": [], "last": "Weichert", "suffix": ""}, {"first": "A", "middle": ["C"], "last": "Buckendahl", "suffix": ""}, {"first": "J", "middle": [], "last": "Budczies", "suffix": ""}, {"first": "B", "middle": ["M"], "last": "Muller", "suffix": ""}, {"first": "N", "middle": ["E"], "last": "Elwali", "suffix": ""}, {"first": "M", "middle": [], "last": "Dietel", "suffix": ""}, {"first": "C", "middle": [], "last": "Denkert", "suffix": ""}], "year": 2009, "venue": "Histopathology", "volume": "54", "issn": "", "pages": "657--666", "other_ids": {}}, "BIBREF24": {"ref_id": "b24", "title": "Role of ABCB1 and ABCC1 gene induction on survival in locally advanced breast cancer", "authors": [{"first": "C", "middle": [], "last": "Atalay", "suffix": ""}, {"first": "A", "middle": [], "last": "Demirkazik", "suffix": ""}, {"first": "U", "middle": [], "last": "Gunduz", "suffix": ""}], "year": 2008, "venue": "J. Chemother", "volume": "20", "issn": "", "pages": "734--739", "other_ids": {}}, "BIBREF25": {"ref_id": "b25", "title": "Association of high-level MRP1 expression with poor clinical outcome in a large prospective study of primary neuroblastoma", "authors": [{"first": "M", "middle": [], "last": "Haber", "suffix": ""}, {"first": "J", "middle": [], "last": "Smith", "suffix": ""}, {"first": "S", "middle": ["B"], "last": "Bordow", "suffix": ""}, {"first": "C", "middle": [], "last": "Flemming", "suffix": ""}, {"first": "S", "middle": ["L"], "last": "Cohn", "suffix": ""}, {"first": "W", "middle": ["B"], "last": "London", "suffix": ""}, {"first": "G", "middle": ["M"], "last": "Marshall", "suffix": ""}, {"first": "M", "middle": ["D"], "last": "Norris", "suffix": ""}], "year": 2006, "venue": "J. Clin. Oncol", "volume": "24", "issn": "", "pages": "1546--1553", "other_ids": {}}, "BIBREF26": {"ref_id": "b26", "title": "Multidrug resistance mechanisms in chronic lymphocytic leukaemia", "authors": [{"first": "U", "middle": [], "last": "Consoli", "suffix": ""}, {"first": "A", "middle": [], "last": "Santonocito", "suffix": ""}, {"first": "F", "middle": [], "last": "Stagno", "suffix": ""}, {"first": "P", "middle": [], "last": "Fiumara", "suffix": ""}, {"first": "A", "middle": [], "last": "Privitera", "suffix": ""}, {"first": "G", "middle": [], "last": "Parisi", "suffix": ""}, {"first": "G", "middle": ["M"], "last": "Giustolisi", "suffix": ""}, {"first": "B", "middle": [], "last": "Pavone", "suffix": ""}, {"first": "G", "middle": ["A"], "last": "Palumbo", "suffix": ""}, {"first": "F", "middle": [], "last": "Di Raimondo", "suffix": ""}, {"first": "G", "middle": [], "last": "Milone", "suffix": ""}, {"first": "P", "middle": [], "last": "Guglielmo", "suffix": ""}, {"first": "R", "middle": [], "last": "Giustolisi", "suffix": ""}], "year": 2002, "venue": "Br. J. Haematol", "volume": "116", "issn": "", "pages": "774--780", "other_ids": {}}, "BIBREF27": {"ref_id": "b27", "title": "The expression of drug resistance gene products during the progression of human prostate cancer", "authors": [{"first": "G", "middle": ["F"], "last": "Sullivan", "suffix": ""}, {"first": "P", "middle": ["S"], "last": "Amenta", "suffix": ""}, {"first": "J", "middle": ["D"], "last": "Villanueva", "suffix": ""}, {"first": "C", "middle": ["J"], "last": "Alvarez", "suffix": ""}, {"first": "J", "middle": ["M"], "last": "Yang", "suffix": ""}, {"first": "W", "middle": ["N"], "last": "Hait", "suffix": ""}], "year": 1998, "venue": "Clin. Cancer Res", "volume": "4", "issn": "", "pages": "1393--1403", "other_ids": {}}, "BIBREF28": {"ref_id": "b28", "title": "Elevated systemic elimination of cimetidine in rats with acute biliary obstruction: the role of renal organic cation transporter OCT2", "authors": [{"first": "T", "middle": [], "last": "Kurata", "suffix": ""}, {"first": "Y", "middle": [], "last": "Muraki", "suffix": ""}, {"first": "H", "middle": [], "last": "Mizutani", "suffix": ""}, {"first": "T", "middle": [], "last": "Iwamoto", "suffix": ""}, {"first": "M", "middle": [], "last": "Okuda", "suffix": ""}], "year": 2010, "venue": "Drug Metab. Pharmacokinet", "volume": "25", "issn": "", "pages": "328--334", "other_ids": {}}}, "ref_entries": {"FIGREF0": {"text": "Several https://doi.org/10.1016/j.lfs.2019.116557 Received 5 March 2019; Received in revised form 3 June 2019; Accepted 9 June 2019", "latex": null, "type": "figure"}, "FIGREF1": {"text": "The structure of saikosaponin b2.", "latex": null, "type": "figure"}, "FIGREF2": {"text": "Effect of saikosaponin b2 on Mrp1 and Pgp in HEK293 cells. Colchicine uptake was determined by high performance liquid chromatography after 48-h treatment of cells with saikosaponin b2 (A), MK571 or MK571 plus saikosaponin b2 (B), verapamil and verapamil plus saikosaponin b2 (C), followed by the addition of 50 \u03bcM colchicine for an additional 1 h. Protein expressions of Pgp (D) and Mrp1 (F) in HEK293 cells treated with saikosaponin b2 for 48 h were determined by Western blotting analysis. The mRNA expressions of Pgp (E) and Mrp1 (G) were measured by qRT-PCR analysis after 48-h treatment of cells with saikosaponin b2.GAPDH was used as the loading control. Relative protein and mRNA expressions were calculated by sample/control. Mean + SD values from three independent experiments are presented. *P < 0.05, **P < 0.01 versus control, # P < 0.05 versus verapamil-control.", "latex": null, "type": "figure"}, "FIGREF3": {"text": "Effect of saikosaponin b2 on Mrp2 and Oct2 in BRL cells. Cisplatin uptake was determined by high performance liquid chromatography after 24-h treatment of cells with saikosaponin b2, t, followed by the addition of 50 \u03bcg/mL cisplatin for another 4 h (A). Protein expressions of Oct2 (B) and Mrp2 in cells treated with saikosaponin b2 were analyzed by Western blotting analysis. The mRNA expressions of Oct2 (C) and Mrp2 (E) were measured by qRT-PCR analysis after 24-h treatment of cells with saikosaponin b2. The relative protein and mRNA expressions were calculated by sample/control. Mean + SD values from three independent experiments are presented. *P < 0.05, **P < 0.01 versus control.", "latex": null, "type": "figure"}, "FIGREF4": {"text": "Effect of Saikosaponin b2 on OCT2 activity and expression in OCT2-HEK293 cells. (A) Cisplatin uptake was analyzed by high performance liquid chromatography after 24-h treatment of cells with saikosaponin b2, followed by incubation with 50 \u03bcg/mL cisplatin for another 4 h. (B) OCT2 protein expression was determined by Western blotting analysis after 24-h treatment of cells saikosaponin b2. GAPDH was used as the loading control. (C) OCT2 mRNA expression was measured by qRT-PCR analysis after 24 h-treatment of cells with saikosaponin b2. The relative protein and mRNA expressions were calculated by sample/control. Mean + SD values from three independent experiments are presented. *P < 0.05, **P < 0.01 versus control.both Pgp gene and protein expressions showed no remarkable changes after treatment of Pgp-HEK293 cells with saikosaponin b2. This result suggests that saikosaponin b2 may affect Pgp activity through posttranslational regulation.", "latex": null, "type": "figure"}, "FIGREF5": {"text": "Effect of Saikosaponin b2 on MRP2 activity and expression in MRP2-HEK293 cells. (A) Cisplatin uptake was analyzed by high performance liquid chromatography after 24-h treatment of cells with saikosaponin b2 or MK571, followed by incubation with 50 \u03bcg/mL cisplatin for another 4 h. (B) MRP2 protein expression was determined by Western blotting analysis after 24-h treatment of cells with saikosaponin b2 or MK571. GAPDH was used as the loading control. (C) MRP2 mRNA expression was measured by qRT-PCR analysis after 24-h treatment of cells with saikosaponin b2 or MK571. The relative protein and mRNA expressions were calculated by sample/control. Mean + SD values from three independent experiments are presented. *P < 0.05 versus control.", "latex": null, "type": "figure"}, "FIGREF6": {"text": "Effect of Saikosaponin b2 on Pgp activity and expression in Pgp-HEK293 cells. (A) Rhodamine B uptake was determined by flow cytometry after 24-h treatment of cells with saikosaponin b2 or verapamil, followed by treatment with rhodamine B for another 30 min. (B) Pgp protein expression was determined by Western blotting analysis after 24-h treatment of cells with saikosaponin b2. GAPDH was used as the loading control. (C) Pgp mRNA expression was measured by qRT-PCR analysis after 24-h treatment of cells with saikosaponin b2. Relative protein and mRNA expressions were calculated by sample/control. Mean + SD values from three independent experiments are presented. *P < 0.05, **P < 0.01 versus control.", "latex": null, "type": "figure"}, "TABREF0": {"text": "PCR primers of transporters.", "latex": null, "type": "table", "html": "<html><body><table><tr><td>Transporters </td><td>Forward primer </td><td>Reverse primer\n</td></tr><tr><td>Rat Oct2 </td><td>5\u2032-CCGAGAATATGCAGAGGCCAA-3\u2032 </td><td>5\u2032-AAGTCAGCTCCAGCAGCAAT-3\u2032\n</td></tr><tr><td>Rat Mrp2 </td><td>5\u2032-CCCGCCAGCTGAGACGGTTG-3\u2032 </td><td>5\u2032-GCTGGTGCTCAAAGGCACGGA-3\u2032\n</td></tr><tr><td>Rat GADPH </td><td>5\u2032-ATGATTCTACCCACGGCAAG-3\u2032 </td><td>5\u2032-CTGGAAGATGGTGATGGGTT-3\u2032\n</td></tr><tr><td>Human Pgp </td><td>5\u2032-ACTTGTCACAATGCAGACAGCAGG-3\u2032 </td><td>5\u2032-TGTGATCCACGGACACTCCTACG-3\u2032\n</td></tr><tr><td>Human MRP1 </td><td>5\u2032-GGGGGAGAAAAGGTCGGCATCG-3\u2032 </td><td>5\u2032-GTGCAGGCCGATCTTGGCGA-3\u2032\n</td></tr><tr><td>Human MRP2 </td><td>5\u2032-ACAGTCCGAGATGTGAACCTG-3\u2032 </td><td>5\u2032-TGAATCCAGGACTGCTGTGG-3\u2032\n</td></tr><tr><td>Human OCT2 </td><td>5\u2032-TGCAGCTGGAGTTCTCATGG-3\u2032 </td><td>5\u2032-CTCCGATATCTCCGCCCAAC-3\u2032\n</td></tr><tr><td>Human GAPDH </td><td>5\u2032-TGTGATCCACGGACACTCCTACG-3\u2032 </td><td>5\u2032-GATCATCAGCAATGCCTCCTGCACC-3\u2032\n</td></tr></table></body></html>"}}, "back_matter": [{"text": "This work was generously supported by the National Natural ", "cite_spans": [], "ref_spans": [], "section": "Acknowledgements"}]}