{"paper_id": "0cdcb4b8bd9b86aeeccf28dfa1d5bfc4412d4083", "metadata": {"title": "Instantiating global crisis networks: The case of SARS", "authors": [{"first": "Peter", "middle": ["J"], "last": "Van Baalen", "suffix": "", "affiliation": {"laboratory": "", "institution": "Erasmus University", "location": {"country": "Netherlands"}}, "email": ""}, {"first": "Paul", "middle": ["C"], "last": "Van Fenema", "suffix": "", "affiliation": {"laboratory": "", "institution": "Netherlands Defense Academy/Tilburg University", "location": {"country": "Netherlands"}}, "email": ""}]}, "abstract": [{"text": "In this paper we build a multi-theoretical and multi-level framework for analyzing Global Crisis Networks (GCN). These information-centric, heterarchically structured networks are instantiated in response to major disasters with global impact. The instantiation of GCN is conceived as a problem of collective action. Its success depends on multi-level preparedness, and network orchestration and participation. With this framework we analyze the SARS outbreak in 2002 and its successful containment in 2003. We analyze two individual country cases, Canada and China and discuss the role of the network orchestrator, the World Health Organizations. The paper concludes with implications for research and practice.", "cite_spans": [], "ref_spans": [], "section": "Abstract"}], "body_text": [{"text": "Increasingly, organizations are expected to rapidly organize as global networks in response to urgent and major causes such as earthquakes, terrorist attacks, hurricanes, global infectious diseases and short term business opportunities. These pressing causes exceed the (dynamic) capacity and resources of single organizations or even alliances and partnerships [53, 65] . In the private sector, well known examples of (global) interorganizational networks include clothing, aviation, car manufacturing, electronics and service [14] industries. Examples of public networking are disaster relief [70] , global aviation security regulations, healthcare [34] , disease control management, military (coalition-based) campaigns [2, 86] , and international law enforcement. These interorganizational networkscoined as Hastily Formed Global Networks [24] have been enabled by globalization and the advancement of Information and Communication Technologies (ICT) [77] . These resources do not guarantee successful performance at the network level. The multi-agent US government response to the Katrina disaster was considered unsuccessful [19, 36] , as were many international relief efforts to a certain degree [23] . Other unexpected major disasters such as the Tsunami in the Indian Ocean in December 2004, and the devastating earthquake in Kashmir in October 2005 revealed the global need for a deeper understanding of network coordination in response to unexpected major disasters.", "cite_spans": [{"start": 362, "end": 366, "text": "[53,", "ref_id": "BIBREF52"}, {"start": 367, "end": 370, "text": "65]", "ref_id": "BIBREF64"}, {"start": 528, "end": 532, "text": "[14]", "ref_id": "BIBREF13"}, {"start": 595, "end": 599, "text": "[70]", "ref_id": "BIBREF69"}, {"start": 651, "end": 655, "text": "[34]", "ref_id": "BIBREF33"}, {"start": 723, "end": 726, "text": "[2,", "ref_id": "BIBREF1"}, {"start": 727, "end": 730, "text": "86]", "ref_id": "BIBREF85"}, {"start": 843, "end": 847, "text": "[24]", "ref_id": "BIBREF23"}, {"start": 955, "end": 959, "text": "[77]", "ref_id": "BIBREF76"}, {"start": 1131, "end": 1135, "text": "[19,", "ref_id": "BIBREF18"}, {"start": 1136, "end": 1139, "text": "36]", "ref_id": "BIBREF35"}, {"start": 1204, "end": 1208, "text": "[23]", "ref_id": "BIBREF22"}], "ref_spans": [], "section": "Introduction"}, {"text": "Current literature seems ill equipped to handle the challenge of what we refer to as Global Crisis Networks (GCN). For the most part, research has provided anecdotal evidence and strategic-level concepts of organizations acting as a network. Research on interorganizational cooperation remains focused on relationships with only one or a few partners, with often a limited geographical area (e.g. [47, 48, 69] ). Limited insight is provided in the process of successful instantiation of networks operating at a global scale.", "cite_spans": [{"start": 397, "end": 401, "text": "[47,", "ref_id": "BIBREF46"}, {"start": 402, "end": 405, "text": "48,", "ref_id": "BIBREF47"}, {"start": 406, "end": 409, "text": "69]", "ref_id": "BIBREF68"}], "ref_spans": [], "section": "Introduction"}, {"text": "The objective of this study is therefore to improve our understanding of GCN instantiation, and specifically to examine mechanisms leading to their successful performance. Theoretically, our study starts, introduces and builds on the notion of instantiation. This concept distinguishes our conceptualization of networks from frequently used concepts like building and emergence in network research. Building explicitly refers to the human act of creation, and emergence connotes a result from indeterminate, evolutionary forces. By instantiation, however, we mean the evocation of available resources in an unprecedented way to achieve a common (network) goal. In this process, information sharing plays a pivotal role: representations of actors, issues, opportunities, and constraints are shared instantaneously, on a global scale, allowing network actors to adjust and fine-tune their activities [20] . We therefore call GCNs information-centric. Empirically, we analyze the SARS (Severe Acute Respiratory Syndrome) case in order to learn how GCNs can be successful. We focus on the relationships between two countries as individual network participants (Canada and China) and the global network (World Health Organization).", "cite_spans": [{"start": 898, "end": 902, "text": "[20]", "ref_id": "BIBREF19"}], "ref_spans": [], "section": "Introduction"}, {"text": "This paper is structured as follows. First, we discuss the relevant literature on crisis management and organizational crises. We then build a conceptual framework for analyzing Global Crisis Network responses, followed by a brief section on our research methods and data collection. Next, we present the SARS case and analyze in closer Decision Support Systems 47 (2009) ", "cite_spans": [{"start": 362, "end": 371, "text": "47 (2009)", "ref_id": null}], "ref_spans": [], "section": "Introduction"}, {"text": "Decision Support Systems j o u r n a l h o m e p a g e : w w w. e l s ev i e r. c o m / l o c a t e / d s s detail the experiences and roles of Canada, China and the WHO. We conclude this paper by discussing the implications of our case study for studying Global Crisis Networks.", "cite_spans": [], "ref_spans": [], "section": "Contents lists available at ScienceDirect"}, {"text": "Crises increasingly attract scholarly attention in management and organizational science. In crisis situations organizational routines are overridden and authority structures are changed. Often, new and conflicting measures are taken and legitimized [13, 24, 64] . There is a pressing need to understand the dynamics of crisis situations as it may help to prevent, prepare and respond in proper ways. While early experiences emphasized ad hoc improvisation, in the current era this does not appear acceptable for stakeholders and the general public.", "cite_spans": [{"start": 250, "end": 254, "text": "[13,", "ref_id": "BIBREF12"}, {"start": 255, "end": 258, "text": "24,", "ref_id": "BIBREF23"}, {"start": 259, "end": 262, "text": "64]", "ref_id": "BIBREF63"}], "ref_spans": [], "section": "Distinguishing crises"}, {"text": "In order to study crises many scholars have distinguished different types of crises. A general distinction can be made between natural and human-induced crises [60, 68] . Human-induced crises differ from natural crises with respect to the extent to which they can be controlled and prevented. The former are caused by human, communication and technical failures. The causes of human-induced crises are not just triggered by one event but are also closely related to the way organizations respond. Inadequate or unprepared responses may deteriorate the crisis situation. Shrivastava and Mitroff [68] therefore argue that crises are caused by two interacting sets of failures. On one hand a complex set of human, organizational and technological (HOT) factors trigger the crisis, and on the other hand organizations encounter regulatory, infrastructural and preparedness (RIP) failures. Vaughan's [78] analysis of the disaster with the space shuttle Challenger in 1986 provides an interesting example of the intricate interplay between the HOT and RIP factors. The impacts of natural crises are mostly limited to a geographic region and specific time periods. Human-induced crises may transcend geographic boundaries and even may have trans-generational impact (e.g. Chernobyl, Bhopal).", "cite_spans": [{"start": 160, "end": 164, "text": "[60,", "ref_id": "BIBREF59"}, {"start": 165, "end": 168, "text": "68]", "ref_id": "BIBREF67"}, {"start": 594, "end": 598, "text": "[68]", "ref_id": "BIBREF67"}, {"start": 895, "end": 899, "text": "[78]", "ref_id": "BIBREF77"}], "ref_spans": [], "section": "Distinguishing crises"}, {"text": "Recently the concept of communicable crises was coined to refer to the potential of rapid global diffusion patterns of crises, such as the Asian financial crisis, avian bird flu and SARS [31] . These new types of crises differ in two important aspects from other types of crises. First, although the trigger event may be very small and local, its impact may be global, hence the need for organizing a global response. Second, while all crises are information-intensive, with communicable crises the Internet has come to play a pivotal role in all relevant crisis information processes.", "cite_spans": [{"start": 187, "end": 191, "text": "[31]", "ref_id": "BIBREF30"}], "ref_spans": [], "section": "Communicable crises and information processing"}, {"text": "The global nature of communicable crises emphasizes the high information processing needs. In earlier literature on crises, Turner [73] has emphasized the informational character of crisis situations in the development of disasters. Similarly, Wilensky [89] stressed the need for high-quality intelligence, referring to clear, timely, reliable, valid, adequate and wide-ranging information. At the same time, building high-quality intelligence for crisis response is problematic as crises are characterized by low probability/high consequence [9, 84] ( Table 1) .", "cite_spans": [{"start": 131, "end": 135, "text": "[73]", "ref_id": "BIBREF72"}, {"start": 253, "end": 257, "text": "[89]", "ref_id": null}, {"start": 543, "end": 546, "text": "[9,", "ref_id": "BIBREF8"}, {"start": 547, "end": 550, "text": "84]", "ref_id": "BIBREF83"}], "ref_spans": [{"start": 553, "end": 561, "text": "Table 1)", "ref_id": "TABREF1"}], "section": "Communicable crises and information processing"}, {"text": "Because of their low probability, crises create uncertain situations in which repertoires for action are missing. Weick [83] points here to a unique problem of crisis situations as opportunities for a major learning strategy, trial and error, are not available. Moreover, because of their low probability, early or weak signals of crisis occurrence are often not taken seriously. Weick [84] points to the fundamental problem in creating this high-quality intelligence. He argues that action is instrumental to understanding a crisis. People enact the environment which constrains them at the same time. Only through action one learns to understand the nature of the crisis, while at the same time it affects the unfolding of the crisis itself. While most of this research deals with local, single site crises, recently the global reach and capability of pooling and disseminating information has become apparent. Media play a pivotal role in communicating crises as they shape public perceptions and responses to crises [68] . In most crisis situation, however, the quality of intelligence is put under pressure: coverage of crises by the media, individuals and groups is often fragmented. Objective data is lacking, leaving stakeholders merely with equivocal impressions [68] .", "cite_spans": [{"start": 120, "end": 124, "text": "[83]", "ref_id": "BIBREF82"}, {"start": 386, "end": 390, "text": "[84]", "ref_id": "BIBREF83"}, {"start": 1020, "end": 1024, "text": "[68]", "ref_id": "BIBREF67"}, {"start": 1272, "end": 1276, "text": "[68]", "ref_id": "BIBREF67"}], "ref_spans": [], "section": "Communicable crises and information processing"}, {"text": "While crisis management literature emphasizes the role of preparation for crisis situation, less attention has been paid to responses and action [60] . The ability to prepare adequately depends on the nature of the crisis situation. Preparation presumes the ability of foresight and prediction. In the case of small-scale disasters, emergency agencies can rely on protocols, network infrastructures and professional, highly trained teams ready to respond [24] . With large scale, unprecedented disasters the required response exceeds beyond the control and capabilities of one or more emergency agencies. A response organization still has to be created in the terms of a series of interlocking routines, habituated action patterns that bring the same people together around the same activities in the same time and places [85, 87] . Prediction and preparation become difficult because of low probability and the complex nature of the tasks that must be carried to control the crisis [73] . Most large scale disasters are the result of separate, small events that become linked in unpredictable ways. The more tightly activities are coupled the less linear they become [58, 68] . During the preparation phase (which in fact can be considered a 'phase' only after the crisis happens), most tasks are loosely formulated and ill-defined. They are directed to possibly conflicting ends, while missing unequivocal criteria for deciding when and how objectives are to be achieved. Turner [73] argues that in those situations problems are often solved by creating 'small areas of certainty' which can be handled. Another frequently used solution is to simplify the assumption of the complex environment, thus allowing for an oversimplified set of actions. This could lead to a situation in which crisis managers assume they control the crisis while they are in fact fighting only a small part of it. In fact, through inadequate sensemaking of the environment [84] they may even contribute the crisis spinning out of control.", "cite_spans": [{"start": 145, "end": 149, "text": "[60]", "ref_id": "BIBREF59"}, {"start": 455, "end": 459, "text": "[24]", "ref_id": "BIBREF23"}, {"start": 822, "end": 826, "text": "[85,", "ref_id": "BIBREF84"}, {"start": 827, "end": 830, "text": "87]", "ref_id": "BIBREF86"}, {"start": 983, "end": 987, "text": "[73]", "ref_id": "BIBREF72"}, {"start": 1168, "end": 1172, "text": "[58,", "ref_id": "BIBREF57"}, {"start": 1173, "end": 1176, "text": "68]", "ref_id": "BIBREF67"}, {"start": 1481, "end": 1485, "text": "[73]", "ref_id": "BIBREF72"}, {"start": 1951, "end": 1955, "text": "[84]", "ref_id": "BIBREF83"}], "ref_spans": [], "section": "Crisis preparation and response"}, {"text": "In large, global crises, sensemaking and information processing are constrained because information sharing between network participants is problematic. Conflicting interests may hinder the sharing of relevant information. In the next section we will discuss these issues in more detail and build a conceptual framework for analyzing network response to emergency situations. To emphasize the global impact of crisesand related to this the need for a global network responsewe prefer to speak about Global Crisis Networks (GCNs).", "cite_spans": [], "ref_spans": [], "section": "Crisis preparation and response"}, {"text": "GCNs do not represent a particular network form or organizational type. Proposing network configurations therefore seems not quite useful. Instead, we focus on the organizing processes constituting the network. A GCN can be understood as an instantly formed, heterogeneous configuration of organizations, varying with the kind of events to which they have to respond. In the process of instantiation, organizations and networks undergo a 'phase transition' [43] : from a defined state into another state in response to changing levels of urgency awareness. By instantiation we mean an organized, concerted effort to configure (information) resources into a means-end relationship within a short time span. Without these configuring effortsfor which network actors rely on the enactment of their cognitive frameworks [5] means-ends relationships at the network level hardly exist, they remain diverse, and they have therefore no value-generating strength. During the phase transition, the existing, rather loosely and sometimes non-or decoupled network should be instantaneously transformed 1 into a more or less tight coupled, hierarchical structure. Globally distributed information must be centralized and integrated into a central information and conversation space [24] . We developed a conceptual framework on the basis of these ideas (Fig. 1 ) which will guide the following conceptual and empirical sections.", "cite_spans": [{"start": 457, "end": 461, "text": "[43]", "ref_id": "BIBREF42"}, {"start": 816, "end": 819, "text": "[5]", "ref_id": "BIBREF4"}, {"start": 1269, "end": 1273, "text": "[24]", "ref_id": "BIBREF23"}], "ref_spans": [{"start": 1340, "end": 1347, "text": "(Fig. 1", "ref_id": "FIGREF0"}], "section": "Global Crisis Networks: a conceptual framework"}, {"text": "The main driver behind the rise of GCNs is the shared sense of urgency. The extent to which this sense of urgency is truly shared among potential network actors is of crucial importance and a precondition for successfully instantiating a GCN. Urgency enables (temporary) alignment of interests [25] . Different levels of this sense of urgency between network actors might impede the successful instantiation of the network. Following Monge and Contractor [53] , we argue that the dynamics of networks should be analyzed from a multi-theoretical and multi-level perspective. A multi-theoretical perspective is needed to understand and explore network dynamics across levels. Elements from resource dependence theory, collective action theory and loosely coupled system theory are used here to build our framework for analyzing GCN. The multi-level perspective emphasizes the dynamic interaction between individual network actors and the network as a whole.", "cite_spans": [{"start": 294, "end": 298, "text": "[25]", "ref_id": "BIBREF24"}, {"start": 455, "end": 459, "text": "[53]", "ref_id": "BIBREF52"}], "ref_spans": [], "section": "Global Crisis Networks: a conceptual framework"}, {"text": "In the management literature some authors have tried to conceptualize the notion of global networks. Bartlett and Ghoshal [7] coined the term 'transnational solution', referring to the integrated network format in which the corporate center guides the process of coordination and cooperation between subsidiary units for shared decision making. A main reason for network formation is resource dependency and hence the need for coordination [21] . Child and McGrath [17] argue that networks are value creating systems of several organizations possessing complementary strengths and resources that are often coordinated by a leading member. Such coordination processes generates synergetic value that exceeds the value derived from isolated resources [29, 61] . The process of combining resources in response to an event depends on the preparedness of the network.", "cite_spans": [{"start": 122, "end": 125, "text": "[7]", "ref_id": "BIBREF6"}, {"start": 440, "end": 444, "text": "[21]", "ref_id": "BIBREF20"}, {"start": 465, "end": 469, "text": "[17]", "ref_id": "BIBREF16"}, {"start": 749, "end": 753, "text": "[29,", "ref_id": "BIBREF28"}, {"start": 754, "end": 757, "text": "61]", "ref_id": "BIBREF60"}], "ref_spans": [], "section": "Networks and resource coordination"}, {"text": "As business and societal structures tend to become more complex, global and risky, the importance attached to network preparedness increases. Preparedness concerns the organizational and network level (Fig. 1 ). The level of preparedness determines the extent to which an organization is able to respond and contribute to GCNs. It refers to the alert (for event-driven activation) and response capability to mobilize a wide range of tangible and intangible resources. Tangible resources encompass material tools, instruments, equipment, physical locations, provisions, material stocks, and infrastructure that should be available at the time a response is 1 This process bears resemblance to the micro process of adrenaline-enabled flight/ fight response to urgent events in which humans become highly more responsive to their threatening environment [67] . required. Intangible resources include procedures and protocols, specialized knowledge, information resources, training programs, and common (interoperable) standards for operations.", "cite_spans": [{"start": 656, "end": 657, "text": "1", "ref_id": "BIBREF0"}, {"start": 851, "end": 855, "text": "[67]", "ref_id": "BIBREF66"}], "ref_spans": [{"start": 201, "end": 208, "text": "(Fig. 1", "ref_id": "FIGREF0"}], "section": "Preparedness, instantiation and network coordination"}, {"text": "The alert and response capability includes the ability to mobilize tangible and intangible recourses into concerted order [38] . Van de Ven and Walker [75] discuss the concept of 'mobilization coordination', referring to the activities that are set in motion by a single organization that has a particular objective for which it must gain support, cooperation, or resources from other organizations. The activating organization here is the network coordinator who collects resources and transforms the non-or loosely coupled ties between network actors into tightly coupling relationships for a particular period of time. 2 Network coordination is complex because of the heterogeneity of the network actors' interests, routines and technologies in use. Network actors are involved in causing, communication, and mitigating the effects of crises [68] . Crisis network response exceeds the formally structured arrangements of coordination. Instantiation of a GCN aims at achieving a collective goal that cannot be attained by the network actors individually. Hence, network instantiation can be conceived as collective action. This perspective proposes situations in and conditions under which cooperation appears beneficial to actors [16, 56] . Mediated by the network coordinator, GCN as a form of collective action gravitates towards the sharing of information between the networks actors on all sides, and the forming and calibrating of means-ends relationships [5, 25] .", "cite_spans": [{"start": 122, "end": 126, "text": "[38]", "ref_id": "BIBREF37"}, {"start": 151, "end": 155, "text": "[75]", "ref_id": "BIBREF74"}, {"start": 622, "end": 623, "text": "2", "ref_id": "BIBREF1"}, {"start": 845, "end": 849, "text": "[68]", "ref_id": "BIBREF67"}, {"start": 1233, "end": 1237, "text": "[16,", "ref_id": "BIBREF15"}, {"start": 1238, "end": 1241, "text": "56]", "ref_id": "BIBREF55"}, {"start": 1464, "end": 1467, "text": "[5,", "ref_id": "BIBREF4"}, {"start": 1468, "end": 1471, "text": "25]", "ref_id": "BIBREF24"}], "ref_spans": [], "section": "Preparedness, instantiation and network coordination"}, {"text": "For network response to emerge, information collected within different organizations has to be turned into a 'global public good' [1, 27] . Globally shared information serves as the key resource for GCNs to act and respond in a proper way. In a situation of resource dependency, sharing information of one organization's activities and resources enables other organizations to understand opportunities for coherently interrelating means-ends structures in and generating value [29, 59, 71] . Not sharing information may result in cooperation dilemmas [15, 45, 56] which occur when behavior that seems reason-able (rational) at the individual level leads to a situation in which everyone is worse off than they might have been otherwise [45] . A particular organization or government may have good reasons for not contributing to or participating in a GCN at its individual level. Yet the consequences may turn out to be dramatic at the collective level.", "cite_spans": [{"start": 130, "end": 133, "text": "[1,", "ref_id": "BIBREF0"}, {"start": 134, "end": 137, "text": "27]", "ref_id": "BIBREF26"}, {"start": 477, "end": 481, "text": "[29,", "ref_id": "BIBREF28"}, {"start": 482, "end": 485, "text": "59,", "ref_id": "BIBREF58"}, {"start": 486, "end": 489, "text": "71]", "ref_id": "BIBREF70"}, {"start": 551, "end": 555, "text": "[15,", "ref_id": "BIBREF14"}, {"start": 556, "end": 559, "text": "45,", "ref_id": "BIBREF44"}, {"start": 560, "end": 563, "text": "56]", "ref_id": "BIBREF55"}, {"start": 736, "end": 740, "text": "[45]", "ref_id": "BIBREF44"}], "ref_spans": [], "section": "Network information processing"}, {"text": "GCNs encompass a divers set of organizations that are partially nested in other national or international organizational structures. This nesting makes GCNs complex, multi-level structures that cannot be easily instantiated. Following Kontopoulos [46] , GCNs and the contributing organizations can be classified as \"tangled composite structures\" or \"heterarchies\". A heterarchy, originally a notion from neurophysics, is defined as a network form of organization where authority is determined by knowledge and function rather than structure [49] . Applied to the study of organizational networks, this implies that GCNs are partially included and semi-autonomous. They are partially determined from below (the organizations), and partially determined from above (the network coordinator) due to the fact that GCNs involve multiple points of access, multiple linkages, and multiple determinations [46, 53] . In order to centralize information into a central information and conversation space two types of information sharing relationships are needed.", "cite_spans": [{"start": 247, "end": 251, "text": "[46]", "ref_id": "BIBREF45"}, {"start": 541, "end": 545, "text": "[49]", "ref_id": "BIBREF48"}, {"start": 896, "end": 900, "text": "[46,", "ref_id": "BIBREF45"}, {"start": 901, "end": 904, "text": "53]", "ref_id": "BIBREF52"}], "ref_spans": [], "section": "Network information processing"}, {"text": "Extending Monge and Contractor [53] , we distinguish between preparedness at the organizational and network level. Differences in the level of preparedness at these levels might impede or obstruct GCN instantiation and consequently may cause or fail to avoid the occurrence of a collective disaster. A central element in GCNs is connectivity [24, 38] . Considering the multi-level nature of GCNs, connection refers to vertical (between levels, usually the network orchestrator versus network actors), and lateral connections (between network participants). As Fulk et al. [28] point out, connectivity has two components. The first is the physical component which can be understood as the technological infrastructure, including people's access (e.g. Internet connection, radio, TV, mobile phones). The second is social connectivity, which refers to the trustbased relationships between the levels of the network and between network participants [28] .", "cite_spans": [{"start": 31, "end": 35, "text": "[53]", "ref_id": "BIBREF52"}, {"start": 342, "end": 346, "text": "[24,", "ref_id": "BIBREF23"}, {"start": 347, "end": 350, "text": "38]", "ref_id": "BIBREF37"}, {"start": 572, "end": 576, "text": "[28]", "ref_id": "BIBREF27"}, {"start": 945, "end": 949, "text": "[28]", "ref_id": "BIBREF27"}], "ref_spans": [], "section": "Physical and social connectivity"}, {"text": "Social connectivity can be further interpreted in terms of tight and loose coupling. Loose and tight coupling can be specified in terms of presence or absence of and interaction between joined or shared variables [35] . Both loose and tight coupling imply that the interacting actors in a network share meaning [51] , in the case of crisis situationssee also [79] on the urgency of the event conditions instantiating the network. This meaning emerges as the crisis becomes worse and interaction between the actors involved increases [74, 82] . Orton and Weick [58] distinguish two defining characteristic dimensions of organizational systems: responsiveness and distinctiveness of system elements. If there is neither responsiveness nor distinctiveness there is not really a system, and it can be defined as a non-coupled system. If there is responsiveness without distinctiveness of the elements, the system is tightly coupled. When there is distinctiveness without responsiveness, the system is decoupled. If there is both distinctiveness and responsiveness the system is loosely coupled.", "cite_spans": [{"start": 213, "end": 217, "text": "[35]", "ref_id": "BIBREF34"}, {"start": 311, "end": 315, "text": "[51]", "ref_id": "BIBREF50"}, {"start": 359, "end": 363, "text": "[79]", "ref_id": "BIBREF78"}, {"start": 533, "end": 537, "text": "[74,", "ref_id": "BIBREF73"}, {"start": 538, "end": 541, "text": "82]", "ref_id": "BIBREF81"}, {"start": 560, "end": 564, "text": "[58]", "ref_id": "BIBREF57"}], "ref_spans": [], "section": "Physical and social connectivity"}, {"text": "From a crisis management perspective the loosely coupling of a network can be viewed as a quality. It refers to the ability to respond quickly to disaster alerts and it depends on the establishment of trustbased relationships prior to the alert. When the network is not activated the connections remain loosely coupled [58, 81] . During the phase transition towards activation, these connections become, under the leadership of the network coordinator, temporarily tightly coupled. Decoupled and non-coupled networks, in combination with a low level actor and or network preparedness form serious threats to contain crisis situations. We illustrate these ideas with studies on the SARS crisis.", "cite_spans": [{"start": 319, "end": 323, "text": "[58,", "ref_id": "BIBREF57"}, {"start": 324, "end": 327, "text": "81]", "ref_id": "BIBREF80"}], "ref_spans": [], "section": "Physical and social connectivity"}, {"text": "In this paper we seek to improve our understanding of the instantiation of a Global Crisis Networks. Case study research is appropriate when (a) the topic is broad and highly complex, (b) there is limited theory available, and (3) \"context\" of a topic is very important [26] . We selected the SARS case as it illustrates the complex and dynamic nature of GCNs. It represents a unique type of a GCN because of its global impact, its success to contain the spread of the corona virus, and the use of the Internet to inform the public and to facilitate worldwide cooperation between experts. Moreover, the SARS outbreak caused a 'breakdown' of the existing international and national systems and procedures for responding to epidemic diseases. From a methodological point of view, breakdowns are interesting episodes to investigate as they reveal the current nature of practices, tools and equipment, customs [90] . The instantiation of the GCN to fight the SARS virus should be understood against the background of existing response and alert systems and procedures. The routines of the current systems that broke down provide the contextual backdrop for the SARS outbreak [62] .", "cite_spans": [{"start": 270, "end": 274, "text": "[26]", "ref_id": "BIBREF25"}, {"start": 906, "end": 910, "text": "[90]", "ref_id": "BIBREF89"}, {"start": 1171, "end": 1175, "text": "[62]", "ref_id": "BIBREF61"}], "ref_spans": [], "section": "Methods"}, {"text": "The SARS case is presented here as an embedded case study, which allows for analyzing different (embedded) units, processes and levels within the larger case [91] . In the paper we focus on the pivotal role of the World Health Organization which coordinated the network, and on two 'extreme cases' China and Canada. In the Canada case we review the preparedness aspects, in the China case we focus on collaboration processes, and in our analysis of the role of the WHO we pay special attention to response and coordination at the network level. The embedded case study design fits the multi-level framework that is developed in this paper as it allows for analyzing both the country and global network level.", "cite_spans": [{"start": 158, "end": 162, "text": "[91]", "ref_id": "BIBREF90"}], "ref_spans": [], "section": "Methods"}, {"text": "For our research we collected data from different sourcesscientific research, public documents, case stories, reviews and websites. Our analysis of this collected information followed an iterative process common to qualitative studies [37] . It revealed the multi-level nature of the crisis network that was instantiated during the SARS outbreak. Moreover, we examined the first steps of a major transition from national oriented health systems towards a global alert and response system, accompanied with the need for global information sharing.", "cite_spans": [{"start": 235, "end": 239, "text": "[37]", "ref_id": "BIBREF36"}], "ref_spans": [], "section": "Methods"}, {"text": "The SARS outbreak shocked national health care systems worldwide. Commencing in Guangdong (China) on November 2002, it spread to other countriessuch as Singapore, Hong Kong, Canadafollowing travel patterns of infected individuals (Fig. 2) . SARS was a new corona virus not previously identified in humans and animals. There was no knowledge about how to identify, diagnose and treat SARS. Once SARS reached Hong Kong it spread out within a few days internationally \"with the speed of an airplane\" [54] . China (including Hong Kong) was severely attacked. As of early June 2003, the World Health Organization (WHO) counted 8098 people that were infected, 774 died. Table 2 shows that China (including Hong Kong and Taiwan) and Singapore were severely hit by SARS.", "cite_spans": [{"start": 497, "end": 501, "text": "[54]", "ref_id": "BIBREF53"}], "ref_spans": [{"start": 230, "end": 238, "text": "(Fig. 2)", "ref_id": null}, {"start": 664, "end": 671, "text": "Table 2", "ref_id": "TABREF2"}], "section": "The SARS outbreak"}, {"text": "Most countries in the western world were hardly hit by SARS. A striking exception here is Canada (Toronto and Ontario) where 251 people were infected and 43 of them died. In July 2003, WHO declared that SARS had been contained and was no longer viewed as a global threat. Considering the potentiality of the threat of SARS as a 'globalizing disease' the impact remained modest. In the western countries the spread of SARS was limited to a few cases. New was the fact that many (1707) health care workers were infected, 21 of them died. SARS revealed the successful orchestration of globally distributed medical research laboratories in identifying the SARS virus by the WHO. This international scientific cooperation was unusual. International health treaties were dominated by state sovereignty. In fact, international intervention in another state's internal activity used to be unthinkable [80] . Next, we analyze how two countries and the WHO prepared for and responded to the crisis.", "cite_spans": [{"start": 893, "end": 897, "text": "[80]", "ref_id": "BIBREF79"}], "ref_spans": [], "section": "The SARS outbreak"}, {"text": "6. The SARS case: analyzing global network response", "cite_spans": [], "ref_spans": [], "section": "The SARS outbreak"}, {"text": "Western countries were hardly hit by the SARS outbreak. While poor regions were and are a problem as they have limited surveillance capacity and inadequate laboratory expertise [3] , western health care systems were timely alerted by the WHO and able to respond in an adequate way. Canada was a clear exception: about 10,000 individuals were forced into quarantine, 251 people were infected, while 43 people died. The SARS outbreak revealed the unpreparedness and therefore the inability of the Canadian health care system (esp. Toronto and Ontario) to respond to the outbreak. An evaluation report on the failed response of the health care system in Ontario reported:", "cite_spans": [{"start": 177, "end": 180, "text": "[3]", "ref_id": "BIBREF2"}], "ref_spans": [], "section": "SARS in Canada: failure of national preparation"}, {"text": "\"SARS showed Ontario's central public health system to be unprepared, fragmented, poorly led, uncoordinated, inadequately resourced, professionally impoverished, and generally incapable of discharching its mandate \u2026 SARS was only contained by the heroic efforts of dedicated front line health care and public health workers and assistance of extraordinary managers and medical advisors\" [66: 1] The Canadian health care system failed in many respects. The fragmented structure of the national health care system appeared to be a main explanation for this failure at the operational level. The state of emergency (Code Orange) was declared in Canada in March 2003. This threatened the Canadian health care system. Code Orange is part of the Uniform Emergency Codes, which has been adopted by the Ontario Hospital Association in 1993. It indicates an external disaster, which alerts hospitals to prepare for a rapid influx of patients being brought to hospital by ambulances. The code is intended to be applied to a specific area and to be used for a limited period of time. However, it soon appeared that the Code Orange was not the appropriate response for an infectious disease outbreak such as SARS. The code paralyzed the health care system because there was in fact no extraordinary number of incoming patients, as would be the case during natural disasters. In fact, the challenge in controlling SARS was to significantly restrict access to healthcare facilities. Moreover, Code", "cite_spans": [{"start": 387, "end": 394, "text": "[66: 1]", "ref_id": null}], "ref_spans": [], "section": "SARS in Canada: failure of national preparation"}, {"text": "Orange was not meant for such a broad geographic area and for a sustained period of time. As a consequence, many hospitals unaffected by SARS were forced to reduce their service level significantly. They delayed current procedures and thereby put critical patients at risk.", "cite_spans": [], "ref_spans": [], "section": "SARS in Canada: failure of national preparation"}, {"text": "A related problem was the underinvestment in microbiological research and testing capacity at the laboratories in Canada. The country decided in the early 1990s to economize on research labs. This jeopardized long-term development of local specialized knowledge and thereby participation in global knowledge networks. While researchers in Hong Kong were able to correlate clinical and laboratory features of SARS with epidemiological data, the Canadian researchers were unable to do so. Ontario lacked a critical mass of expertise at the provincial level. Teams of experts had to be formed on the run, no plans and leadership for coordinating the required expertise was available [66] .", "cite_spans": [{"start": 680, "end": 684, "text": "[66]", "ref_id": null}], "ref_spans": [], "section": "SARS in Canada: failure of national preparation"}, {"text": "A third main problem was the lack of modern information and communication technology systems. Professor Johnson, responsible to set up a Canadian SARS surveillance system, stated that Canada was unable to provide optimal support for outbreak investigation and management. The Toronto Public Health unit, which handled most of the SARS cases, had to rely on a paper-based tracking system. This prevented researchers and health care workers tracking infectious disease and outbreaks because of \"an archaic DOS platform used in the late eighties that could not be adapted for SARS\" (quoted in: [54: 29] ).", "cite_spans": [{"start": 591, "end": 599, "text": "[54: 29]", "ref_id": null}], "ref_spans": [], "section": "SARS in Canada: failure of national preparation"}, {"text": "China reacted hyper-introvert on the first SARS outbreak in November 2002 [27] . The Chinese government feared that, when this information was disclosed to the rest of the world, international trade, foreign investments, and internal stability were threatened. Moreover the Chinese government feared that the public image of the Communist Party was damaged when she made information about the SARS outbreak public. Diseases and disasters are both viewed as negative news. In a similar way, the Chinese government had recently discouraged reporting publicly about the spread of HIV/AIDS in China. Disclosing information about disease outbreaks were regarded as state secrets under Chinese laws [1] . In China, disease outbreaks are investigated and controlled by local health officials who report only up the chain of command [6] . They were not allowed to publish information about diseases beyond this chain of command. By this hierarchical reporting system the Chinese government was able to control communication and information flows.", "cite_spans": [{"start": 74, "end": 78, "text": "[27]", "ref_id": "BIBREF26"}, {"start": 693, "end": 696, "text": "[1]", "ref_id": "BIBREF0"}, {"start": 825, "end": 828, "text": "[6]", "ref_id": "BIBREF5"}], "ref_spans": [], "section": "SARS in China: failure of cooperation in the global network"}, {"text": "After the first SARS breakout in November 2002, it took almost three months before China was willing to disclose information about the SARS cases. The reluctance of the Chinese government to contribute to the WHO's GOARN (Global Outbreak Alert and Response Network) undermined the effectiveness of local health care organizations and of the global network to contain the spreading of SARS. It was only in February 2003 that the Chinese government informed (though still incompletely) the world through a press conference about the disease outbreak.", "cite_spans": [], "ref_spans": [], "section": "SARS in China: failure of cooperation in the global network"}, {"text": "Until February 2003, the Chinese government was able to prevent scientists, healthcare workers, doctors, patients and media to disclose information about the mysterious disease to the outside world. The SARS outbreak was no longer under control. In early February 2003, an anonymous SMS began circulating in Guangzhou (Southern China) about this new disease. The SMS message was in the end caught up by people from the WHO global influenza surveillance network. A son of a retired WHO staff member, traveling through China, sent an email to the Communicable Disease Team Leader of the WHO in China in which he reported about \"the strange contagious disease which has already left more than 100 people dead in\u2026 Guangdong province, in the space of 1 week\" (quoted in [6: 75] ). From then on the WHO started to put the Chinese government under pressure to open up and exchange information about SARS. In April 2003, the Chinese press was allowed to publish on the SARS and only then a WHO team was allowed to visit the province of Guangdong. Thereafter, the Chinese government declared the war on SARS. In spite of the lack of modern information and communication technology the government initiated a very effective campaign on fighting SARS and mobilizing the entire population. It used community structures and people's surveillance to contain the spread of SARS. On a press conference on June 24 China was declared SARS-free [6] .", "cite_spans": [{"start": 765, "end": 772, "text": "[6: 75]", "ref_id": null}, {"start": 1426, "end": 1429, "text": "[6]", "ref_id": "BIBREF5"}], "ref_spans": [], "section": "SARS in China: failure of cooperation in the global network"}, {"text": "6.3. The World Health Organization: network preparation and orchestration 6.3.1. Redefining the WHO's role", "cite_spans": [], "ref_spans": [], "section": "SARS in China: failure of cooperation in the global network"}, {"text": "In 2000, well before the SARS outbreak, the WHO launched a new vision on its role in coordinating global outbreak of infectious diseases [88] . The International Health Regulations (IHR) were the only set of international binding rules to which WHO member states were committed concerning the control and containment of infectious diseases. The old IHR dated from 1969, and relied on a passive, statecentric system for the reporting of three communicable diseases that could spread globally: cholera, plague and yellow fever [39] . This passive system reflected the dominance of the exclusive privilege of countries to report and respond to infectious diseases within their own territories [40] . The idea of national sovereignty of national health care systems prevented the development of a strong commitment to the IHR. WHO member states frequently violated the IHR obligations to report outbreaks of diseases, because they feared serious economic consequences as other countries reacted to the outbreaks [27] . However this non-reporting behavior directly influenced the effectiveness of the global cooperation according to the IHR.", "cite_spans": [{"start": 137, "end": 141, "text": "[88]", "ref_id": "BIBREF87"}, {"start": 525, "end": 529, "text": "[39]", "ref_id": "BIBREF38"}, {"start": 690, "end": 694, "text": "[40]", "ref_id": "BIBREF39"}, {"start": 1008, "end": 1012, "text": "[27]", "ref_id": "BIBREF26"}], "ref_spans": [], "section": "SARS in China: failure of cooperation in the global network"}, {"text": "The outbreak of new infectious diseases quickly spreading across countries aroused the need for revising the old IHR. Discussion about this revision started in 1996 and resulted in the adoption of a new set of regulations for the proactive collection of information about infectious disease outbreaks and the development of protocols for coordinated response [39] . This new system was formally launched in 2000 and embodied in the Global Outbreak Alert and Response Network (GOARN), a network with a secretariat within the WHO that links more than 120 individual surveillance and response networks (governmental and non-governmental) across the world. GOARN is an information-centric network, supported by advanced Internet technologies [57] . This system tracks outbreaks and spreading of SARS continually. GOARN consists of experts in various areas whose knowledge must be integrated to combat major diseases. Teams on the ground in relevant countries receive information from, and provide information to WHO. These teams work together through video-and teleconferencing. In cooperation with other agencies, WHO thus orchestrates a global network for monitoring disease outbreaks and communicating about these, mainly through its website. 3 vAn essential element within the GOARN is the Global Public Health Intelligence Network (GPHIN). This is a sophisticated, Internet-based multilingual early-warning tool for continuously collecting epidemiological information of all kinds (such as informal and formal reports) about infectious diseases [27, 40] .", "cite_spans": [{"start": 359, "end": 363, "text": "[39]", "ref_id": "BIBREF38"}, {"start": 738, "end": 742, "text": "[57]", "ref_id": "BIBREF56"}, {"start": 1242, "end": 1243, "text": "3", "ref_id": "BIBREF2"}, {"start": 1546, "end": 1550, "text": "[27,", "ref_id": "BIBREF26"}, {"start": 1551, "end": 1554, "text": "40]", "ref_id": "BIBREF39"}], "ref_spans": [], "section": "SARS in China: failure of cooperation in the global network"}, {"text": "With the revision of the IHR and the setup of GOARN prior to the SARS outbreak, the preparedness of the global network had increased dramatically. In late November 2002 GOARN was first alerted by individual intelligence networks on identifying infectious diseases from Canada and the US about the outbreak of an infectious disease in mainland China. After China disclosed information about this new disease in February 2003, GOARN issued a global alert for the outbreak of SARS in 2003. At the same time, the WHO commenced planning for addressing the risks of SARS in multiple areas. Their efforts included arranging for medical supplies, mobile teams of specialists traveling to sites with urgent situations, and organizing networks of experts trying to develop a better understanding of SARS diagnosis and treatment. WHO organized multiple networks: organizations involved in medical supply logistics; epidemiologists studying patterns of outbreaks; clinicians involved in specific SARS case were interconnected to share experiences; and laboratory staff across the world attempting to understand causes of the disease.", "cite_spans": [], "ref_spans": [], "section": "Responding to SARS"}, {"text": "GOARN not only played a major role in alerting the world about the SARS outbreak, but it also stimulated and facilitated the worldwide collaboration of medical labs in identifying and diagnosing the new infectious disease. Acquiring deep knowledge into different, key knowledge domains requires large investments in basic and fundamental research. However, at the beginning of the outbreak of the corona virus there was no knowledge for identifying, diagnosing and treating SARS. David Heymann, a veteran epidemiologist at the WHO, stated that \"\u2026 we had no cause of the disease, we thought it was infectious, no vaccine, no drugs\" (quoted in: [1: 84] ).", "cite_spans": [{"start": 643, "end": 650, "text": "[1: 84]", "ref_id": null}], "ref_spans": [], "section": "Fostering scientific collaboration"}, {"text": "The urgency awareness put research labs under pressure which resulted in an unprecedented speed of scientific discovery and publication of research results (National Advisory Committee on SARS and Public Health, 2003). New knowledge had to be created and exchanged between globally distributed research labs in order to find appropriate methods for diagnosis and treatment. The WHO decided to set up a secure website where each research lab could post its findings. Daily teleconferences were organized to discuss the research results and to share information. Because of the firm competition between research labs, the WHO guaranteed that research data would be kept confidential and the labs and researchers were not allowed to use someone's finding without prior permission [1] . This \"novel approach to science\", as Abraham [1] calls it, required a lot of diplomacy and patience from the part of the WHO coordinators. On one hand, they had to ensure that knowledge and information sharing was optimized by connecting all relevant research labs to each other in order to control and contain the global epidemic as soon as possible. On the other hand, they had to cherish the competitive environment in which international reputed researchers were used to work in. The WHO coordinators hoped to publish a single scientific article in the name of all participating laboratories. However it soon appeared that the research groups started to publish their research results individually [1] .", "cite_spans": [{"start": 777, "end": 780, "text": "[1]", "ref_id": "BIBREF0"}, {"start": 828, "end": 831, "text": "[1]", "ref_id": "BIBREF0"}, {"start": 1485, "end": 1488, "text": "[1]", "ref_id": "BIBREF0"}], "ref_spans": [], "section": "Fostering scientific collaboration"}, {"text": "The results of this global collaboration of research labs were amazing. SARS was first identified in February 2003. The first scientific papers describing SARS were already published in March 2003 in New England Journal of Medicine. They came from the research labs in Hong Kong and Canada. The following weeks, papers were published in high-ranked medical and scientific journals with traditionally long lead times such as The Lancet, British Medical Journal, Science, New England Journal of Medicine, and The Journal of the American Medical Association. In the period March-July 8, 256 SARS papers were written by 38 countries [18] . Interestingly, only 17% of SARS-related papers resulted from international collaboration. The first scientific papers were published online in order to get immediate access to the scientific findings about the corona virus.", "cite_spans": [{"start": 629, "end": 633, "text": "[18]", "ref_id": "BIBREF17"}], "ref_spans": [], "section": "Fostering scientific collaboration"}, {"text": "Getting access and mobilizing resources of various specialized organizations appeared to be one of the most important success factors in the global attempt to control and contain the spreading of SARS.", "cite_spans": [], "ref_spans": [], "section": "Fostering scientific collaboration"}, {"text": "Perhaps more amazing than the speed of scientific discovery of the corona virus was 'the almost instantaneous communication and information exchange' about various aspects of the network response [30] . Hardly any modern communication tool was left unused to disseminate up-to-date information to health care workers, travelers, clinicians, health officials, researchers and so forth. Tools included websites, videoconferences, email, and various traditional publication modes such as academic journals. The WHO coordinated multiple communities of dispersed experts specialized in different areas, generating unprecedented knowledge development and dissemination [32] , and application of knowledge in globally situated activities [10, 11] .", "cite_spans": [{"start": 196, "end": 200, "text": "[30]", "ref_id": "BIBREF29"}, {"start": 663, "end": 667, "text": "[32]", "ref_id": "BIBREF31"}, {"start": 731, "end": 735, "text": "[10,", "ref_id": "BIBREF9"}, {"start": 736, "end": 739, "text": "11]", "ref_id": "BIBREF10"}], "ref_spans": [], "section": "Full-scale multidisciplinary collaboration"}, {"text": "In this paper we took a multi-theoretical and multi-level perspective for analyzing the response of the SARS GCN to the crisis alerts [53] . We characterized GCNs as information-centric, heterarchically structured networks with a variety of non-coupled, decoupled, tightly coupled, and loosely coupled connections between the actors. The instantiation of GCNs is conceived as a collective action. Success depends on multi-level preparedness, and the network coordinator's ability to transcend from a de-, non-or loosely coupled into a temporarily tightly coupled Global Crisis Network. The potential of a global infectious disease crisis revealed the need for a global response system. The SARS case showed that the 'phase transition' was driven by urgency awareness (here, the global threat of SARS). In this 'phase transition,' the WHO transformed from a traditionally slow acting, bureaucratic global organization [1] into a versatile network coordinator that was able to swiftly connect and mobilize globally distributed information sources.", "cite_spans": [{"start": 134, "end": 138, "text": "[53]", "ref_id": "BIBREF52"}, {"start": 917, "end": 920, "text": "[1]", "ref_id": "BIBREF0"}], "ref_spans": [], "section": "Discussion"}, {"text": "Interestingly, the network did not just transformed from a non-, de-or loosely coupled into a tightly coupled system. Some elements of SARS GCN became tightly coupled (like the WHO organization) while other part became or remained loosely coupled (like the research labs network).", "cite_spans": [], "ref_spans": [], "section": "Discussion"}, {"text": "For complexity and efficiency reasons it would be impossible to organize the response as a global, permanently tightly coupled system. The unpredictability and complexity of the diffusion and the impact of communicable crises require global responses that meet Ashby's law of requisite variety [4, 83] . This puts high demands on the global information processing capacity of the GCN.", "cite_spans": [{"start": 294, "end": 297, "text": "[4,", "ref_id": "BIBREF3"}, {"start": 298, "end": 301, "text": "83]", "ref_id": "BIBREF82"}], "ref_spans": [], "section": "Discussion"}, {"text": "Information processing consists of cycles for collecting, interpreting, sharing, applying and storing information [22, 32, 41] . While these processes are commonly considered at the group [32] or organizational [76] level, our study explores their relevance for network operations. The successful containment of the SARS crisis not only relied on the scientific, validated knowledge that was produced by the research labs. It also depended on a stream of informal and weak signal from all sorts of people. This sensitivity for weak and informal information enhances the requisite variety of global crisis response [83] . The intelligent, Internet-based information and communication systems of GOARN provided up to date information, not only for scientists, public health officers, and policy makers, but also directly for citizens. The sensing capacity for weak and informal of GOARN signals (like the SMSmessage in the SARS case) played a determinative role in tracking and tracing the complex diffusion pattern of the SARS virus.", "cite_spans": [{"start": 114, "end": 118, "text": "[22,", "ref_id": "BIBREF21"}, {"start": 119, "end": 122, "text": "32,", "ref_id": "BIBREF31"}, {"start": 123, "end": 126, "text": "41]", "ref_id": "BIBREF40"}, {"start": 188, "end": 192, "text": "[32]", "ref_id": "BIBREF31"}, {"start": 211, "end": 215, "text": "[76]", "ref_id": "BIBREF75"}, {"start": 614, "end": 618, "text": "[83]", "ref_id": "BIBREF82"}], "ref_spans": [], "section": "Global information processing"}, {"text": "The scientific research labs played a unique role in the local and global network response. They formed a loosely coupled system in itself, being loosely connected to the SARS GCN. They responded very quickly and cooperatively while at the same time they were able to preserve their distinctiveness and competitive orientation. The labs agreed that they would exchange research data, and figure out by themselves the most efficient way to divide up the work. The very fact that the labs were working independently appeared also to be a particular strength in their search for identifying the SARS virus. This situation closely resembles the functioning of academic networks as described by Orton and Weick [58] . Loose coupled systems, like the academic networks, exhibit properties of both decoupled and tightly coupled systems [12] . The emphasis on knowledge specialization contributes to the distinctiveness of the research labs, while this specialized knowledge is only useful when it can be integrated into common knowledge base of the academic network. From a knowledge creation perspective the SARS case provides an extreme case of dynamic knowledge specialization and integration. Within only a few months new knowledge was created, shared, integrated and applied. While current studies explore processes of work division and knowledge integration in distributed teams (e.g. [33, 44, 59] ), our study reconsiders these ideas for temporary networks.", "cite_spans": [{"start": 706, "end": 710, "text": "[58]", "ref_id": "BIBREF57"}, {"start": 829, "end": 833, "text": "[12]", "ref_id": "BIBREF11"}, {"start": 1384, "end": 1388, "text": "[33,", "ref_id": "BIBREF32"}, {"start": 1389, "end": 1392, "text": "44,", "ref_id": "BIBREF43"}, {"start": 1393, "end": 1396, "text": "59]", "ref_id": "BIBREF58"}], "ref_spans": [], "section": "Global information processing"}, {"text": "There was no tight coupling of the research labs to the WHO during the response. Although the WHO coordinated the network of scientific laboratories, no one dictated top down what different labs should do, what viruses or samples the researchers would work on, or how information would be exchanged [72] . The SARS GCN remained predominantly a heterarchically structured and loosely coupled network. The WHO gained legitimacy in this heterarchically structured network not by enforcing relationships, but by successfully coordinating the global response within the context of an emerging shared sense of urgency. Spurred on by what seems resolute leadership of director-general Gro Harlem Brundland, the WHO decided to pursue an open information strategy, rather independently from the continuously conflicting national governments. It invited scientists, public healthcare workers, policy makers, travelers, and citizens to collaboratively help to control and contain the spreading of SARS. In contrasts with the closed information strategy of the Chinese government during the first three months of the SARS outbreak, this open information strategy helped to leverage untapped resources and allowed people to take responsibility. The initially weak social connections between China and the global network prevented a timely alert and response.", "cite_spans": [{"start": 299, "end": 303, "text": "[72]", "ref_id": "BIBREF71"}], "ref_spans": [], "section": "Global information processing"}, {"text": "Literature on crisis preparation focuses on the capability to respond. Comparison of the two embedded case studies on Canada and China demonstrates the relevance of distinguishing between the ability and willingness to respond [55] . Canada's ability to respond was bounded by an outdated IT-infrastructure, unconnected information flows, unclear responsibilities, a failing alert system, a lack of coordination, a weak analytical capacity of the Ontario Public Health Branch, and a lack of involvement of the federal government [92] . Irrespective of China's ability, the case study showed the unwillingness to cooperate in the GCN for SARS during the first few months of the crisis. This political aspect in crisis management is hardly addressed yet in the organizational literature on organizational crises, except for policy evaluation reports on for instance the Katrina disaster [19] . It underscores the role of culture and trust in crises response. Fidler (2004) argues that the SARS outbreak reflected the collapse of the classical regime on infectious disease control, which was dominated by the sovereignty of national health care systems. The SARS outbreak instantiated a new kind of global solidarity in the detection and validation of global infectious diseases [40] . Asian countries continue to adhere to the standards and norms that had been established during the SARS outbreak.", "cite_spans": [{"start": 227, "end": 231, "text": "[55]", "ref_id": "BIBREF54"}, {"start": 529, "end": 533, "text": "[92]", "ref_id": "BIBREF91"}, {"start": 885, "end": 889, "text": "[19]", "ref_id": "BIBREF18"}, {"start": 957, "end": 970, "text": "Fidler (2004)", "ref_id": "BIBREF26"}, {"start": 1276, "end": 1280, "text": "[40]", "ref_id": "BIBREF39"}], "ref_spans": [], "section": "Network implications of national preparedness and response"}, {"text": "Building trust appears to be difficult in crisis situations, especially when many stakeholders are non-or decoupled to the network. The sharing of information and delegation of tasks without continuous surveillance to unknown partners turned out to be problematic. Trust relationships are not built overnight and require prior investments [8] . Moingeon and Edmondson [52] distinguish two levels of trust. The first refers to the confidence that other organizations will not abuse the information that will be exchanged. The second refers to the belief that other organizations are capable to keep up with their promises [52] . While both types of trust are important, trust in intent probes to be problematic as time shortage does not allow for establishing enduring trustworthy relationships. Hagel and Brown [38] therefore argue that when organizations operate in dynamic environments trust relationships should be mainly based on trust in competence. Jarvenpaa and Leidner [42] found that high-trust virtual teams exhibit a form of 'swift trust'. People who have never worked together and do not expect to work again act as if trust is present from the start. Meyerson et al. [50] characterize swift trust as a form of depersonalized action which may be a by-product of a highly proactive, enthusiastic generative style of action. Although we should be cautious in generalizing conclusions from research on virtual teams to global crisis response, it might help to explain how swift trust emerges in GCNs. Our study, though, emphasizes additional factors at play such as or organizational preparedness and openness. With an increasing sense of urgency in crisis situations, decision makers will calculate the risk of non-trusting and embrace a collaborative attitude.", "cite_spans": [{"start": 339, "end": 342, "text": "[8]", "ref_id": "BIBREF7"}, {"start": 368, "end": 372, "text": "[52]", "ref_id": "BIBREF51"}, {"start": 621, "end": 625, "text": "[52]", "ref_id": "BIBREF51"}, {"start": 811, "end": 815, "text": "[38]", "ref_id": "BIBREF37"}, {"start": 977, "end": 981, "text": "[42]", "ref_id": "BIBREF41"}, {"start": 1180, "end": 1184, "text": "[50]", "ref_id": "BIBREF49"}], "ref_spans": [], "section": "Network implications of national preparedness and response"}, {"text": "The SARS outbreak and the way this infectious disease was contained were unique from different perspectives. First, SARS was the first truly global disease spreading all over the world through global travel [57] . Second, it also convincingly showed that the very nature of a global phenomenon requires a global understanding and approach (i.e. at the network level). Third, underlying the successful campaign to bring the spread of the corona virus under control was the instantiation of an interorganizational information network. And finally, the success of instantiating global information networks was largely determined by the contribution of individual contributors (countries) and the global coordinator of the network (WHO).", "cite_spans": [{"start": 207, "end": 211, "text": "[57]", "ref_id": "BIBREF56"}], "ref_spans": [], "section": "Conclusion"}, {"text": "Although there is a vast amount of literature on network dynamics in the sense of who-talks-to-whom, less attention has been paid to the consequences of the 'compression of time' for the emergence and governance of networks in response to existential threats. As global cooperation between organizations will increase, it is important to understand the coordination dynamics of global loosely coupled networks. Our multi-level and multi-theoretical framework is an attempt to analyze and explain these dynamics. We think it is important to search for, synthesize and extend management and organizational conceptssuch as Global Crisis Network, collective action, loosely coupled systems and network coordination, and leverage capability buildingto understand new dynamics of globally operating agile networks responding to global events.", "cite_spans": [], "ref_spans": [], "section": "Conclusion"}], "bib_entries": {"BIBREF0": {"ref_id": "b0", "title": "Twenty-First Century Plague: The Story of SARS", "authors": [{"first": "T", "middle": [], "last": "Abraham", "suffix": ""}], "year": 2004, "venue": "", "volume": "", "issn": "", "pages": "", "other_ids": {}}, "BIBREF1": {"ref_id": "b1", "title": "Network Centric Warfare: Developing and Leveraging Information Superiority", "authors": [{"first": "D", "middle": ["S"], "last": "Alberts", "suffix": ""}, {"first": "J", "middle": ["J"], "last": "Garstka", "suffix": ""}, {"first": "F", "middle": ["P"], "last": "Stein", "suffix": ""}], "year": 2000, "venue": "", "volume": "", "issn": "", "pages": "", "other_ids": {}}, "BIBREF2": {"ref_id": "b2", "title": "Epidemiology, transmission dynamics and control of SARS: the 2002-2003 epidemic", "authors": [{"first": "R", "middle": ["M"], "last": "Anderson", "suffix": ""}], "year": 2005, "venue": "SARS: A Case Study in Emerging Infections", "volume": "", "issn": "", "pages": "", "other_ids": {}}, "BIBREF3": {"ref_id": "b3", "title": "Variety, constraint, and the law of requisite variety", "authors": [{"first": "W", "middle": ["R"], "last": "Ashby", "suffix": ""}], "year": 1968, "venue": "Modern Systems Research for the Behavioral Scientist", "volume": "", "issn": "", "pages": "", "other_ids": {}}, "BIBREF4": {"ref_id": "b4", "title": "The organizational transformation process: the micropolitics of dissonance reduction and the alignment of logics of action", "authors": [{"first": "S", "middle": ["B"], "last": "Bacharach", "suffix": ""}, {"first": "P", "middle": [], "last": "Bamberger", "suffix": ""}, {"first": "W", "middle": [], "last": "Sonnenstuhl", "suffix": ""}], "year": 1996, "venue": "Administrative Science Quarterly", "volume": "41", "issn": "", "pages": "477--506", "other_ids": {}}, "BIBREF5": {"ref_id": "b5", "title": "China: from denial to mass mobilization", "authors": [{"first": "M", "middle": [], "last": "Balasegram", "suffix": ""}, {"first": "A", "middle": [], "last": "Schnur", "suffix": ""}], "year": 2006, "venue": "How a Global Epidemic Was Stopped", "volume": "", "issn": "", "pages": "73--85", "other_ids": {}}, "BIBREF6": {"ref_id": "b6", "title": "Managing across Borders: The Transnational", "authors": [{"first": "C", "middle": ["A"], "last": "Bartlett", "suffix": ""}, {"first": "S", "middle": [], "last": "", "suffix": ""}], "year": 1998, "venue": "", "volume": "", "issn": "", "pages": "", "other_ids": {}}, "BIBREF7": {"ref_id": "b7", "title": "Knowledge Assets: Securing Competitive Advantage in the Information Economy", "authors": [{"first": "M", "middle": ["H"], "last": "Boisot", "suffix": ""}], "year": 1998, "venue": "", "volume": "", "issn": "", "pages": "", "other_ids": {}}, "BIBREF8": {"ref_id": "b8", "title": "Post-Bhopal behaviour at a chemical company", "authors": [{"first": "E", "middle": [], "last": "Bowman", "suffix": ""}], "year": 1988, "venue": "Journal of Management Studies", "volume": "25", "issn": "4", "pages": "387--402", "other_ids": {}}, "BIBREF9": {"ref_id": "b9", "title": "Organizing knowledge", "authors": [{"first": "J", "middle": ["S"], "last": "Brown", "suffix": ""}, {"first": "P", "middle": [], "last": "Duguid", "suffix": ""}], "year": 1998, "venue": "California Management Review", "volume": "40", "issn": "3", "pages": "90--111", "other_ids": {}}, "BIBREF10": {"ref_id": "b10", "title": "Knowledge and organization", "authors": [{"first": "J", "middle": ["S"], "last": "Brown", "suffix": ""}, {"first": "P", "middle": [], "last": "Duguid", "suffix": ""}], "year": 2001, "venue": "Organization Science", "volume": "12", "issn": "2", "pages": "198--213", "other_ids": {}}, "BIBREF11": {"ref_id": "b11", "title": "Knowledge specialization, organizational coupling and the boundaries of the firm: why do firms know more than they make?", "authors": [{"first": "S", "middle": [], "last": "Brusoni", "suffix": ""}, {"first": "K", "middle": [], "last": "Pavitt", "suffix": ""}], "year": 2001, "venue": "Administrative Science Quarterly", "volume": "46", "issn": "4", "pages": "597--621", "other_ids": {}}, "BIBREF12": {"ref_id": "b12", "title": "Globalization and international communicable crises. A case study of SARS", "authors": [{"first": "T", "middle": ["J"], "last": "Bryant", "suffix": ""}, {"first": "I", "middle": [], "last": "Vertinsky", "suffix": ""}, {"first": "C", "middle": [], "last": "Smart", "suffix": ""}], "year": 2007, "venue": "", "volume": "", "issn": "", "pages": "", "other_ids": {}}, "BIBREF13": {"ref_id": "b13", "title": "Multiasistencia on the Internet", "authors": [{"first": "J", "middle": [], "last": "Busquets", "suffix": ""}], "year": 2006, "venue": "", "volume": "", "issn": "", "pages": "", "other_ids": {}}, "BIBREF14": {"ref_id": "b14", "title": "Knowledge-sharing dilemmas", "authors": [{"first": "A", "middle": [], "last": "Cabrera", "suffix": ""}, {"first": "E", "middle": [], "last": "Cabrera", "suffix": ""}], "year": 2002, "venue": "Organization Science", "volume": "23", "issn": "5", "pages": "687--710", "other_ids": {}}, "BIBREF15": {"ref_id": "b15", "title": "The strategy and structure of collective action", "authors": [{"first": "M", "middle": ["G"], "last": "Carney", "suffix": ""}], "year": 1987, "venue": "Organization Studies", "volume": "8", "issn": "4", "pages": "", "other_ids": {}}, "BIBREF16": {"ref_id": "b16", "title": "Organizations unfettered: organizational form in an information-intensive economy", "authors": [{"first": "J", "middle": [], "last": "Child", "suffix": ""}, {"first": "R", "middle": ["G"], "last": "Mcgrath", "suffix": ""}], "year": 2001, "venue": "Academy of Management Journal", "volume": "44", "issn": "6", "pages": "1135--1148", "other_ids": {}}, "BIBREF17": {"ref_id": "b17", "title": "Bibliometric analysis of severe acute respiratory syndrome-related research in the beginning stage", "authors": [{"first": "W", "middle": ["T"], "last": "Chiu", "suffix": ""}, {"first": "J", "middle": ["S"], "last": "Huang", "suffix": ""}, {"first": "Y", "middle": ["S"], "last": "Ho", "suffix": ""}], "year": 2004, "venue": "Scientometrics", "volume": "61", "issn": "1", "pages": "69--77", "other_ids": {}}, "BIBREF18": {"ref_id": "b18", "title": "A Failure of Initiative. Final Report of the Select Bipartisan Committee to Investigate the Preparation for and Response to Katrina", "authors": [{"first": "", "middle": [], "last": "Congress", "suffix": ""}], "year": 2006, "venue": "", "volume": "", "issn": "", "pages": "", "other_ids": {}}, "BIBREF19": {"ref_id": "b19", "title": "Formal organization as representation: remote control, displacement and abbreviation", "authors": [{"first": "R", "middle": [], "last": "Cooper", "suffix": ""}], "year": 1992, "venue": "Rethinking Organization", "volume": "", "issn": "", "pages": "", "other_ids": {}}, "BIBREF20": {"ref_id": "b20", "title": "A coordination theory approach to organizational process design", "authors": [{"first": "K", "middle": [], "last": "Crowston", "suffix": ""}], "year": 1997, "venue": "Organization Science", "volume": "8", "issn": "2", "pages": "157--175", "other_ids": {}}, "BIBREF21": {"ref_id": "b21", "title": "Toward a model of organizations as interpretation systems", "authors": [{"first": "R", "middle": ["L"], "last": "Daft", "suffix": ""}, {"first": "K", "middle": ["E"], "last": "Weick", "suffix": ""}], "year": 1984, "venue": "Academy of Management Review", "volume": "9", "issn": "2", "pages": "284--295", "other_ids": {}}, "BIBREF22": {"ref_id": "b22", "title": "Interagency and Political-Military Dimensions of Peace Operations: Haiti -A Case Study", "authors": [{"first": "M. Daly", "middle": [], "last": "Hayes", "suffix": ""}, {"first": "G", "middle": ["F"], "last": "Weatley", "suffix": ""}], "year": 1996, "venue": "", "volume": "", "issn": "", "pages": "", "other_ids": {}}, "BIBREF23": {"ref_id": "b23", "title": "Hastily formed networks", "authors": [{"first": "P", "middle": ["J"], "last": "Denning", "suffix": ""}], "year": 2006, "venue": "Communications of the ACM", "volume": "49", "issn": "4", "pages": "15--20", "other_ids": {}}, "BIBREF24": {"ref_id": "b24", "title": "Communication, meaning, and organized action", "authors": [{"first": "A", "middle": [], "last": "Donnellon", "suffix": ""}, {"first": "B", "middle": [], "last": "Gray", "suffix": ""}, {"first": "M", "middle": ["G"], "last": "Bougon", "suffix": ""}], "year": 1986, "venue": "Administrative Science Quarterly", "volume": "31", "issn": "1", "pages": "43--55", "other_ids": {}}, "BIBREF25": {"ref_id": "b25", "title": "Case Study Methodology in Business Research", "authors": [{"first": "J", "middle": [], "last": "Dul", "suffix": ""}, {"first": "T", "middle": [], "last": "Hak", "suffix": ""}], "year": 2007, "venue": "", "volume": "", "issn": "", "pages": "", "other_ids": {}}, "BIBREF26": {"ref_id": "b26", "title": "SARS: Governance and the Globalization of Disease", "authors": [{"first": "D", "middle": ["P"], "last": "Fidler", "suffix": ""}], "year": 2004, "venue": "", "volume": "", "issn": "", "pages": "", "other_ids": {}}, "BIBREF27": {"ref_id": "b27", "title": "Connective and communal public goods in interactive communication system", "authors": [{"first": "J", "middle": [], "last": "Fulk", "suffix": ""}], "year": 1996, "venue": "Communication Theory", "volume": "6", "issn": "1", "pages": "60--87", "other_ids": {}}, "BIBREF28": {"ref_id": "b28", "title": "Resource recombinations in the firm: knowledge structures and the potential for Schumpeterian innovation", "authors": [{"first": "D", "middle": ["C"], "last": "Galunic", "suffix": ""}, {"first": "S", "middle": [], "last": "Rodan", "suffix": ""}], "year": 1998, "venue": "Strategic Management Journal", "volume": "19", "issn": "12", "pages": "1193--1201", "other_ids": {}}, "BIBREF29": {"ref_id": "b29", "title": "Faster\u2026but fast enough? Responding top the epidemic of severe acute respiratory syndrome", "authors": [{"first": "J", "middle": ["L"], "last": "Gerberding", "suffix": ""}], "year": 2003, "venue": "The New England Journal of Medicine", "volume": "348", "issn": "20", "pages": "2030--2031", "other_ids": {}}, "BIBREF30": {"ref_id": "b30", "title": "Communicable crises, Prevention, Response, and Recovery in the Global Arena", "authors": [{"first": "D", "middle": ["E"], "last": "Gibbons", "suffix": ""}], "year": 2007, "venue": "", "volume": "", "issn": "", "pages": "", "other_ids": {}}, "BIBREF31": {"ref_id": "b31", "title": "From knowledge accumulation to accommodation: cycles of collective cognition in work groups", "authors": [{"first": "C", "middle": ["B"], "last": "Gibson", "suffix": ""}], "year": 2001, "venue": "Journal of Organizational Behavior", "volume": "22", "issn": "", "pages": "121--134", "other_ids": {}}, "BIBREF32": {"ref_id": "b32", "title": "Unpacking the concept of virtuality: the effects of geographic dispersion, electronic dependence, dynamic structure, and national diversity on team innovation", "authors": [{"first": "C", "middle": ["B"], "last": "Gibson", "suffix": ""}, {"first": "J", "middle": ["L"], "last": "Gibbs", "suffix": ""}], "year": 2006, "venue": "Administrative Science Quarterly", "volume": "51", "issn": "", "pages": "451--495", "other_ids": {}}, "BIBREF33": {"ref_id": "b33", "title": "How organization design shapes informal networks: the case of patient care coordination", "authors": [{"first": "J", "middle": ["H"], "last": "Gittell", "suffix": ""}, {"first": "L", "middle": [], "last": "Weiss", "suffix": ""}], "year": 1997, "venue": "", "volume": "", "issn": "", "pages": "", "other_ids": {}}, "BIBREF34": {"ref_id": "b34", "title": "Persistence and loose coupling in living systems", "authors": [{"first": "R", "middle": ["B"], "last": "Glassman", "suffix": ""}], "year": 1973, "venue": "Behavioral Science", "volume": "18", "issn": "", "pages": "83--98", "other_ids": {}}, "BIBREF35": {"ref_id": "b35", "title": "Expedited assistance for victims of hurricane Katrina and Rita: FEMA's control weaknesses exposed the government to significant fraud and abuse, Testimony Before the Senate Committee on Homeland Security and Governmental Affairs", "authors": [], "year": 2006, "venue": "", "volume": "", "issn": "", "pages": "", "other_ids": {}}, "BIBREF36": {"ref_id": "b36", "title": "Analyzing interpretive practice, in handbook of qualitative research", "authors": [{"first": "J", "middle": ["F"], "last": "Gubrium", "suffix": ""}, {"first": "J", "middle": ["A"], "last": "Holstein", "suffix": ""}], "year": 2000, "venue": "", "volume": "", "issn": "", "pages": "", "other_ids": {}}, "BIBREF37": {"ref_id": "b37", "title": "The Only Sustainable Edge: Why Business Strategy Depends on Productive Friction and Dynamic Specialization", "authors": [{"first": "J", "middle": [], "last": "Hagel", "suffix": ""}, {"first": "J", "middle": ["S"], "last": "Brown", "suffix": ""}], "year": 2005, "venue": "", "volume": "", "issn": "", "pages": "", "other_ids": {}}, "BIBREF38": {"ref_id": "b38", "title": "The international response to the outbreak of SARS in", "authors": [{"first": "D", "middle": ["L"], "last": "Heymann", "suffix": ""}], "year": 2003, "venue": "Philosophical Transactions of the Royal Society B", "volume": "359", "issn": "", "pages": "1127--1129", "other_ids": {}}, "BIBREF39": {"ref_id": "b39", "title": "SARS and the emerging infectious diseases: a challenge to place global solidarity above national sovereignty", "authors": [{"first": "D", "middle": ["L"], "last": "Heymann", "suffix": ""}], "year": 2006, "venue": "Annals Academy of Medicine Singapore", "volume": "35", "issn": "", "pages": "350--353", "other_ids": {}}, "BIBREF40": {"ref_id": "b40", "title": "Organizational learning: the contributing processes and the literatures", "authors": [{"first": "G", "middle": ["P"], "last": "Huber", "suffix": ""}], "year": 1991, "venue": "Organization Science", "volume": "2", "issn": "1", "pages": "88--115", "other_ids": {}}, "BIBREF41": {"ref_id": "b41", "title": "Communication and trust in global virtual teams", "authors": [{"first": "S", "middle": ["L"], "last": "Jarvenpaa", "suffix": ""}, {"first": "D", "middle": ["E"], "last": "Leidner", "suffix": ""}], "year": 1998, "venue": "Journal of Computer-Mediated Communication", "volume": "3", "issn": "4", "pages": "", "other_ids": {}}, "BIBREF42": {"ref_id": "b42", "title": "The Connected Lives of Ants, Brains, Cities, and Software", "authors": [{"first": "S", "middle": [], "last": "Johnson", "suffix": ""}], "year": 2004, "venue": "", "volume": "", "issn": "", "pages": "", "other_ids": {}}, "BIBREF43": {"ref_id": "b43", "title": "Five challenges to virtual team success: lessons from Sabre", "authors": [{"first": "B", "middle": ["L"], "last": "Kirkman", "suffix": ""}], "year": 2002, "venue": "Inc. Academy of Management Executive", "volume": "16", "issn": "3", "pages": "67--79", "other_ids": {}}, "BIBREF44": {"ref_id": "b44", "title": "Social dilemmas: the anatomy of cooperation", "authors": [{"first": "P", "middle": [], "last": "Kollock", "suffix": ""}], "year": 1998, "venue": "Annual Review of Sociology", "volume": "24", "issn": "", "pages": "183--214", "other_ids": {}}, "BIBREF45": {"ref_id": "b45", "title": "The Logics of Social Structure", "authors": [{"first": "K", "middle": ["M"], "last": "Kontopoulos", "suffix": ""}], "year": 1993, "venue": "", "volume": "", "issn": "", "pages": "", "other_ids": {}}, "BIBREF46": {"ref_id": "b46", "title": "The merchant of Prato -revisited: towards a third rationality of information systems", "authors": [{"first": "K", "middle": [], "last": "Kumar", "suffix": ""}, {"first": "H", "middle": ["G"], "last": "Van Dissel", "suffix": ""}, {"first": "P", "middle": [], "last": "Bielli", "suffix": ""}], "year": 1998, "venue": "MIS Quarterly", "volume": "20", "issn": "3", "pages": "", "other_ids": {}}, "BIBREF47": {"ref_id": "b47", "title": "A new phoenix? Modern putting-out in the Modena knitwear industry", "authors": [{"first": "M", "middle": [], "last": "Lazerson", "suffix": ""}], "year": 1995, "venue": "Administrative Science Quarterly", "volume": "40", "issn": "", "pages": "34--59", "other_ids": {}}, "BIBREF48": {"ref_id": "b48", "title": "A heterarchy of values determined by the topology of nervous nets", "authors": [{"first": "W", "middle": [], "last": "Mcculloch", "suffix": ""}], "year": 1945, "venue": "Bulletin of Mathematical Biophysics", "volume": "7", "issn": "", "pages": "", "other_ids": {}}, "BIBREF49": {"ref_id": "b49", "title": "Trust in Organizations: Frontiers of Theory and Research", "authors": [{"first": "D", "middle": [], "last": "Meyerson", "suffix": ""}, {"first": "K", "middle": ["E"], "last": "Weick", "suffix": ""}, {"first": "R", "middle": ["M"], "last": "Kramer", "suffix": ""}], "year": 1996, "venue": "", "volume": "", "issn": "", "pages": "166--195", "other_ids": {}}, "BIBREF50": {"ref_id": "b50", "title": "Living Systems", "authors": [{"first": "J", "middle": ["G"], "last": "Miller", "suffix": ""}], "year": 1978, "venue": "", "volume": "", "issn": "", "pages": "", "other_ids": {}}, "BIBREF51": {"ref_id": "b51", "title": "From organizational learning to the learning organization", "authors": [{"first": "B", "middle": [], "last": "Moingeon", "suffix": ""}, {"first": "A", "middle": ["C"], "last": "Edmondson", "suffix": ""}], "year": 1998, "venue": "Management Learning", "volume": "29", "issn": "1", "pages": "5--20", "other_ids": {}}, "BIBREF52": {"ref_id": "b52", "title": "Theories of Communication Networks", "authors": [{"first": "P", "middle": ["R"], "last": "Monge", "suffix": ""}, {"first": "N", "middle": [], "last": "Contractor", "suffix": ""}], "year": 2003, "venue": "", "volume": "", "issn": "", "pages": "", "other_ids": {}}, "BIBREF53": {"ref_id": "b53", "title": "Learning from SARS: Renewal of Public Health in Canada (National Advisory Committee on SARS and Public Health)", "authors": [], "year": 2003, "venue": "", "volume": "", "issn": "", "pages": "", "other_ids": {}}, "BIBREF54": {"ref_id": "b54", "title": "Strategic responses to institutional processes", "authors": [{"first": "C", "middle": [], "last": "Oliver", "suffix": ""}], "year": 1991, "venue": "Academy of Management Review", "volume": "16", "issn": "1", "pages": "145--179", "other_ids": {}}, "BIBREF55": {"ref_id": "b55", "title": "The Logic of Collective Action: Public Goods and the Theory of Groups", "authors": [{"first": "M", "middle": [], "last": "Olson", "suffix": ""}], "year": 1965, "venue": "", "volume": "", "issn": "", "pages": "", "other_ids": {}}, "BIBREF56": {"ref_id": "b56", "title": "How a Global Epidemic Was Stopped", "authors": [{"first": "S", "middle": [], "last": "Omi", "suffix": ""}, {"first": "", "middle": [], "last": "Overview", "suffix": ""}, {"first": "", "middle": [], "last": "Sars", "suffix": ""}], "year": 2006, "venue": "", "volume": "", "issn": "", "pages": "vii--x", "other_ids": {}}, "BIBREF57": {"ref_id": "b57", "title": "Loosely coupled systems: a reconceptualization", "authors": [{"first": "J", "middle": ["D"], "last": "Orton", "suffix": ""}, {"first": "K", "middle": ["E"], "last": "Weick", "suffix": ""}], "year": 1990, "venue": "Academy of Management Review", "volume": "15", "issn": "2", "pages": "203--223", "other_ids": {}}, "BIBREF58": {"ref_id": "b58", "title": "Knowledge transfer in globally distributed teams: the role of transactive memory", "authors": [{"first": "I", "middle": [], "last": "Oshri", "suffix": ""}, {"first": "P", "middle": ["C"], "last": "Van Fenema", "suffix": ""}, {"first": "J", "middle": [], "last": "Kotlarsky", "suffix": ""}], "year": 2008, "venue": "Information Systems Journal", "volume": "18", "issn": "6", "pages": "", "other_ids": {}}, "BIBREF59": {"ref_id": "b59", "title": "From crisis prone to crisis prepared: a framework for crisis management", "authors": [{"first": "C", "middle": ["M"], "last": "Pearson", "suffix": ""}, {"first": "I", "middle": ["I"], "last": "Mitroff", "suffix": ""}], "year": 1993, "venue": "Academy of Management Executive", "volume": "7", "issn": "1", "pages": "48--59", "other_ids": {}}, "BIBREF60": {"ref_id": "b60", "title": "The Theory of the Growth of the Firm", "authors": [{"first": "E", "middle": [], "last": "Penrose", "suffix": ""}], "year": 1959, "venue": "", "volume": "", "issn": "", "pages": "", "other_ids": {}}, "BIBREF61": {"ref_id": "b61", "title": "Longitudinal field research on change: theory and practice", "authors": [{"first": "A", "middle": ["M"], "last": "Pettigrew", "suffix": ""}], "year": 1990, "venue": "", "volume": "1", "issn": "", "pages": "267--292", "other_ids": {}}, "BIBREF63": {"ref_id": "b63", "title": "Major Criteria for Judging and Managing and Their Applicability in Developing Societies", "authors": [{"first": "E", "middle": ["L"], "last": "Quarantelli", "suffix": ""}], "year": 1998, "venue": "", "volume": "", "issn": "", "pages": "", "other_ids": {}}, "BIBREF64": {"ref_id": "b64", "title": "A Swedish approach to network based CBRN decision support in future missions", "authors": [{"first": "L", "middle": [], "last": "Rejnus", "suffix": ""}, {"first": "J", "middle": [], "last": "Jenvald", "suffix": ""}, {"first": "M", "middle": [], "last": "Morin", "suffix": ""}], "year": 2004, "venue": "CCRTS Conference", "volume": "", "issn": "", "pages": "", "other_ids": {}}, "BIBREF66": {"ref_id": "b66", "title": "Toward a dynamic theory of emotion: the component process model of affective states", "authors": [{"first": "K", "middle": ["R"], "last": "Scherer", "suffix": ""}], "year": 1987, "venue": "Geneva Studies in Emotion and Communication", "volume": "1", "issn": "1", "pages": "", "other_ids": {}}, "BIBREF67": {"ref_id": "b67", "title": "Understanding industrial crises", "authors": [{"first": "P", "middle": [], "last": "Shrivastava", "suffix": ""}, {"first": "I", "middle": ["I"], "last": "Mitroff", "suffix": ""}], "year": 1988, "venue": "Journal of Management Studies", "volume": "25", "issn": "4", "pages": "285--303", "other_ids": {}}, "BIBREF68": {"ref_id": "b68", "title": "Intra-and interorganizational cooperation: toward a research agenda", "authors": [{"first": "K", "middle": ["G"], "last": "Smith", "suffix": ""}, {"first": "S", "middle": ["J"], "last": "Caroll", "suffix": ""}, {"first": "S", "middle": ["J"], "last": "Ashford", "suffix": ""}], "year": 1995, "venue": "Academy of Management Journal", "volume": "38", "issn": "1", "pages": "7--23", "other_ids": {}}, "BIBREF69": {"ref_id": "b69", "title": "Making humanitarian relief networks more effective: exploring the relationships among coordination, trust and sense making, National Conference of the Association for Research on Non-Profit Organizations and Voluntary Action (ARNOVA)", "authors": [{"first": "M", "middle": [], "last": "Stephenson", "suffix": ""}], "year": 2004, "venue": "", "volume": "", "issn": "", "pages": "", "other_ids": {}}, "BIBREF70": {"ref_id": "b70", "title": "Information and Organizations", "authors": [{"first": "A", "middle": ["L"], "last": "Stinchcombe", "suffix": ""}], "year": 1990, "venue": "", "volume": "", "issn": "", "pages": "", "other_ids": {}}, "BIBREF71": {"ref_id": "b71", "title": "The Wisdom of Crowds", "authors": [{"first": "J", "middle": [], "last": "Surowiecki", "suffix": ""}], "year": 2004, "venue": "", "volume": "", "issn": "", "pages": "", "other_ids": {}}, "BIBREF72": {"ref_id": "b72", "title": "The organizational and interorganizational development of disasters", "authors": [{"first": "B", "middle": ["A"], "last": "Turner", "suffix": ""}], "year": 1976, "venue": "Administrative Science Quarterly", "volume": "21", "issn": "3", "pages": "378--397", "other_ids": {}}, "BIBREF73": {"ref_id": "b73", "title": "Knowledge sharing in an emerging network of practice: the role of a knowledge portal", "authors": [{"first": "P", "middle": ["J"], "last": "Van Baalen", "suffix": ""}, {"first": "J", "middle": [], "last": "Bloemhof-Ruwaard", "suffix": ""}, {"first": "E", "middle": [], "last": "Heck", "suffix": ""}], "year": 2005, "venue": "European Management Journal", "volume": "23", "issn": "3", "pages": "300--314", "other_ids": {}}, "BIBREF74": {"ref_id": "b74", "title": "The dynamics of interorganizational coordination", "authors": [{"first": "A", "middle": ["H"], "last": "Van De Ven", "suffix": ""}, {"first": "G", "middle": [], "last": "Walker", "suffix": ""}], "year": 1984, "venue": "Administative Science Quarterly", "volume": "29", "issn": "4", "pages": "598--621", "other_ids": {}}, "BIBREF75": {"ref_id": "b75", "title": "Implementing packaged enterprise software in multi-site firms: intensification of organizing and learning", "authors": [{"first": "P", "middle": ["C"], "last": "Van Fenema", "suffix": ""}, {"first": "P", "middle": ["J"], "last": "Van Baalen", "suffix": ""}, {"first": "O", "middle": ["R"], "last": "Koppius", "suffix": ""}], "year": 2007, "venue": "European Journal of Information Systems", "volume": "16", "issn": "5", "pages": "584--598", "other_ids": {}}, "BIBREF76": {"ref_id": "b76", "title": "Embedded coordination in a business network", "authors": [{"first": "D", "middle": ["W"], "last": "Van Liere", "suffix": ""}], "year": 2004, "venue": "Smart Business Networks", "volume": "", "issn": "", "pages": "", "other_ids": {}}, "BIBREF77": {"ref_id": "b77", "title": "Autonomy, interdependence, and social control: NASA and the Space Shuttle Challenger", "authors": [{"first": "D", "middle": [], "last": "Vaughan", "suffix": ""}], "year": 1990, "venue": "Administrative Science Quarterly", "volume": "35", "issn": "", "pages": "225--257", "other_ids": {}}, "BIBREF78": {"ref_id": "b78", "title": "Cocreating understanding and value in distributed work: how members of onsite and offshore ISD vendor teams give, make, demand and break sense", "authors": [{"first": "P", "middle": ["W L"], "last": "Vlaar", "suffix": ""}, {"first": "P", "middle": ["C"], "last": "Van Fenema", "suffix": ""}, {"first": "V", "middle": [], "last": "Tiwari", "suffix": ""}], "year": 2008, "venue": "MIS Quarterly", "volume": "32", "issn": "2", "pages": "227--255", "other_ids": {}}, "BIBREF79": {"ref_id": "b79", "title": "SARS, governance and the globalization of disease", "authors": [{"first": "P", "middle": [], "last": "Wallis", "suffix": ""}], "year": 2005, "venue": "Social History of Medicine", "volume": "18", "issn": "3", "pages": "", "other_ids": {}}, "BIBREF80": {"ref_id": "b80", "title": "Educational organizations as loosely coupled systems", "authors": [{"first": "K", "middle": ["E"], "last": "Weick", "suffix": ""}], "year": 1976, "venue": "Administrative Science Quarterly", "volume": "21", "issn": "", "pages": "", "other_ids": {}}, "BIBREF81": {"ref_id": "b81", "title": "The Social Psychology of Organizing", "authors": [{"first": "K", "middle": ["E"], "last": "Weick", "suffix": ""}], "year": 1979, "venue": "", "volume": "", "issn": "", "pages": "", "other_ids": {}}, "BIBREF82": {"ref_id": "b82", "title": "Organizational culture as a source of high reliability", "authors": [{"first": "K", "middle": ["E"], "last": "Weick", "suffix": ""}], "year": 1987, "venue": "California Management Review", "volume": "29", "issn": "2", "pages": "112--127", "other_ids": {}}, "BIBREF83": {"ref_id": "b83", "title": "Enacted sensemaking in crisis situations", "authors": [{"first": "K", "middle": ["E"], "last": "Weick", "suffix": ""}], "year": 1988, "venue": "Journal of Management Studies", "volume": "25", "issn": "4", "pages": "305--317", "other_ids": {}}, "BIBREF84": {"ref_id": "b84", "title": "Organizing for high reliability: processes of collective mindfulness", "authors": [{"first": "K", "middle": ["E"], "last": "Weick", "suffix": ""}, {"first": "K", "middle": ["M"], "last": "Sutcliffe", "suffix": ""}, {"first": "D", "middle": [], "last": "Obstfeld", "suffix": ""}], "year": 1999, "venue": "Research in Organizational Behavior", "volume": "", "issn": "", "pages": "81--123", "other_ids": {}}, "BIBREF85": {"ref_id": "b85", "title": "Cognitive readiness in network-centric operations", "authors": [{"first": "N", "middle": ["J"], "last": "Wesensten", "suffix": ""}, {"first": "G", "middle": [], "last": "Belenky", "suffix": ""}, {"first": "T", "middle": ["J"], "last": "Balkin", "suffix": ""}], "year": 2005, "venue": "Parameters", "volume": "35", "issn": "1", "pages": "94--105", "other_ids": {}}, "BIBREF86": {"ref_id": "b86", "title": "Middle managers and strategy: microdynamics of inclusion", "authors": [{"first": "F", "middle": ["R"], "last": "Westley", "suffix": ""}], "year": 1990, "venue": "Strategic Management Journal", "volume": "11", "issn": "", "pages": "337--351", "other_ids": {}}, "BIBREF87": {"ref_id": "b87", "title": "Report of a WHO Meeting", "authors": [], "year": 2000, "venue": "", "volume": "", "issn": "", "pages": "", "other_ids": {}}, "BIBREF89": {"ref_id": "b89", "title": "Understanding Computers and Cognition. A New Foundation for Design", "authors": [{"first": "T", "middle": [], "last": "Winograd", "suffix": ""}, {"first": "C", "middle": ["F"], "last": "Flores", "suffix": ""}], "year": 1986, "venue": "", "volume": "", "issn": "", "pages": "", "other_ids": {}}, "BIBREF90": {"ref_id": "b90", "title": "Case Study Research: Design and Methods", "authors": [{"first": "R", "middle": ["K"], "last": "Yin", "suffix": ""}], "year": 2003, "venue": "", "volume": "6", "issn": "", "pages": "", "other_ids": {}}, "BIBREF91": {"ref_id": "b91", "title": "Controlling SARS in federal systems: a comparative case study analysis of SARS control in Canada and the European Union", "authors": [{"first": "X", "middle": [], "last": "Zhan", "suffix": ""}], "year": 2004, "venue": "", "volume": "", "issn": "", "pages": "", "other_ids": {}}, "BIBREF92": {"ref_id": "b92", "title": "Peter van Baalen lectures in the fields of knowledge management, e-organizations, new media and communication in business, and open innovation in the knowledge economy. His recent research focuses on knowledge exchange, IT-adoption, open source software development, e-communities, new media and the evolution of global knowledge networks. Peter van Baalen published seven books and about 90 articles in national and international journals", "authors": [{"first": "Peter", "middle": ["J"], "last": "Dr", "suffix": ""}, {"first": "", "middle": [], "last": "Van", "suffix": ""}], "year": null, "venue": "", "volume": "", "issn": "", "pages": "", "other_ids": {}}, "BIBREF93": {"ref_id": "b93", "title": "He holds a PhD in Information Systems and Management from RSM Erasmus (The Netherlands), and held positions at this school and Florida International University. His research focuses on coordination, value creation, and knowledge management in global IS projects and High Reliability Organizations", "authors": [{"first": "Paul", "middle": ["C"], "last": "Dr", "suffix": ""}, {"first": "", "middle": [], "last": "Van", "suffix": ""}], "year": 2008, "venue": "Fenema is an Associate Professor at Netherlands Defense Academy, The Netherlands, and a part-time instructor at Tilburg University", "volume": "", "issn": "", "pages": "", "other_ids": {}}}, "ref_entries": {"FIGREF0": {"text": "A multi-level framework for Global Crisis Network (GCN) instantiation.", "latex": null, "type": "figure"}, "TABREF1": {"text": "Crisis probability and impact.", "latex": null, "type": "table", "html": "<html><body><table><tr><td>\u00a0</td><td>Probability of crises\n</td><td>\u00a0</td></tr><tr><td>\u00a0</td><td>Low </td><td>High\n</td></tr><tr><td>Consequences of crises\n</td><td>Low Rare event, limited impact (e.g. geographical scope), limited repertoire.\nHigh Rare event, massive, often global, impact. Early signals ignored or misinterpreted.\nAnticipation hardly feasible, limited connectivity and repertoire. Central role for technologies and information processing. Fusion of action, understanding, learning and frame development.\n</td><td>Predictable crises with limited impact. Focused preparation suffices.\nPredictable crises with large scale impact. Anticipation is feasible, early signals are interpreted correctly. Elaborate information infrastructures are connected and available. Emphasis on action within existing frames.\n</td></tr></table></body></html>"}, "TABREF2": {"text": "SARS cases worldwide (November 1, 2002-July 31, 2003).", "latex": null, "type": "table"}}, "back_matter": [{"text": "The authors are grateful for feedback from participants of the SBNI Discovery Session, Putten, The Netherlands, June 14-16 2006. The research has benefited from financial support of Erasmus Research Institute of Management (ERIM) and Netherlands Defense Academy.", "cite_spans": [], "ref_spans": [], "section": "Acknowledgements"}]}