{
    "paper_id": "0d3d6464fface2f849bdc3689bd0fc2b46c4366f",
    "metadata": {
        "title": "COVID-19 in Nursing Homes",
        "authors": [
            {
                "first": "Aoife",
                "middle": [],
                "last": "Fallon",
                "suffix": "",
                "affiliation": {},
                "email": ""
            },
            {
                "first": "Tim",
                "middle": [],
                "last": "Dukelow",
                "suffix": "",
                "affiliation": {},
                "email": ""
            },
            {
                "first": "Sean",
                "middle": [
                    "P"
                ],
                "last": "Kennelly",
                "suffix": "",
                "affiliation": {},
                "email": ""
            }
        ]
    },
    "abstract": [],
    "body_text": [
        {
            "text": "One of the tragic legacies of Hurricane Katrina in public consciousness was the disproportionate loss of life among older nursing home residents 1 . Given the similar lack of preparation and reserves in the nursing home sector in the course of many other natural disasters, the COVID-19 pandemic poses urgent questions as to whether healthcare systems and professionals have learned from these experiences.",
            "cite_spans": [
                {
                    "start": 145,
                    "end": 146,
                    "text": "1",
                    "ref_id": "BIBREF0"
                }
            ],
            "ref_spans": [],
            "section": "2"
        },
        {
            "text": "Older age and the presence of comorbidities are associated with increased risk of mortality in the current pandemic. The high prevalence of functional and cognitive impairment and behavioural symptoms add to the risk posed to nursing home residents 2 , as well as environments which present barriers to infection control 3 . In addition, healthcare professionals globally of all hues have neglected research, recruitment incentivization and quality improvement in nursing home care relative to other areas of clinical practice 4 . This is further reflected by evidence of variable and often inadequate preparation for pandemics in the sector 5, 6 , as well as the absence of infection control from descriptions of the competencies of nurses in care homes 7 .",
            "cite_spans": [
                {
                    "start": 321,
                    "end": 322,
                    "text": "3",
                    "ref_id": "BIBREF2"
                }
            ],
            "ref_spans": [],
            "section": "2"
        },
        {
            "text": "The synergy of these factors is reflected in the first major study of COVID-19 in a nursing home. Nearly two-thirds of residents were infected over a three week period, with a death rate of 33%: fifty staff members and 16 visitors were also infected 8 ",
            "cite_spans": [
                {
                    "start": 250,
                    "end": 251,
                    "text": "8",
                    "ref_id": "BIBREF7"
                }
            ],
            "ref_spans": [],
            "section": "2"
        },
        {
            "text": "Spain, it has been reported that a significant proportion of COVID-19 associated deaths have been nursing home residents. There is also a concern that many jurisdictions are not including nursing home deaths in the COVID-19 death toll.",
            "cite_spans": [],
            "ref_spans": [],
            "section": ". In"
        },
        {
            "text": "Whilst general guidelines emphasise the importance of strict infection control protocols, little acknowledgement is given to the unique challenges faced by nursing homes with significant levels of close-contact physical care. Low staff to resident ratios are further impacted by COVID-19 related sick-leave, quarantine and absconding, threatening the provision of basic care to sick isolated residents.",
            "cite_spans": [],
            "ref_spans": [],
            "section": ". In"
        },
        {
            "text": "3 Implementation of isolation procedures and education of residents can be exceptionally complicated for those with significant cognitive impairment and walking with purpose 2 , the person-centred term for wandering.",
            "cite_spans": [],
            "ref_spans": [],
            "section": ". In"
        },
        {
            "text": "Parallels may be drawn between challenges faced in nursing homes during the current pandemic and those seen in previous infectious outbreaks and epidemics. Following Organisation, the Centers for Disease Control, and the British Geriatrics Society): the latter laudably highlights that residents who 'walk with purpose' will require special consideration [10] [11] [12] . The implementation of these recommendations requires a more clearly developed governance and leadership structure in nursing homes than is often the case currently, such as the medical director role required by law in the USA.",
            "cite_spans": [
                {
                    "start": 355,
                    "end": 359,
                    "text": "[10]",
                    "ref_id": "BIBREF10"
                },
                {
                    "start": 360,
                    "end": 364,
                    "text": "[11]",
                    "ref_id": null
                },
                {
                    "start": 365,
                    "end": 369,
                    "text": "[12]",
                    "ref_id": "BIBREF12"
                }
            ],
            "ref_spans": [],
            "section": ". In"
        },
        {
            "text": "A common strand highlighted is the importance of early, collaborative advanced care planning [10] [11] [12] . Provision of decision making support and adequately resourcing facilities to provide good palliative care should also be prioritised 12 Of considerable importance also is the safeguarding of staff mental and physical wellbeing. On a more fundamental level, education of staff, many of whom will lack dedicated gerontological and healthcare training, is essential in order to dispel myths and impart accurate information concerning the pandemic and optimal support of residents.",
            "cite_spans": [
                {
                    "start": 93,
                    "end": 97,
                    "text": "[10]",
                    "ref_id": "BIBREF10"
                },
                {
                    "start": 98,
                    "end": 102,
                    "text": "[11]",
                    "ref_id": null
                },
                {
                    "start": 103,
                    "end": 107,
                    "text": "[12]",
                    "ref_id": "BIBREF12"
                },
                {
                    "start": 243,
                    "end": 245,
                    "text": "12",
                    "ref_id": "BIBREF12"
                }
            ],
            "ref_spans": [],
            "section": ". In"
        },
        {
            "text": "Older people resident in nursing homes are demonstrably the group most at risk of adverse outcomes and mortality during the current pandemic. Early, collaborative advanced care planning, more formalized leadership and governance, and provision of education and support for residents and staff is essential. At a more fundamental level, a radical rethink is needed on how to develop and integrate high quality nursing home care into the canon of core healthcare services, with adequate input from a range of gerontological specialties 13 .",
            "cite_spans": [
                {
                    "start": 534,
                    "end": 536,
                    "text": "13",
                    "ref_id": "BIBREF14"
                }
            ],
            "ref_spans": [],
            "section": ". In"
        }
    ],
    "bib_entries": {
        "BIBREF0": {
            "ref_id": "b0",
            "title": "A comparison of the nursing home evacuation experience between Hurricanes Katrina (2005) and Gustav",
            "authors": [
                {
                    "first": "G",
                    "middle": [],
                    "last": "Blanchard",
                    "suffix": ""
                },
                {
                    "first": "D",
                    "middle": [],
                    "last": "Dosa",
                    "suffix": ""
                }
            ],
            "year": 2008,
            "venue": "Journal of the American Medical Directors Association",
            "volume": "10",
            "issn": "9",
            "pages": "639--682",
            "other_ids": {}
        },
        "BIBREF1": {
            "ref_id": "b1",
            "title": "Dementia care during COVID-19",
            "authors": [
                {
                    "first": "H",
                    "middle": [],
                    "last": "Wang",
                    "suffix": ""
                },
                {
                    "first": "T",
                    "middle": [],
                    "last": "Li",
                    "suffix": ""
                },
                {
                    "first": "P",
                    "middle": [],
                    "last": "Barbarino",
                    "suffix": ""
                },
                {
                    "first": "S",
                    "middle": [],
                    "last": "Gauthier",
                    "suffix": ""
                },
                {
                    "first": "H",
                    "middle": [],
                    "last": "Brodaty",
                    "suffix": ""
                },
                {
                    "first": "J",
                    "middle": [
                        "L"
                    ],
                    "last": "Molinuevo",
                    "suffix": ""
                }
            ],
            "year": null,
            "venue": "Lancet",
            "volume": "2020",
            "issn": "",
            "pages": "",
            "other_ids": {
                "DOI": [
                    "10.1016/S0140-6736(20)30755-8"
                ]
            }
        },
        "BIBREF2": {
            "ref_id": "b2",
            "title": "Influenza in long-term care facilities. Influenza Other Respir Viruses",
            "authors": [
                {
                    "first": "L",
                    "middle": [
                        "E"
                    ],
                    "last": "Lansbury",
                    "suffix": ""
                },
                {
                    "first": "C",
                    "middle": [
                        "S"
                    ],
                    "last": "Brown",
                    "suffix": ""
                },
                {
                    "first": "J",
                    "middle": [
                        "S"
                    ],
                    "last": "Nguyen-Van-Tam",
                    "suffix": ""
                }
            ],
            "year": 2017,
            "venue": "",
            "volume": "11",
            "issn": "",
            "pages": "356--366",
            "other_ids": {
                "DOI": [
                    "10.1111/irv.12464"
                ]
            }
        },
        "BIBREF3": {
            "ref_id": "b3",
            "title": "Reflecting on our perceptions of the worth, status and rewards of working in nursing homes",
            "authors": [
                {
                    "first": "D",
                    "middle": [],
                    "last": "O&apos;neill",
                    "suffix": ""
                }
            ],
            "year": 2018,
            "venue": "Age Ageing",
            "volume": "47",
            "issn": "4",
            "pages": "502--504",
            "other_ids": {
                "DOI": [
                    "10.1093/ageing/afy065"
                ]
            }
        },
        "BIBREF4": {
            "ref_id": "b4",
            "title": "Pandemic influenza plans in residential care facilities",
            "authors": [
                {
                    "first": "H",
                    "middle": [
                        "D"
                    ],
                    "last": "Lum",
                    "suffix": ""
                },
                {
                    "first": "L",
                    "middle": [],
                    "last": "Mody",
                    "suffix": ""
                },
                {
                    "first": "C",
                    "middle": [
                        "R"
                    ],
                    "last": "Levy",
                    "suffix": ""
                },
                {
                    "first": "A",
                    "middle": [
                        "A"
                    ],
                    "last": "Ginde",
                    "suffix": ""
                }
            ],
            "year": 2014,
            "venue": "J Am Geriatr Soc",
            "volume": "62",
            "issn": "7",
            "pages": "1310--1316",
            "other_ids": {
                "DOI": [
                    "10.1111/jgs.12879"
                ]
            }
        },
        "BIBREF5": {
            "ref_id": "b5",
            "title": "Understanding barriers to effective management of influenza outbreaks by residential aged care facilities",
            "authors": [
                {
                    "first": "E",
                    "middle": [],
                    "last": "Huhtinen",
                    "suffix": ""
                },
                {
                    "first": "E",
                    "middle": [],
                    "last": "Quinn",
                    "suffix": ""
                },
                {
                    "first": "I",
                    "middle": [],
                    "last": "Hess",
                    "suffix": ""
                },
                {
                    "first": "Z",
                    "middle": [],
                    "last": "Najjar",
                    "suffix": ""
                },
                {
                    "first": "L",
                    "middle": [],
                    "last": "Gupta",
                    "suffix": ""
                }
            ],
            "year": 2019,
            "venue": "Australas J Ageing",
            "volume": "38",
            "issn": "1",
            "pages": "60--63",
            "other_ids": {
                "DOI": [
                    "10.1111/ajag.12595"
                ]
            }
        },
        "BIBREF6": {
            "ref_id": "b6",
            "title": "The competencies of Registered Nurses working in care homes: a modified Delphi study",
            "authors": [
                {
                    "first": "M",
                    "middle": [
                        "R"
                    ],
                    "last": "Stanyon",
                    "suffix": ""
                },
                {
                    "first": "S",
                    "middle": [
                        "E"
                    ],
                    "last": "Goldberg",
                    "suffix": ""
                },
                {
                    "first": "A",
                    "middle": [],
                    "last": "Astle",
                    "suffix": ""
                },
                {
                    "first": "A",
                    "middle": [],
                    "last": "Griffiths",
                    "suffix": ""
                },
                {
                    "first": "A",
                    "middle": [
                        "L"
                    ],
                    "last": "Gordon",
                    "suffix": ""
                }
            ],
            "year": 2017,
            "venue": "Age Ageing",
            "volume": "46",
            "issn": "4",
            "pages": "582--588",
            "other_ids": {
                "DOI": [
                    "10.1093/ageing/afw244"
                ]
            }
        },
        "BIBREF7": {
            "ref_id": "b7",
            "title": "Epidemiology of Covid-19 in a Long-Term Care Facility in King County, Washington",
            "authors": [
                {
                    "first": "T",
                    "middle": [
                        "M"
                    ],
                    "last": "Mcmichael",
                    "suffix": ""
                },
                {
                    "first": "D",
                    "middle": [
                        "W"
                    ],
                    "last": "Currie",
                    "suffix": ""
                },
                {
                    "first": "S",
                    "middle": [],
                    "last": "Clark",
                    "suffix": ""
                },
                {
                    "first": "S",
                    "middle": [],
                    "last": "Pogosjans",
                    "suffix": ""
                },
                {
                    "first": "M",
                    "middle": [],
                    "last": "Kay",
                    "suffix": ""
                },
                {
                    "first": "N",
                    "middle": [
                        "G"
                    ],
                    "last": "Schwartz",
                    "suffix": ""
                }
            ],
            "year": 2020,
            "venue": "N Engl J Med",
            "volume": "",
            "issn": "",
            "pages": "",
            "other_ids": {}
        },
        "BIBREF9": {
            "ref_id": "b9",
            "title": "Experiencing SARS: perspectives of the elderly residents and health care professionals in a Hong Kong nursing home",
            "authors": [
                {
                    "first": "M",
                    "middle": [
                        "M"
                    ],
                    "last": "Tse",
                    "suffix": ""
                },
                {
                    "first": "S",
                    "middle": [
                        "P"
                    ],
                    "last": "Pun",
                    "suffix": ""
                },
                {
                    "first": "I",
                    "middle": [
                        "F"
                    ],
                    "last": "Benzie",
                    "suffix": ""
                }
            ],
            "year": 2003,
            "venue": "Geriatr Nurs",
            "volume": "24",
            "issn": "5",
            "pages": "266--275",
            "other_ids": {}
        },
        "BIBREF10": {
            "ref_id": "b10",
            "title": "Infection Prevention and Control guidance for Long-Term Care Facilities in the context of COVID-19. Geneva, World Health Organisation",
            "authors": [],
            "year": 2020,
            "venue": "",
            "volume": "",
            "issn": "",
            "pages": "",
            "other_ids": {}
        },
        "BIBREF11": {
            "ref_id": "b11",
            "title": "Preparing for COVID-19: Long-term Care Facilities, Nursing Homes. Atlanta, Centers for Disease Control",
            "authors": [],
            "year": 2020,
            "venue": "Centers for Disease Control",
            "volume": "",
            "issn": "",
            "pages": "",
            "other_ids": {}
        },
        "BIBREF12": {
            "ref_id": "b12",
            "title": "Managing the COVID-19 pandemic in care homes",
            "authors": [],
            "year": null,
            "venue": "British Geriatrics Society",
            "volume": "",
            "issn": "",
            "pages": "",
            "other_ids": {}
        },
        "BIBREF14": {
            "ref_id": "b14",
            "title": "Towards standards of medical care for physicians in nursing homes",
            "authors": [
                {
                    "first": "R",
                    "middle": [],
                    "last": "Briggs",
                    "suffix": ""
                },
                {
                    "first": "I",
                    "middle": [],
                    "last": "Holmerov\u00e1",
                    "suffix": ""
                },
                {
                    "first": "F",
                    "middle": [],
                    "last": "Martin",
                    "suffix": ""
                },
                {
                    "first": "O",
                    "middle": [],
                    "last": "Neill",
                    "suffix": ""
                },
                {
                    "first": "D",
                    "middle": [],
                    "last": "",
                    "suffix": ""
                }
            ],
            "year": 2015,
            "venue": "Eur Geriatr Med",
            "volume": "6",
            "issn": "",
            "pages": "401--404",
            "other_ids": {}
        }
    },
    "ref_entries": {
        "FIGREF0": {
            "text": "the Severe Acute Respiratory Syndrome (SARS) epidemic in 2003, a study showed that the majority of residents in a Hong Kong nursing home reported poor knowledge of the condition and staff reported concerns about contracting the condition themselves 9 : the willingness and ability of staff to work, and remain at work, may be impacted upon by a disproportionate level of perceived threat during pandemics and disasters. Several governmental agencies and professional bodies have drafted guidelines and statements regarding the provision of residential care during the COVID-19 pandemic of varying quality, scope and emphasis. These sources include the World Health",
            "latex": null,
            "type": "figure"
        },
        "FIGREF1": {
            "text": ". Preventive measures and practical advice on social distancing within residential care facilities have been recommended 12 . The necessity of these measures in order to protect residents, staff members and the public is widely acknowledged. However, in addition 4 to the challenge of resident understanding and walking with purpose, restriction of visiting and group activities may have a very negative impact on residents' mental and physical wellbeing and needs to be judiciously implemented. The important role of informal support networks and care staff in the provision of practical and emotional support are undermined during these restrictions.",
            "latex": null,
            "type": "figure"
        }
    },
    "back_matter": []
}