{
    "paper_id": "0d3fa6e484df23c41bdbb2b55fd13e733225ea49",
    "metadata": {
        "title": "Sequelae of viral pneumonia in children",
        "authors": [
            {
                "first": "J",
                "middle": [],
                "last": "Brouard",
                "suffix": "",
                "affiliation": {
                    "laboratory": "Service de p\u00e9diatrie m\u00e9dicale",
                    "institution": "CHU de Caen",
                    "location": {
                        "addrLine": "avenue C\u00f4te-de-Nacre, avenue C\u00f4te-de-Nacre",
                        "postCode": "14033, 14033",
                        "settlement": "Caen cedex 9, Caen cedex 9",
                        "country": "France, France"
                    }
                },
                "email": ""
            },
            {
                "first": "C",
                "middle": [],
                "last": "Vallet",
                "suffix": "",
                "affiliation": {
                    "laboratory": "Service de p\u00e9diatrie m\u00e9dicale",
                    "institution": "CHU de Caen",
                    "location": {
                        "addrLine": "avenue C\u00f4te-de-Nacre, avenue C\u00f4te-de-Nacre",
                        "postCode": "14033, 14033",
                        "settlement": "Caen cedex 9, Caen cedex 9",
                        "country": "France, France"
                    }
                },
                "email": ""
            },
            {
                "first": "J",
                "middle": [],
                "last": "Marie",
                "suffix": "",
                "affiliation": {
                    "laboratory": "Service de p\u00e9diatrie m\u00e9dicale",
                    "institution": "CHU de Caen",
                    "location": {
                        "addrLine": "avenue C\u00f4te-de-Nacre, avenue C\u00f4te-de-Nacre",
                        "postCode": "14033, 14033",
                        "settlement": "Caen cedex 9, Caen cedex 9",
                        "country": "France, France"
                    }
                },
                "email": ""
            },
            {
                "first": "C",
                "middle": [],
                "last": "Faucon",
                "suffix": "",
                "affiliation": {
                    "laboratory": "Service de p\u00e9diatrie m\u00e9dicale",
                    "institution": "CHU de Caen",
                    "location": {
                        "addrLine": "avenue C\u00f4te-de-Nacre, avenue C\u00f4te-de-Nacre",
                        "postCode": "14033, 14033",
                        "settlement": "Caen cedex 9, Caen cedex 9",
                        "country": "France, France"
                    }
                },
                "email": ""
            }
        ]
    },
    "abstract": [
        {
            "text": "L'immaturit\u00e9 du syst\u00e8me immunitaire explique une part de la vuln\u00e9rabilit\u00e9 aux pathog\u00e8nes respiratoires durant l'enfance. Une infection virale respiratoire aigu\u00eb chez l'enfant peut \u00eatre secondaire \u00e0 1 des 200 virus g\u00e9n\u00e9tiquement diff\u00e9rents et identifiables par les outils mol\u00e9culaires. Les cellules cili\u00e9es distribu\u00e9es tout au long de l'\u00e9pith\u00e9lium des voies respiratoires sont la cible des virus. Les \u00e9tudes \u00e9pid\u00e9miologiques rapportent une diminution de la fonction respiratoire chez l'adulte ind\u00e9pendamment de facteurs confondants lorsqu'une pneumonie est survenue avant l'\u00e2ge de 2 voire 7 ans. Cette r\u00e9duction de la fonction respiratoire est le reflet probable de l'atteinte initiale malgr\u00e9 les processus de r\u00e9paration (alt\u00e9ration potentielle de croissance pulmonaire) et \u00e0 l'\u00e2ge adulte d'une acc\u00e9l\u00e9ration du d\u00e9clin physiologique des capacit\u00e9s ventilatoires. Les \u00e9tudes portant sur l'origine des dilatations des bronches retrouvent des ant\u00e9c\u00e9dents de pneumopathies infectieuses plus d'une fois sur deux. Les infections \u00e0 ad\u00e9novirus sont particuli\u00e8rement en cause. Une bronchiolite obstructive post-infectieuse peut survenir m\u00eame chez l'enfant immunocomp\u00e9tent ; le tableau initial est tr\u00e8s souvent pseudo-grippal, puis est marqu\u00e9 par une dissociation entre des signes fonctionnels importants et un examen clinique pauvre. L'\u00e9volution au long cours est peu pr\u00e9visible mais peut conduire \u00e0 l'insuffisance respiratoire chronique l\u00e9tale. Les pneumopathies infiltratives diffuses sont caract\u00e9ris\u00e9es par une infiltration diffuse de la charpente conjonctivale du poumon par des cellules inflammatoires et de la fibrose. Le r\u00f4le des virus dans son d\u00e9veloppement a \u00e9t\u00e9 \u00e9voqu\u00e9 en raison de la pr\u00e9sence d'inclusions cellulaires \u00e9voquant des particules virales dans le poumon d'enfants atteints. Enfin la plupart des \u00e9tudes \u00e9pid\u00e9miologiques soulignent l'association entre une symptomatologie sifflante secondaire \u00e0 une agression virale durant l'enfance et le risque ult\u00e9rieur de d\u00e9veloppement d'un asthme.",
            "cite_spans": [],
            "ref_spans": [],
            "section": "Abstract"
        },
        {
            "text": "Community-acquired viral bronchopneumonia is frequent, particularly in children, and can be associated with all types of respiratory viruses. Immature immunity explains the vulnerability to respiratory pathogens during childhood. Epithelial cells distributed throughout the airway epithelium are the target of viruses. Epidemiological studies report a decrease in respiratory function in adults, regardless of confounding factors, who had pneumonia before the age of 2 or even 7 years. This reduction in respiratory function is a consequence of the initial involvement and of the accelerated physiological decline in adulthood. Studies on the origin of bronchial dilatation have found a history of infectious pneumonia in more than 50% of cases. Adenoviral infections in particular are involved. Postinfectious obstructive bronchiolitis can occur even in immunocompetent children. The initial clinical picture is often flu-like, and is subsequently marked by a dissociation between important functional signs and a poor clinical presentation. The long-term course is not predictable but can lead to lethal chronic respiratory failure. Diffuse infiltrative Perfectionnement en P\u00e9diatrie 2020;xx:1-6 Mise au point pratique Pour citer cet article : Brouard J, et al. Les s\u00e9quelles de virose en pneumop\u00e9diatrie. Perfectionnement en P\u00e9diatrie (2020), https://doi.",
            "cite_spans": [],
            "ref_spans": [],
            "section": "Abstract"
        }
    ],
    "body_text": [
        {
            "text": "L'immaturit\u00e9 du syst\u00e8me immunitaire explique une part de la vuln\u00e9rabilit\u00e9 aux pathog\u00e8nes respiratoires durant l'enfance. Une infection virale respiratoire aigu\u00eb chez l'enfant peut \u00eatre secondaire \u00e0 1 des 200 virus g\u00e9n\u00e9tiquement diff\u00e9rents et identifiables par les outils mol\u00e9culaires. Les cellules cili\u00e9es distribu\u00e9es tout au long de l'\u00e9pith\u00e9lium des voies respiratoires sont la cible des virus. Les \u00e9tudes \u00e9pid\u00e9miologiques rapportent une diminution de la fonction respiratoire chez l'adulte ind\u00e9pendamment de facteurs confondants lorsqu'une pneumonie est survenue avant l'\u00e2ge de 2 voire 7 ans. Cette r\u00e9duction de la fonction respiratoire est le reflet probable de l'atteinte initiale malgr\u00e9 les processus de r\u00e9paration (alt\u00e9ration potentielle de croissance pulmonaire) et \u00e0 l'\u00e2ge adulte d'une acc\u00e9l\u00e9ration du d\u00e9clin physiologique des capacit\u00e9s ventilatoires. Les \u00e9tudes portant sur l'origine des dilatations des bronches retrouvent des ant\u00e9c\u00e9dents de pneumopathies infectieuses plus d'une fois sur deux. Les infections \u00e0 ad\u00e9novirus sont particuli\u00e8rement en cause. Une bronchiolite obstructive post-infectieuse peut survenir m\u00eame chez l'enfant immunocomp\u00e9tent ; le tableau initial est tr\u00e8s souvent pseudo-grippal, puis est marqu\u00e9 par une dissociation entre des signes fonctionnels importants et un examen clinique pauvre. L'\u00e9volution au long cours est peu pr\u00e9visible mais peut conduire \u00e0 l'insuffisance respiratoire chronique l\u00e9tale. Les pneumopathies infiltratives diffuses sont caract\u00e9ris\u00e9es par une infiltration diffuse de la charpente conjonctivale du poumon par des cellules inflammatoires et de la fibrose. Le r\u00f4le des virus dans son d\u00e9veloppement a \u00e9t\u00e9 \u00e9voqu\u00e9 en raison de la pr\u00e9sence d'inclusions cellulaires \u00e9voquant des particules virales dans le poumon d'enfants atteints. Enfin la plupart des \u00e9tudes \u00e9pid\u00e9miologiques soulignent l'association entre une symptomatologie sifflante secondaire \u00e0 une agression virale durant l'enfance et le risque ult\u00e9rieur de d\u00e9veloppement d'un asthme.",
            "cite_spans": [],
            "ref_spans": [],
            "section": "R\u00c9SUM\u00c9"
        },
        {
            "text": "\u00a9 2020 Soci\u00e9t\u00e9 Fran\u00e7aise de P\u00e9diatrie (SFP). Publi\u00e9 par Elsevier Masson SAS. Tous droits r\u00e9serv\u00e9s.",
            "cite_spans": [],
            "ref_spans": [],
            "section": "R\u00c9SUM\u00c9"
        },
        {
            "text": "Community-acquired viral bronchopneumonia is frequent, particularly in children, and can be associated with all types of respiratory viruses. Immature immunity explains the vulnerability to respiratory pathogens during childhood. Epithelial cells distributed throughout the airway epithelium are the target of viruses. Epidemiological studies report a decrease in respiratory function in adults, regardless of confounding factors, who had pneumonia before the age of 2 or even 7 years. This reduction in respiratory function is a consequence of the initial involvement and of the accelerated physiological decline in adulthood. Studies on the origin of bronchial dilatation have found a history of infectious pneumonia in more than 50% of cases. Adenoviral infections in particular are involved. Postinfectious obstructive bronchiolitis can occur even in immunocompetent children. The initial clinical picture is often flu-like, and is subsequently marked by a dissociation between important functional signs and a poor clinical presentation. The long-term course is not predictable but can lead to lethal chronic respiratory failure. Diffuse infiltrative",
            "cite_spans": [],
            "ref_spans": [],
            "section": "SUMMARY"
        },
        {
            "text": "Les infections respiratoires aigu\u00ebs virales des voies a\u00e9riennes inf\u00e9rieures repr\u00e9sentent chez l'enfant de moins de 5 ans une part tr\u00e8s importante de la morbidit\u00e9 infantile. La pr\u00e9dominance virale est prouv\u00e9e. Les virus \u00e0 tropisme respiratoire se r\u00e9pliquent initialement au niveau du nez et du pharynx avant d'infecter de proche en proche les voies a\u00e9riennes basses. La cible des virus est repr\u00e9sent\u00e9e par les cellules cili\u00e9es distribu\u00e9es tout au long de l'\u00e9pith\u00e9lium des voies respiratoires. La prise en compte des virus lors de pathologies respiratoires saisonni\u00e8res date de 1933 par la d\u00e9couverte du virus influenza A (VI), mais l'\u00e9tape marquante du diagnostic des infections respiratoires est l'arriv\u00e9e, dans les ann\u00e9es 1970, des techniques de diagnostic rapide par la d\u00e9tection en immunofluorescence du virus respiratoire syncytial (VRS) dans les s\u00e9cr\u00e9tions respiratoires des nourrissons atteints de bronchiolite aigu\u00eb. ",
            "cite_spans": [],
            "ref_spans": [],
            "section": "INTRODUCTION"
        },
        {
            "text": "L'\u00e2ge a une grande influence dans la survenue des infections respiratoires aigu\u00ebs hautes et basses (IRA) : l'incidence de 240/1000 chez les nourrissons de moins de 1 an, diminue \u00e0 75/ 1000 chez les enfants \u00e2g\u00e9s de 6 \u00e0 8 ans et \u00e0 34/1000 chez ceux de plus de 15 ans. En Europe, 3 \u00e0 18 % des admissions dans les services hospitaliers sont dues aux IRA [1] . Une comorbidit\u00e9 est pr\u00e9sente dans un tiers des cas avec en premier lieu l'asthme (24 %). Pr\u00e8s de 50 % des enfants pr\u00e9sentant une IRA sont \u00e2g\u00e9s de moins de un an [2] . L'Organisation mondiale de la sant\u00e9 estime l'incidence des pneumopathies cliniques chez les moins de 5 ans \u00e0 0,29 \u00e9pisodes par patientann\u00e9e dans les pays en d\u00e9veloppement et \u00e0 0,05 \u00e9pisodes par patient-ann\u00e9e dans les pays d\u00e9velopp\u00e9s. Ceci se traduit par environ 156 millions de nouveaux \u00e9pisodes chaque ann\u00e9e dans le monde, dont 151 millions d'\u00e9pisodes dans les pays en d\u00e9veloppement. Les pneumonies sont responsables d'environ 19 % de tous les d\u00e9c\u00e8s d'enfants de moins de 5 ans, dont plus de 70 % se produisent en Afrique subsaharienne et en Asie du Sud-Est [3] . Une \u00e9tude canadienne souligne le c\u00f4t\u00e9 exceptionnel de ces d\u00e9c\u00e8s chez l'enfant dans les pays \u00e0 haut revenu \u00e9conomique et de couverture vaccinale importante puisqu'elle retient 11 d\u00e9c\u00e8s sur plus de 25 000 admissions p\u00e9diatriques pour pneumopathie dont un seul n'avait aucune comorbidit\u00e9 [4] . Le taux d'identification virale lors de pneumopathies varie entre 43 \u00e0 67 % (moyenne 49 %) selon une synth\u00e8se de 9 \u00e9tudes p\u00e9diatriques [5] . Une \u00e9tude r\u00e9alis\u00e9e durant quatre \u00e9pid\u00e9mies hivernales cons\u00e9cutives, chez des enfants \u00e2g\u00e9s de 1 mois \u00e0 14 ans ayant une pneumonie aigu\u00eb communautaire, a mis en \u00e9vidence au moins un virus dans 73,5 % des cas avec des diff\u00e9rences selon l'\u00e2ge : 90,9 % chez les moins de 1 an ; 80,2 % entre 1 et 4 ans ; 47,9 % chez les plus de 4 ans [6] . Le VRS reste le virus le plus fr\u00e9quemment retrouv\u00e9, mais avec une pr\u00e9valence plus faible que dans les bronchiolites (31,7 %). Les autres virus identifi\u00e9s sont : rhinovirus (24,3 %), HBoV (10,1 %), VI (9,6 %), hMPV \u00c0 court terme, pass\u00e9e la p\u00e9riode aigu\u00eb, les r\u00e9admissions apr\u00e8s une hospitalisation ont une pr\u00e9valence mal pr\u00e9cis\u00e9e. Une \u00e9tude am\u00e9ricaine \u00e9value \u00e0 un mois ce taux ajust\u00e9 \u00e0 5,2 % (interquartile : 5,1-5,4) variant significativement entre les h\u00f4pitaux. Les facteurs de risque de r\u00e9admission ont \u00e9t\u00e9 : un \u00e2ge inf\u00e9rieur \u00e0 1 an, le sexe masculin, la pr\u00e9sence d'une maladie chronique dont l'asthme [7] . Chez les enfants immunod\u00e9prim\u00e9s, l'atteinte respiratoire est plus grave avec une diss\u00e9mination h\u00e9matog\u00e8ne fr\u00e9quente. D'autres virus y sont plus sp\u00e9cifiques ou des virus latents sont r\u00e9activ\u00e9s : Herpesviridae, Adenoviridae. Par ailleurs, l'atteinte respiratoire peut r\u00e9sulter d'une diss\u00e9mination h\u00e9matog\u00e8ne du virus dans les viroses syst\u00e9miques que sont la rougeole ou la varicelle. Une charge virale \u00e9lev\u00e9e et une \u00e9limination plus lente des virus par les voies respiratoires sont une caract\u00e9ristique du sujet immunod\u00e9ficient.",
            "cite_spans": [
                {
                    "start": 350,
                    "end": 353,
                    "text": "[1]",
                    "ref_id": "BIBREF0"
                },
                {
                    "start": 517,
                    "end": 520,
                    "text": "[2]",
                    "ref_id": "BIBREF1"
                },
                {
                    "start": 1082,
                    "end": 1085,
                    "text": "[3]",
                    "ref_id": "BIBREF2"
                },
                {
                    "start": 1373,
                    "end": 1376,
                    "text": "[4]",
                    "ref_id": "BIBREF3"
                },
                {
                    "start": 1514,
                    "end": 1517,
                    "text": "[5]",
                    "ref_id": "BIBREF4"
                },
                {
                    "start": 1849,
                    "end": 1852,
                    "text": "[6]",
                    "ref_id": "BIBREF5"
                },
                {
                    "start": 2459,
                    "end": 2462,
                    "text": "[7]",
                    "ref_id": "BIBREF6"
                }
            ],
            "ref_spans": [],
            "section": "QUELQUES DONN\u00c9ES \u00c9PID\u00c9MIOLOGIQUES DE MORBIDIT\u00c9 ET MORTALIT\u00c9"
        },
        {
            "text": "Chez le nourrisson, les at\u00e9lectasies du lobe sup\u00e9rieur droit ou celles du lobe moyen et chez l'enfant plus \u00e2g\u00e9 celles du lobe inf\u00e9rieur gauche peuvent \u00eatre retrouv\u00e9es au d\u00e9cours d'une virose respiratoire et sont souvent pauci-symptomatiques. La r\u00e9alisation d'un clich\u00e9 thoracique syst\u00e9matique apr\u00e8s une pneumopathie ne r\u00e9pond pas aux recommandations mais doit pneumonitis is characterized by pulmonary diffuse infiltration with inflammatory cells and fibrosis. The role of viruses in its development has been mentioned due to the presence of cellular inclusions evoking viral particles in the lungs of affected children. Finally, most epidemiological studies emphasize the association between wheezing symptoms secondary to viral infection in childhood and the subsequent risk of developing asthma. \u00eatre r\u00e9alis\u00e9e si la r\u00e9cup\u00e9ration clinique n'est pas compl\u00e8te ou si r\u00e9cidive infectieuse. Des particularit\u00e9s anatomiques favorisent l'atteinte du lobe moyen (diminution de la ventilation collat\u00e9rale, implantation de la bronche), celle-ci se traduit par une at\u00e9lectasie chronique d\u00e9finissant le syndrome du lobe moyen. L'at\u00e9lectasie du lobe moyen et celle de la lingula se voient mieux sur le clich\u00e9 de profil sous la forme d'une opacit\u00e9 triangulaire \u00e0 sommet hilaire. Une at\u00e9lectasie extr\u00eame d'un lobe sup\u00e9rieur ou inf\u00e9rieur peut totalement passer inaper\u00e7ue lorsque ces territoires sont plaqu\u00e9s contre le m\u00e9diastin. \u00c0 l'oppos\u00e9, les at\u00e9lectasies peuvent n'affecter que de petits territoires pulmonaires, elles se traduisent par des opacit\u00e9s bien limit\u00e9es, lin\u00e9aires souvent voisines d'une scissure.",
            "cite_spans": [],
            "ref_spans": [],
            "section": "AT\u00c9LECTASIES S\u00c9QUELLAIRES"
        },
        {
            "text": "La bronchite bact\u00e9rienne persistante reste peu d\u00e9crite en France alors qu'elle l'est bien plus dans les pays anglo-saxons (protracted bacterial bronchitis). Elle touche les enfants de moins de 14 ans qui pr\u00e9sentent une toux \u00e9voluant depuis plus de 4 semaines, continue, isol\u00e9e, sans retentissement clinique autre ou radiologique. Cette toux prolong\u00e9e pourrait succ\u00e9der \u00e0 une agression virale mais une r\u00e9ponse th\u00e9rapeutique favorable apr\u00e8s 2 semaines d'amoxicilline-acide clavulanique est un argument diagnostique. Un risque d'\u00e9volution de la bronchite bact\u00e9rienne persistante vers une suppuration bronchopulmonaire chronique pourrait \u00eatre \u00e0 l'origine du d\u00e9veloppement des DDB [8] . Il existe une grande disparit\u00e9 de pr\u00e9valence des DDB selon les r\u00e9gions du monde. Outre une \u00e9pid\u00e9miologie virale diff\u00e9rente, certaines pr\u00e9dispositions g\u00e9n\u00e9tiques expliquent cette distribution g\u00e9ographique, comme cela a \u00e9t\u00e9 soulign\u00e9 en Nouvelle-Z\u00e9lande au sein de la population Maori. Les \u00e9tudes \u00e9pid\u00e9miologiques portant sur les DDB retrouvent des ant\u00e9c\u00e9dents de pneumopathies infectieuses plus d'une fois sur deux. Les infections ad\u00e9novirales sont particuli\u00e8rement en cause. Les bronchectasies peuvent \u00eatre suspect\u00e9es lors de la pr\u00e9sence d'images claires au sein du territoire r\u00e9tract\u00e9. L'examen tomodensitom\u00e9trique thoracique avec des coupes millim\u00e9triques permet de les documenter (Fig. 1) . Les examens isotopiques de perfusion et de ventilation apportent des renseignements sur la valeur fonctionnelle des territoires pulmonaires.",
            "cite_spans": [
                {
                    "start": 676,
                    "end": 679,
                    "text": "[8]",
                    "ref_id": "BIBREF7"
                }
            ],
            "ref_spans": [
                {
                    "start": 1364,
                    "end": 1372,
                    "text": "(Fig. 1)",
                    "ref_id": "FIGREF1"
                }
            ],
            "section": "INFECTION BACT\u00c9RIENNE CHRONIQUE ET DILATATIONS DES BRONCHES (DDB)"
        },
        {
            "text": "Les l\u00e9sions cicatricielles bronchiques ou bronchiolaires sont \u00e0 l'origine de cons\u00e9quences respiratoires \u00e0 long terme. Les bronchiolites oblit\u00e9rantes restent rares, m\u00eame si probablement sous-estim\u00e9es. La BOPI, ou bronchiolite constrictive, est caract\u00e9ris\u00e9e par des ph\u00e9nom\u00e8nes inflammatoires tr\u00e8s importants et fibrosants des petites voies a\u00e9riennes et un parenchyme pulmonaire adjacent peu atteint. Les BOPI succ\u00e8dent \u00e0 un \u00e9pisode infectieux pulmonaire et conduisent \u00e0 une destruction de l'architecture des petites voies a\u00e9riennes remplac\u00e9e par du tissu fibreux avec r\u00e9duction progressive du calibre a\u00e9rien. L'examen histopathologique (Fig. 2) permet de distinguer une bronchiolite oblit\u00e9rante (maladie des voies a\u00e9riennes avec syndrome obstructif), de la bronchiolite prolif\u00e9rative (maladie des espaces a\u00e9riens distaux). Dans cette derni\u00e8re, il existe plut\u00f4t un syndrome restrictif et une diminution de la DLCO, en rapport avec une alv\u00e9olite pr\u00e9dominante (lymphocytose au LBA avec \u00e9l\u00e9vation des polynucl\u00e9aires neutrophiles). L'atteinte bronchiolaire est souvent mineure et correspond \u00e0 la bronchiolite oblit\u00e9rante avec pneumopathie en voie d'organisation (BOOP). La BOPI survenant chez des enfants pr\u00e9alablement sains a \u00e9t\u00e9 principalement d\u00e9crite dans plusieurs pays d'Am\u00e9rique du sud et asiatiques, beaucoup plus rarement en Europe. La responsabilit\u00e9 de certains virus a \u00e9t\u00e9 soulign\u00e9e en particulier l'ad\u00e9novirus (ADV) dont la gravit\u00e9 de quelques s\u00e9rotypes a \u00e9t\u00e9 \u00e9voqu\u00e9 : ADV3, ADV7h, Les s\u00e9quelles de virose en pneumop\u00e9diatrie ADV11 essentiellement trouv\u00e9s en Am\u00e9rique du sud ; ADV3, ADV7 fr\u00e9quemment identifi\u00e9s dans les r\u00e9gions asiatiques. La responsabilit\u00e9 d'autres virus a \u00e9t\u00e9 soulign\u00e9e en particulier : rougeole, influenza, para influenza, VRS, varicelle [9] . Chez un enfant pr\u00e9alablement sain, le diagnostic de BOPI est suspect\u00e9 si les sympt\u00f4mes respiratoires (toux, encombrement, polypn\u00e9e, distension thoracique, sous-cr\u00e9pitants/sibilants localis\u00e9s ou diffus) persistent au-del\u00e0 de 4 \u00e0 6 semaines apr\u00e8s l'\u00e9pisode aigu et ne r\u00e9pondent pas aux traitements ou s'expriment apr\u00e8s une phase de r\u00e9mission apparente. Ensuite peuvent appara\u00eetre des \u00e9pisodes de d\u00e9saturation durant le sommeil, une cassure de la courbe staturopond\u00e9rale, une dyspn\u00e9e d'effort. Dans les formes \u00e9volu\u00e9es peuvent survenir une hypertension art\u00e9rielle pulmonaire (HTAP), une d\u00e9formation squelettique thoracique, un hippocratisme digital. L'affirmation de ce diagnostic repose, apr\u00e8s avoir \u00e9limin\u00e9 d'autres \u00e9tiologies d'obstruction bronchique, sur la r\u00e9alisation d'une imagerie dont une radiographie pulmonaire en inspiration et expiration. Celle-ci montre la persistance d'une distension pulmonaire, localis\u00e9e ou g\u00e9n\u00e9ralis\u00e9e, des at\u00e9lectasies et parfois \u00e9voque la pr\u00e9sence de dilatation des bronches. Le syndrome de Swyer James-MacLeod, ou petit poumon clair unilat\u00e9ral (diminution vascularisation et hypoplasie pulmonaire), est une forme particuli\u00e8re de BOPI. La r\u00e9alisation d'un scanner thoracique avec images en expiration reste l'\u00e9l\u00e9ment pivot du diagnostic : pr\u00e9sence d'at\u00e9lectasies segmentaires (entre 25 \u00e0 45 %), de DDB (entre 35 et 60 %), et surtout de zones segmentaires ou lobulaires d'hyper-clart\u00e9 fixe signant l'hypo-perfusion (Fig. 3) . Le pi\u00e9geage expiratoire et la perfusion en mosa\u00efque (l\u00e9sions des petites voies a\u00e9riennes) sont les \u00e9l\u00e9ments majeurs du diagnostic de BOPI (sensibilit\u00e9 90 %, sp\u00e9cificit\u00e9 80 %, valeur pr\u00e9dictive positive 85 %). Actuellement les donn\u00e9es cliniques et de l'imagerie sont consid\u00e9r\u00e9es comme suffisamment corr\u00e9l\u00e9es aux donn\u00e9es histologiques issues d'une biopsie pour ne plus la r\u00e9aliser en raison des risques op\u00e9ratoires. La scintigraphie pulmonaire de ventilation et de perfusion objective les alt\u00e9rations des rapports ventilation/perfusion (Fig. 4) . L'exploration fonctionnelle respiratoire recherche une r\u00e9duction des d\u00e9bits respiratoires maximaux (VEMS et DEM25-75), une diminution de la capacit\u00e9 vitale forc\u00e9e, une augmentation du volume r\u00e9siduel et, fr\u00e9quemment, une hyperr\u00e9activit\u00e9 bronchique. L'\u00e9volution au long cours est peu pr\u00e9visible. Elle peut \u00eatre prolong\u00e9e, lentement favorable (quelques mois voire ann\u00e9es), mais \u00e9galement conduire \u00e0 l'insuffisance respiratoire chronique l\u00e9tale par persistance du processus inflammatoire. Une \u00e9tude prospective avec un suivi de 3 ans et demi, note une fois sur cinq la r\u00e9mission clinique et radiologique, la persistance des signes respiratoires deux fois sur trois, une oxyg\u00e9no-d\u00e9pendance dans 10 % des cas, une pr\u00e9valence d'hospitalisation de 80 % la premi\u00e8re ann\u00e9e puis 20 % la deuxi\u00e8me ann\u00e9e. Pr\u00e8s de 10 % des nourrissons d\u00e9c\u00e9d\u00e8rent durant les 2 premi\u00e8res ann\u00e9es de suivi [10] . Les options th\u00e9rapeutiques, outre symptomatiques, ne sont pas consensuelles ; certains auteurs ont montr\u00e9 une efficacit\u00e9 des cortico\u00efdes per os \u00e0 la phase initiale. D'autres proposent, d\u00e8s les premiers mois de persistance des sympt\u00f4mes cliniques malgr\u00e9 cette corticoth\u00e9rapie, un traitement mensuel de bolus de m\u00e9thylprednisolone intraveineuse \u00e0 forte dose 3 jours de suite (pulsoth\u00e9rapie) avec un minimum de 3 cycles. L'apport de l'azythromycine reste d\u00e9battu.",
            "cite_spans": [
                {
                    "start": 1761,
                    "end": 1764,
                    "text": "[9]",
                    "ref_id": "BIBREF8"
                },
                {
                    "start": 4643,
                    "end": 4647,
                    "text": "[10]",
                    "ref_id": "BIBREF9"
                }
            ],
            "ref_spans": [
                {
                    "start": 634,
                    "end": 642,
                    "text": "(Fig. 2)",
                    "ref_id": "FIGREF4"
                },
                {
                    "start": 3215,
                    "end": 3223,
                    "text": "(Fig. 3)",
                    "ref_id": "FIGREF2"
                },
                {
                    "start": 3760,
                    "end": 3768,
                    "text": "(Fig. 4)",
                    "ref_id": "FIGREF3"
                }
            ],
            "section": "LES BRONCHIOLITES OBLIT\u00c9RANTES POST-INFECTIEUSES (BOPI)"
        },
        {
            "text": "Des \u00e9tudes \u00e9pid\u00e9miologiques britanniques ont rapport\u00e9 une diminution de la fonction respiratoire chez l'adulte lorsqu'une pneumonie ou une bronchite survenait avant l'\u00e2ge de 2 ans. D'autres soulignent que la p\u00e9riode vuln\u00e9rabilit\u00e9 pulmonaire peut se prolonger jusqu'\u00e0 l'\u00e2ge de 7 ans et les s\u00e9quelles fonctionnelles tardives sont ind\u00e9pendantes de facteurs confondants tels : tabagisme passif, taille de la famille, poids de naissance, pollution int\u00e9rieure. Cette r\u00e9duction de la fonction respiratoire est le reflet probable de l'atteinte initiale et d'un d\u00e9clin physiologique acc\u00e9l\u00e9r\u00e9 \u00e0 l'\u00e2ge adulte. La responsabilit\u00e9 de ces infections respiratoires pr\u00e9coces sur la survenue de bronchite chronique chez l'adulte semble avoir un lien de causalit\u00e9 plus fort que le tabagisme [11] .",
            "cite_spans": [
                {
                    "start": 772,
                    "end": 776,
                    "text": "[11]",
                    "ref_id": "BIBREF10"
                }
            ],
            "ref_spans": [],
            "section": "DIMINUTION DE LA FONCTION RESPIRATOIRE"
        },
        {
            "text": "La plupart des \u00e9tudes \u00e9pid\u00e9miologiques soulignent l'association entre une symptomatologie sifflante secondaire \u00e0 une agression virale durant l'enfance et le risque ult\u00e9rieur de d\u00e9veloppement d'un asthme. La gravit\u00e9 de l'atteinte respiratoire initiale semble \u00eatre un facteur pr\u00e9dictif de survenue d'asthme. Une m\u00e9ta-analyse de 15 \u00e9tudes \u00e9pid\u00e9miologiques m\u00e9thodologiquement valid\u00e9es comparant le devenir des nourrissons hospitalis\u00e9s pour bronchiolite VRS positif versus ceux VRS n\u00e9gatif souligne une \u00e9l\u00e9vation significative de l'incidence d'asthme ult\u00e9rieur (OR : 3,84 ; IC95 % : 3,23-4,58) ; plus de 1 enfant sur 5 hospitalis\u00e9 la premi\u00e8re ann\u00e9e de vie d\u00e9veloppe un asthme dans ses 5 premi\u00e8res ann\u00e9es [12] . Le VRS est l'agent majeur des bronchiolites hospitalis\u00e9es, mais une s\u00e9miologie identique d'atteinte par les E/RV a un poids pr\u00e9dictif sup\u00e9rieur sur la survenue d'un asthme. L'analyse de donn\u00e9es de patients hospitalis\u00e9s pour atteintes respiratoires sifflantes avec une stratification selon l'\u00e2ge et le mois de survenue ainsi que le statut atopique, a permis d'identifier deux populations. Les enfants de moins de 3 ans sont principalement hospitalis\u00e9s entre d\u00e9cembre et mars, avec un taux d'identification virale sup\u00e9rieur \u00e0 80 % o\u00f9 le VRS domine sans que ces patients soient plus atopiques que les t\u00e9moins. Ceux \u00e2g\u00e9s de 3 \u00e0 18 ans sont hospitalis\u00e9s particuli\u00e8rement de septembre \u00e0 novembre, l'identification virale est plus faible, autour de 60 % et retrouvant quasiment exclusivement E/RV, et par rapport aux t\u00e9moins le terrain atopique pr\u00e9domine [13] . La s\u00e9v\u00e9rit\u00e9 des atteintes respiratoires infectieuses \u00e0 E/RV, surtout chez les nourrissons \u00e0 haut-risque atopique, est corr\u00e9l\u00e9e au risque d'asthme durant l'enfance. Toutes les \u00e9tudes de cohortes n\u00e9onatales montrent que les sifflements durant la prime enfance sont communs lors des infections respiratoires, que ceux-ci sont le plus souvent transitoires mais que certains pr\u00e9senteront un ph\u00e9notype clinique persistant indicateur d'un asthme pr\u00e9coce et ce ph\u00e9notype est clairement associ\u00e9 avec une sensibilisation pr\u00e9coce voire pr\u00e9existante aux a\u00e9ro-allerg\u00e8nes [14] .",
            "cite_spans": [
                {
                    "start": 699,
                    "end": 703,
                    "text": "[12]",
                    "ref_id": "BIBREF11"
                },
                {
                    "start": 1554,
                    "end": 1558,
                    "text": "[13]",
                    "ref_id": "BIBREF12"
                },
                {
                    "start": 2119,
                    "end": 2123,
                    "text": "[14]",
                    "ref_id": "BIBREF13"
                }
            ],
            "ref_spans": [],
            "section": "LIENS ENTRE INFECTIONS VIRALES RESPIRATOIRES ET ASTHME"
        },
        {
            "text": "Il est n\u00e9cessaire de souligner la faiblesse des \u00e9tudes sur les cons\u00e9quences \u00e0 long terme des infections respiratoires virales de l'enfance. Ce manque est aggrav\u00e9 par la taille r\u00e9duite des populations incluses dans les publications en opposition avec la charge sanitaire importante que repr\u00e9sentent ces infections surtout en ville. Il est important d'initier des \u00e9tudes \u00e9pid\u00e9miologiques sp\u00e9cifiques de zones g\u00e9ographiques repr\u00e9sentatives de la population prise en charge. La radiographie thoracique est le crit\u00e8re diagnostique essentiel pour identifier et localiser les complications apr\u00e8s une agression virale. La survenue de ces s\u00e9quelles doit conduire \u00e0 des explorations approfondies et une prise en charge th\u00e9rapeutique sp\u00e9cialis\u00e9e au sein d'une \u00e9quipe multidisciplinaire afin de minimiser le risque \u00e9volutif vers une d\u00e9gradation acc\u00e9l\u00e9r\u00e9e de la fonction pulmonaire qui s'exprimera \u00e0 l'\u00e2ge adulte (Fig. 5) .",
            "cite_spans": [],
            "ref_spans": [
                {
                    "start": 900,
                    "end": 908,
                    "text": "(Fig. 5)",
                    "ref_id": "FIGREF5"
                }
            ],
            "section": "CONCLUSION"
        },
        {
            "text": "Les auteurs d\u00e9clarent ne pas avoir de liens d'int\u00e9r\u00eats.",
            "cite_spans": [],
            "ref_spans": [],
            "section": "D\u00e9claration de liens d'int\u00e9r\u00eats"
        },
        {
            "text": "Plus de 200 virus antig\u00e9niquement distincts, appartenant \u00e0 8 genres diff\u00e9rents, sont susceptibles d'atteindre l'arbre respiratoire dans son ensemble. M\u00eame chez l'enfant ant\u00e9rieurement sain, les infections virales respiratoires peuvent marquer le d\u00e9but d'une pathologie r\u00e9cidivante ou chronique. Complication rare mais redout\u00e9e et sous-\u00e9valu\u00e9e, la bronchiolite oblit\u00e9rante post-infectieuse doit \u00eatre \u00e9voqu\u00e9e en cas de persistance de sympt\u00f4mes fonctionnels. Le virus de la rougeole et certains types d'ad\u00e9novirus semblent \u00eatre les agents \u00e9tiologiques les plus agressifs. Les alt\u00e9rations bronchiolaires et bronchiques peuvent \u00eatre \u00e0 l'origine de l\u00e9sions d\u00e9finitives. Celles-ci entra\u00eenent une hypox\u00e9mie chronique avec tendance au pi\u00e9geage de l'air \u00e0 l'expiration, les bronchectasies sont dites terminales. Les infections respiratoires pr\u00e9coces de l'enfance semblent avoir un lien de causalit\u00e9 important avec la survenue de bronchite chronique chez l'adulte.",
            "cite_spans": [],
            "ref_spans": [],
            "section": "Points essentiels"
        }
    ],
    "bib_entries": {
        "BIBREF0": {
            "ref_id": "b0",
            "title": "Viral pneumoniae in children: incidence and aetiology",
            "authors": [
                {
                    "first": "C",
                    "middle": [
                        "A"
                    ],
                    "last": "Sinaniotis",
                    "suffix": ""
                }
            ],
            "year": 2004,
            "venue": "Paediatr Respir Rev",
            "volume": "5",
            "issn": "",
            "pages": "197--200",
            "other_ids": {}
        },
        "BIBREF1": {
            "ref_id": "b1",
            "title": "Epidemiology of respiratory infections in young children: insights from the new vaccine surveillance network",
            "authors": [
                {
                    "first": "M",
                    "middle": [
                        "R"
                    ],
                    "last": "Griffin",
                    "suffix": ""
                },
                {
                    "first": "F",
                    "middle": [
                        "J"
                    ],
                    "last": "Walker",
                    "suffix": ""
                },
                {
                    "first": "M",
                    "middle": [
                        "K"
                    ],
                    "last": "Iwane",
                    "suffix": ""
                }
            ],
            "year": 2004,
            "venue": "Pediatr Infect Dis J",
            "volume": "23",
            "issn": "11",
            "pages": "188--92",
            "other_ids": {}
        },
        "BIBREF2": {
            "ref_id": "b2",
            "title": "Epidemiology and etiology of childhood pneumonia",
            "authors": [
                {
                    "first": "I",
                    "middle": [],
                    "last": "Rudan",
                    "suffix": ""
                },
                {
                    "first": "C",
                    "middle": [],
                    "last": "Boschi-Pinto",
                    "suffix": ""
                },
                {
                    "first": "Z",
                    "middle": [],
                    "last": "Biloglav",
                    "suffix": ""
                }
            ],
            "year": 2008,
            "venue": "Bull World Health Organ",
            "volume": "86",
            "issn": "",
            "pages": "408--424",
            "other_ids": {}
        },
        "BIBREF3": {
            "ref_id": "b3",
            "title": "Pneumonia after implementation of the pneumococcal conjugate vaccine program in the province of Quebec",
            "authors": [
                {
                    "first": "P",
                    "middle": [],
                    "last": "De Wals",
                    "suffix": ""
                },
                {
                    "first": "Robin",
                    "middle": [
                        "E"
                    ],
                    "last": "Fortin",
                    "suffix": ""
                },
                {
                    "first": "E",
                    "middle": [],
                    "last": "",
                    "suffix": ""
                }
            ],
            "year": 2008,
            "venue": "Canada. Pediatr Infect Dis J",
            "volume": "27",
            "issn": "",
            "pages": "963--971",
            "other_ids": {}
        },
        "BIBREF4": {
            "ref_id": "b4",
            "title": "Viral pneumonia",
            "authors": [
                {
                    "first": "O",
                    "middle": [],
                    "last": "Ruuskanen",
                    "suffix": ""
                },
                {
                    "first": "E",
                    "middle": [],
                    "last": "Lahti",
                    "suffix": ""
                },
                {
                    "first": "L",
                    "middle": [],
                    "last": "Jennings",
                    "suffix": ""
                }
            ],
            "year": 2011,
            "venue": "Lancet",
            "volume": "377",
            "issn": "",
            "pages": "1264--75",
            "other_ids": {}
        },
        "BIBREF5": {
            "ref_id": "b5",
            "title": "Impact of viral infections in children with community-acquired pneumonia: results of a study of 17 respiratory viruses",
            "authors": [
                {
                    "first": "S",
                    "middle": [],
                    "last": "Esposito",
                    "suffix": ""
                },
                {
                    "first": "C",
                    "middle": [],
                    "last": "Daleno",
                    "suffix": ""
                },
                {
                    "first": "G",
                    "middle": [],
                    "last": "Prunotto",
                    "suffix": ""
                }
            ],
            "year": 2013,
            "venue": "Influenza Other Respir Viruses",
            "volume": "7",
            "issn": "",
            "pages": "18--26",
            "other_ids": {}
        },
        "BIBREF6": {
            "ref_id": "b6",
            "title": "Pediatric readmissions after hospitalizations for lower respiratory infections",
            "authors": [
                {
                    "first": "M",
                    "middle": [
                        "M"
                    ],
                    "last": "Nakamura",
                    "suffix": ""
                },
                {
                    "first": "A",
                    "middle": [
                        "M"
                    ],
                    "last": "Zaslavsky",
                    "suffix": ""
                },
                {
                    "first": "S",
                    "middle": [
                        "L"
                    ],
                    "last": "Toomey",
                    "suffix": ""
                }
            ],
            "year": 2017,
            "venue": "Pediatrics",
            "volume": "140",
            "issn": "",
            "pages": "",
            "other_ids": {
                "DOI": [
                    "10.1542/peds.2016-0938"
                ]
            }
        },
        "BIBREF7": {
            "ref_id": "b7",
            "title": "Protracted bacterial bronchitis: the last decade and the road ahead",
            "authors": [
                {
                    "first": "A",
                    "middle": [
                        "B"
                    ],
                    "last": "Chang",
                    "suffix": ""
                },
                {
                    "first": "J",
                    "middle": [
                        "W"
                    ],
                    "last": "Upham",
                    "suffix": ""
                },
                {
                    "first": "I",
                    "middle": [
                        "B"
                    ],
                    "last": "Masters",
                    "suffix": ""
                }
            ],
            "year": 2016,
            "venue": "Pediatr Pulmonol",
            "volume": "51",
            "issn": "",
            "pages": "225--267",
            "other_ids": {}
        },
        "BIBREF8": {
            "ref_id": "b8",
            "title": "Postinfectious bronchiolitis obliterans in children: the South American contribution",
            "authors": [
                {
                    "first": "J",
                    "middle": [
                        "A"
                    ],
                    "last": "Castro-Rodriguez",
                    "suffix": ""
                },
                {
                    "first": "V",
                    "middle": [],
                    "last": "Giubergia",
                    "suffix": ""
                },
                {
                    "first": "G",
                    "middle": [
                        "B"
                    ],
                    "last": "Fischer",
                    "suffix": ""
                }
            ],
            "year": 2014,
            "venue": "Acta Paediatr",
            "volume": "103",
            "issn": "",
            "pages": "913--934",
            "other_ids": {}
        },
        "BIBREF9": {
            "ref_id": "b9",
            "title": "Clinical course of post infectious bronchiolitis obliterans",
            "authors": [
                {
                    "first": "L",
                    "middle": [],
                    "last": "Zhang",
                    "suffix": ""
                },
                {
                    "first": "K",
                    "middle": [],
                    "last": "Irion",
                    "suffix": ""
                },
                {
                    "first": "H",
                    "middle": [],
                    "last": "Kozakewich",
                    "suffix": ""
                }
            ],
            "year": 2000,
            "venue": "Pediatr Pulmonol",
            "volume": "29",
            "issn": "",
            "pages": "341--50",
            "other_ids": {}
        },
        "BIBREF10": {
            "ref_id": "b10",
            "title": "Childhood respiratory infection and adult chronic bronchitis in England and Wales",
            "authors": [
                {
                    "first": "D",
                    "middle": [
                        "J"
                    ],
                    "last": "Barker",
                    "suffix": ""
                },
                {
                    "first": "C",
                    "middle": [],
                    "last": "Osmond",
                    "suffix": ""
                }
            ],
            "year": 1986,
            "venue": "Br Med J",
            "volume": "293",
            "issn": "",
            "pages": "1271--1276",
            "other_ids": {}
        },
        "BIBREF11": {
            "ref_id": "b11",
            "title": "Association between respiratory syncytial virus hospitalizations in infants and respiratory sequelae: systematic review and meta-analysis",
            "authors": [
                {
                    "first": "S",
                    "middle": [
                        "A"
                    ],
                    "last": "Regnier",
                    "suffix": ""
                },
                {
                    "first": "J",
                    "middle": [],
                    "last": "Huels",
                    "suffix": ""
                }
            ],
            "year": 2013,
            "venue": "Pediatr Infect Dis J",
            "volume": "32",
            "issn": "",
            "pages": "820--826",
            "other_ids": {}
        },
        "BIBREF12": {
            "ref_id": "b12",
            "title": "Season of infant bronchiolitis and estimates of subsequent risk and burden of early childhood asthma",
            "authors": [
                {
                    "first": "K",
                    "middle": [
                        "N"
                    ],
                    "last": "Carroll",
                    "suffix": ""
                },
                {
                    "first": "P",
                    "middle": [],
                    "last": "Wu",
                    "suffix": ""
                },
                {
                    "first": "T",
                    "middle": [],
                    "last": "Gebretsadik",
                    "suffix": ""
                }
            ],
            "year": 2009,
            "venue": "J Allergy Clin Immunol",
            "volume": "123",
            "issn": "",
            "pages": "964--970",
            "other_ids": {}
        },
        "BIBREF13": {
            "ref_id": "b13",
            "title": "Viral infections and atopy in asthma pathogenesis: new rationales for asthma prevention and treatment",
            "authors": [
                {
                    "first": "P",
                    "middle": [
                        "G"
                    ],
                    "last": "Holt",
                    "suffix": ""
                },
                {
                    "first": "P",
                    "middle": [
                        "D"
                    ],
                    "last": "Sly",
                    "suffix": ""
                }
            ],
            "year": 2012,
            "venue": "Nat Med",
            "volume": "18",
            "issn": "",
            "pages": "726--761",
            "other_ids": {}
        }
    },
    "ref_entries": {
        "FIGREF0": {
            "text": "). Dans 26,9 % des cas, deux ou plusieurs virus ont \u00e9t\u00e9 identifi\u00e9s ; la co-infection la plus fr\u00e9quente implique VRS et rhinovirus (27,3 %) puis suivent rhinovirus et HCoV (9,4 %), rhinovirus et HBoV (9,4 %), VRS et HCoV (9,4 %), VRS et HBoV (8,5 %).",
            "latex": null,
            "type": "figure"
        },
        "FIGREF1": {
            "text": "Clich\u00e9 thoracique et tomodensitom\u00e9trie (TDM) pulmonaire. Dilatations des bronches du lobe inf\u00e9rieur gauche.",
            "latex": null,
            "type": "figure"
        },
        "FIGREF2": {
            "text": "Tomodensitom\u00e9trie (TDM) pulmonaire en expiration. BOPI. Pr\u00e9sence d'at\u00e9lectasies segmentaires (lobe inf\u00e9rieur gauche), de dilatations des bronches (lobe moyen), de zones segmentaires ou lobulaires d'hyper-clart\u00e9 fixe signant l'hypoperfusion (image en mosa\u00efque). BOPI : bronchiolite oblit\u00e9rante post-infectieuse.",
            "latex": null,
            "type": "figure"
        },
        "FIGREF3": {
            "text": "Scintigraphie pulmonaire de ventilation et de perfusion, incidences post\u00e9rieures. D\u00e9fect ventilatoire et perfusionnel complet du lobe inf\u00e9rieur droit.",
            "latex": null,
            "type": "figure"
        },
        "FIGREF4": {
            "text": "Histologie de bronchiolite oblit\u00e9rante post-VRS. Infiltration, desquamation et bouchon intra-luminal. VRS : virus respiratoire syncytial.",
            "latex": null,
            "type": "figure"
        },
        "FIGREF5": {
            "text": "Synth\u00e8se de l'\u00e9volution clinique apr\u00e8s atteinte virale du tractus respiratoire. cet article : Brouard J, et al. Les s\u00e9quelles de virose en pneumop\u00e9diatrie. Perfectionnement en P\u00e9diatrie (2020), https://doi.org/10.1016/j.perped.2020.03.007",
            "latex": null,
            "type": "figure"
        },
        "TABREF0": {
            "text": "Outre le VRS et le VI, d'autres virus respiratoires importants ont \u00e9t\u00e9 d\u00e9couverts ces 30 derni\u00e8res ann\u00e9es dont les virus para influenza (VPI), les ent\u00e9ro-rhinovirus (E/RV), les ad\u00e9novirus (ADV). Les ann\u00e9es 1990 ont vu le d\u00e9veloppement des techniques d'amplification mol\u00e9culaires (PCR) ; celles-ci sont maintenant r\u00e9alis\u00e9es par des automates. Ces techniques ont \u00e9largi le panorama d'identification virale dont les m\u00e9tapneumovirus (hMPV), les coronavirus (HCoV), le bocavirus (HBoV). On \u00e9voque le chiffre de 200 virus g\u00e9n\u00e9tiquement diff\u00e9rents identifiables chez les enfants atteints d'une infection virale respiratoire aigu\u00eb haute ou basse. Ces outils de d\u00e9tection sont s\u00e9curis\u00e9s ce qui r\u00e9pond \u00e0 l'\u00e9mergence de virus dangereux, tels les r\u00e9cents coronavirus (SARS, MERS, Covid-19) ou les virus influenza d'origine aviaire.",
            "latex": null,
            "type": "table"
        }
    },
    "back_matter": []
}